"CUISINE_ID","DISH_LIKED","CUISINES"
54,"Chicken Kasha, Tawa Roti, Manchurian, Mutton Curry, Mutton Kosha, Prawn","North Indian, Chinese, Oriya, Mithai"
55,"Noodles, Watermelon Mint Mojito, Rendang Curry, Laksa, Dimsum Platter, Spinach Corn Cheese, Phad Thai","Thai, Asian, Indonesian"
56,"Burgers, Fries","Burger, Fast Food, Beverages"
57,"Pasta, Pizza","North Indian, Chinese, Continental"
58,"Hot Wings","Burger, Fast Food"
59,"Ulavacharu, Biryani, Bangla Kodi, Rajugari Kodi Pulao, Curd Rice, Gadwal Kodi Pulao, Plain Rice","Andhra, North Indian, Chinese"
60,"Rolls, Beda Roti, Chicken Malai Roll, Paneer Roll, Peri Peri Chicken, Mutton Baida Roti, Chicken Beda","Rolls, North Indian, Fast Food"
61,"Chicken Tikka, Faluda, Raita, Tarkari Biryani, Lamb, Butter Naan, Fish","North Indian, Seafood"
62,"\N","North Indian, Fast Food, South Indian"
63,"Donne Biryani, Chilli Chicken, Chicken Guntur, Mutton Biryani, Mutton Thali, Chicken Biryani","Biryani"
64,"Cheesecake, Chocolate Decadence","Bakery, Desserts"
65,"\N","American, Thai, Healthy Food"
66,"Cocktails, Butter Chicken, Vegetable Biryani, Beer, Tandoori Chicken, Nachos, Roti","North Indian, South Indian, Andhra, Chinese"
67,"Chaat, Chips, Dahipuri, Masala Poori","Street Food"
68,"Filter Coffee, Kharabath, Tea, Idli Vada, Khara Bhath, Kesari Bath, Crispy Vada","South Indian"
69,"Ferrero Rocher Cake, Chocolate Cake","Bakery, Desserts"
70,"Waffles, Red Velvet Waffle, Brownie Sundae, Nutella Waffle","Desserts, Beverages"
71,"Donut, Burgers, Coffee","Burger, Desserts, Fast Food"
72,"Chaat, Paratha, Badam Milk, Gulab Jamun, Masala Poori, Sev Puri","Mithai, Street Food"
73,"Pizza, Beer, Pasta","Finger Food, Continental, Pizza, Asian, North Indian"
74,"Cocktails, Burgers, Pasta, Exotic Pizza, Honey Chilli Potatoes, Long Island Iced Tea, Nachos","Continental, American, North Indian, Chinese"
75,"Chocolate Momos, Burgers, Noodles, Burger Combo, Momo Burger, Veg Momos, Mushroom Momo","Tibetan, Momos"
125,"Vada, Coffee, Vegetable Biryani, Idli, Cheese Masala Dosa, Chole Bhature","South Indian, Chinese, North Indian"
126,"Rolls, Chicken Wrap, Veggie Wrap, Thali, Paneer Curry, Sabudana Vada, Sabudana Kheer","North Indian, Biryani, Fast Food"
127,"\N","Italian, Beverages"
128,"Chilli Babycorn, Egg Chilli, Chicken Curry, Palak Paneer, Sweet Lassi, Chaach, Butter Chicken","North Indian"
129,"Butter Chicken, Dal Makhani, Jeera Rice, Kulcha","North Indian"
130,"Rolls, Chocolate Fantasy, Chicken Rice, Chocolava, Paneer Wrap, Kheer, Veggie Wrap","North Indian, Biryani, Fast Food"
131,"Fish, Chicken Satay, Momos, Sweet Corn Soup, Clear Soup, Hakka Noodles, Chop Suey","Chinese, Momos, Thai, Vietnamese"
132,"Chicken Masala, Butter Naan, Shaadi Ki Biryani, Chicken Shawarama, Mutton Curry, Chicken Grill, Chicken Satay","North Indian, Mughlai, South Indian, Chinese"
133,"Pizza Crispy Crunch, Garlic Bread, Paneer Pizza, Pasta, Pane Pizza","Pizza, Fast Food"
134,"Rice Bowl, Hot Wings, Popcorn Chicken, Crispy Chicken, Rice Bowls, Zinger Burger","Burger, Fast Food"
135,"Hot Chocolate, Chicken Sandwich, Cappuccino, Hot Coffee, Hazelnut Latte, Tea","Cafe, Desserts"
136,"Fish, Mashed Potato, Cod","Mediterranean"
137,"Chaat, Pav Bhaji, Raj Kachori, Buttermilk, Ajwaini Paratha, Tawa Pulav, Sev Puri","North Indian"
138,"\N","Biryani, Fast Food, Mughlai"
139,"Faluda, Rabri, Malai Kulfi","Ice Cream, Desserts, Juices"
140,"Biryani, Gulab Jamun","Biryani, North Indian"
141,"Courteous Staff","Ice Cream, Desserts, Rolls"
142,"Biryani, Chicken Fry","Biryani, South Indian"
143,"Sandwiches, Pasta, Pizza, Fries, Brownie Shake","Cafe, Sandwich, Burger"
144,"Mocktails, Kimchi, Sushi, Ginger Tea, Pork Bibimbap, Chicken Sizzler, Salads","Korean"
145,"Benne Dosa, Idli Vada, Biryani, Cheese Masala Dosa, Filter Coffee, Paper Plain Dosa","South Indian, North Indian, Chinese, Beverages"
146,"Vegetable Biryani, Meetha Paan, Chana Masala, Sweet Lassi, Chicken Handi, Tandoori Aloo, Tandoori Chicken","North Indian"
147,"Momos, Chilli Chicken, Sweet Corn Chicken Soup, Wonton Soup, Crispy Noodle, Chicken Garlic Noodle","Chinese, Thai"
148,"Garlic Bread, Peppy Paneer Pizza, Chocolava Cake, Cheese Burst Pizza","Pizza, Fast Food"
149,"Ghee Rice, Chicken Grill, Alfam Chicken, Mutton Biryani, Fruit Salad, Peri Peri Chicken, Shawarma","North Indian, Mughlai, South Indian, Chinese"
150,"Chaat, Chole Bhature, Pav Bhaji, Gulab Jamun, Bhel Puri, Paneer Pakora","Street Food, Beverages, South Indian, North Indian, Ice Cream, Mithai, Rajasthani"
151,"Paneer Tikka, Pasta, Chilli Chicken, Pizza, Mocktails, Tandoori Aloo, Chowmein","Continental, Mexican, Chinese, North Indian"
152,"Mocktails, Chaat, Paneer Tikka, Vegetarian, Handi Biryani, Pasta, Tandoori Platter","North Indian"
153,"Chicken Tikka Roll","North Indian, Chinese, Kebab, Beverages"
154,"Vada, Thatte Idli, Kesari Bath","South Indian"
374,"Decor","Ice Cream, Desserts"
375,"Idli Vada, Masala Dosa, Filter Coffee, Curd Rice","South Indian, North Indian, Chinese"
376,"Garlic Bread, Burst Pizza","Pizza, Fast Food"
377,"Samosa","Bakery"
378,"Burgers, Fries, Wood Fire Pizza","Italian, American, Fast Food, Wraps, Rolls, Salad"
379,"Chocolate Truffle Cake, Cheesecake","Desserts"
380,"Swiss Roll","Bakery, Desserts, Sandwich"
381,"Chicken Burger, Rolls, Tea, Fries, Kathi Roll, Sandwich, Mango Juice","Arabian, Fast Food"
382,"Biryani, Mutton Chops, Lime Soda","Andhra, North Indian"
383,"Shawarma, Chicken Grill, Grape Juice, Biryani, Rolls, Paratha, Veggie Roll","North Indian, Kebab, Fast Food"
384,"Lassi, Buttermilk, Tandoori Chicken, Mutton Biryani, Dhania Chicken, Mutton Roganjosh, Naan","North Indian"
385,"Sandwiches, Oreo Shake","Beverages, Juices, Fast Food"
386,"Rabri, Mutton Roganjosh, Tandoori Roti, Shahi Tukda, Naan, Mutton Seekh, Malai Kofta","Mughlai, North Indian, Turkish, Afghan"
387,"Idli, Masala Dosa","North Indian, South Indian, Chinese"
388,"Burgers, Pancakes, Steak, Beef Burger, Oreo Thick Shakes, Chicken Juicy Burger, Pasta","Continental, Burger, Cafe, Steak"
389,"Tabakh Maaz, Phirni, Mutton Kanti, Saffron Kahwa, Tea, Mutton Roganjosh, Meat Balls","Kashmiri, Cafe"
390,"Chicken Biryani","Hyderabadi, Biryani, North Indian"
391,"Rolls, Momos, Biryani, Veggie Roll, Vada, Paratha","Fast Food, Rolls, Momos"
392,"Shawarma, Mutton Biryani, Angara Kebab, Chicken Grill, Ghee Rice","Arabian, Mughlai, North Indian, Chinese, Rolls"
393,"Cocktails, Corn Fritters, Sangria, Butter Chicken, Paneer Steak, Chicken Steak, Chicken Cutlet","Asian, Burger, Chinese, Finger Food"
394,"Schezwan Momos, Noodles","Tibetan, Momos"
395,"Deluxe Thali, Chole Bhature","North Indian, Chinese"
396,"Fries, Lunch Buffet, Appam, Manchow Soup, Paneer Tikka, Vegetable Stew, Biryani","South Indian, North Indian, Chinese, Biryani"
397,"Pasta, Sandwiches","Cafe, Sandwich, Burger"
398,"Rolls, Salads, Salad, Sandwiches, Pasta, Burgers, Croissants","Healthy Food, Chinese, Biryani, North Indian, Continental, Salad, American, Burger"
399,"Chicken Boneless Biryani, Egg Curry, Andhra Biryani, Hyderabadi Biryani, Paneer Biryani, Buttermilk, Sea Food","Biryani, Andhra, North Indian, Seafood"
400,"Noodles, Momos, Veg Sizzler, Chicken Teriyaki Bao, Vegetable Dumplings","Chinese, Asian"
401,"Rolls","Fast Food, Rolls"
402,"Cocktails, Beer, Potato Wedges, Pizza, Long Island Iced Tea, Peri Peri Fries, Chilli Chicken","Finger Food, American, Asian, Italian"
403,"Waffles","Beverages, Desserts"
404,"Crabmeat Soup, Sesame Chicken, Clear Soup, Peking Duck, Crispy Lotus Stem, Jasmine Tea, Sea Food","Chinese"
405,"Chicken Manchow Soup, Hunan Chicken, Hakka Noodles, Momos, Mixed Fried Rice, Prawn, Spring Roll","Chinese, Momos"
406,"Strawberry Cake","Bakery, Desserts"
521,"Prawn, Dal Makhani, Fish, Shahi Tukda, Barfi, Pizza, Veg Mushroom","Continental, North Indian, Asian, Italian"
522,"Lassi, Hyderabadi Biryani, Tandoori Chicken, Lemon Chicken, Chicken Dum Biryani, Prawn Biryani, Boneless Biryani","Biryani, Hyderabadi, Andhra, North Indian"
523,"Paratha, Chicken Kebab, Biryani, Lassi, Butter Chicken, Chicken Curry, Veg Kolhapuri","North Indian"
524,"Vegetable Biryani, Barbeque Chicken, Pepper Bbq Chicken, Shawarma, Sea Food, Paneer Tikka, Tomato Soup","BBQ, Arabian, Chinese, North Indian, Desserts"
525,"Cocktails, Pizza, Mocktails, Jalapeno Nuggets, Chicken Tikka, Fish Grill, Steak","Continental, Modern Indian"
526,"Burgers, Crispy Chicken, Chicken Grill, Fiery Chicken, Chicken Wings, Ginger Chicken, Rice Bowl","Burger, Fast Food"
527,"Kerala Parotta, Tandoori Chicken","North Indian, Chinese, Middle Eastern"
528,"Dahi Kebab, Nalli Nihari, Lamb, Rich Chicken Broth, Tashkent Naan, Paneer Tikka, Aam Panna","North Indian"
529,"Vegetable Biryani","North Indian, Chinese, Arabian, Mughlai"
530,"Mushroom Biryani, Bamboo Chicken, Pot Biryani, Chicken Biryani, Paneer Biryani, Mutton Biryani, Dum Biryani","Andhra, Biryani, North Indian, Chinese"
531,"Deep Dish Pizza, Mocktails, Burgers, Onion Rings, Thin Crust Pizza, Chicken Tenders, Pasta","American, Italian"
532,"Burgers, Peri Peri Fries","Fast Food, Burger"
533,"\N","Thai, Chinese"
534,"\N","Desserts, Sandwich, Fast Food, Beverages"
535,"Burgers, Macaroon, Eclair, Coffee, Sandwich, Fries, Hot Chocolate","Cafe, Beverages"
536,"\N","Fast Food, Ice Cream, Pizza, Desserts"
537,"Masala Prawn, Mutton Kosha, Thali, Mutton Curry, Luchi, Fish Cutlet, Bengali Pulao","Bengali"
538,"Vada, Masala Dosa, Coffee, Akki Rottis, Idli Chutney, Curd Rice, Ghee Roast Dosa","South Indian"
539,"Aam Panna, Pasta, Paneer Tikka, Biryani, Pav Bhaji, Veg Pulao, Nachos","Chinese, Continental, North Indian, South Indian, Beverages"
540,"Burgers, Fries, Wood Fire Pizza","Burger, Pizza, Fast Food"
541,"Pizza, Momos, Brownie, Pasta, Nachos, Waffles, Onion Rings","Asian, Chinese, Continental, Italian"
542,"Banana Cake, Ginger Tea, Samosa, Chicken Sandwich, Masala Chai, Ginger Chai, Masala Tea","Tea, Fast Food, Beverages, Sandwich"
543,"\N","Arabian, Biryani, North Indian"
544,"Fish, Prawn Malai Curry, Mishti Doi, Biryani, Dhokar Dalna, Mutton Kosha, Malpua","Bengali, Seafood"
545,"Dal Makhani, Biryani, Sandwiches, Salad, Gulab Jamun, Sandwich, Brownie Chocolate","North Indian, Mughlai, Fast Food"
546,"Rajma, Dal Makhani, Maggi, Roti, Chole, Chicken Biryani, Egg Curry","North Indian, Biryani"
547,"Pizza, Exotic Garlic Bread, Chocolava Cake, Wings, Spicy Paneer","Pizza"
548,"Burgers, French Fries, Crispy Veg Burger, Chicken Fries, Chicken Crisp Burger","Burger, Fast Food, Beverages"
549,"Momos, Manchow Soup, Dragon Noodles, Spring Roll, Schezwan Fried Rice, Triple Schezwan Rice, Garlic Butter Noodle","Chinese, Momos"
550,"Coffee, Chocolate Gateau, Espresso, Hot Chocolate, Caramel Macchiato, Latte, Chocolate Pastry","Cafe, Desserts"
551,"Masala Dosa, Coffee, Idli, Vada, Onion Dosa, Roti, Kulcha","South Indian, North Indian, Chinese"
552,"Paneer Tikka, Chicken Popcorn, Bheja Fry, Ghee Rice, Jumbo Shawarma, Brain Fry, Biryani","North Indian, Mughlai, South Indian, Chinese"
807,"Sandwiches, Oreo Shake, Burgers","Beverages, Sandwich"
808,"\N","Bengali, Mughlai, North Indian"
809,"Ratatouille, Pizza, Tiramisu, Wild Mushroom Risotto, Pasta, Cocktails","Italian, Mediterranean"
810,"Pita Bread, Rolls, Shawarma Roll, Lebanese Shawarma, Chicken Grill, Barbeque Chicken","Arabian, BBQ, Rolls, Chinese"
811,"Burgers, Mocktails, Mashed Potato, Salads, Pasta Alfredo, Chicken Steak, Beef Steak","Steak, Continental, Burger, BBQ"
812,"Dal Makhani, Chocolate Cake, Kulcha, Phirni, Hara Bhara Kabab, Paneer Lababdar, Kheer","North Indian"
813,"Sandwiches, Shawarma, Pasta","Fast Food, Street Food, North Indian, Biryani"
814,"\N","Biryani, Hyderabadi, Charcoal Chicken, North Indian"
815,"Burgers, Fries, Bbq Chicken Pizza, Pasta, Potato Wedges, Peri Peri Chicken, Steak","Cafe, American, Italian, Pizza, Burger"
816,"Pane Pizza, Garlic Bread, Pepperoni Pizza, Chocolava Cake, Veggie Pizza, Cheese Burst Pizza","Pizza, Fast Food"
817,"Cocktails, Chicken Tikka, Burgers, Popcorn, Beer, Jalapeno Cheese Poppers","Finger Food"
818,"Shawarma, Pita Bread, Al Faham Chicken, Barbeque Chicken","Arabian, Lebanese, Chinese, Rolls, North Indian"
819,"Crispy Chicken, Pasta, Burgers, Pizza, Clear Soup, Chicken Burger, Brownie","Cafe, Continental, Burger"
820,"Noodles, Drunken Chicken Wings, Sweet Corn Soup, Spring Roll","Chinese"
821,"\N","Chinese, Street Food, Juices"
822,"Rolls, Ice Cream Roll, Fries, Chocolate Icecreams, Banana Nutella, Chocolate Ball, Waffles","Desserts, Ice Cream, Beverages, Fast Food, Sandwich"
823,"Appam, Fried Fish, Paratha, Vegetable Stew, Chicken Biryani, Chicken Curry, Sea Food","Kerala, South Indian, North Indian, Chinese"
824,"Lamb Chops, Strawberry Daiquiri, Truffle, Bbq, Chicken Kebab, Nachos, Karara Paneer","Mediterranean, BBQ"
825,"Panipuri, Samosa, Rasmalai","Mithai, Street Food"
826,"Shawarma, Tea, Coffee, Chai","Cafe"
827,"Butter Beer, Pasta, Fries, Burgers, Exotic Veg Pizza, Veggie Pizza, Chips","Continental, Italian, American"
828,"Paneer Pizza, Oreo Shake, Onion Rings, Maggi, Peri Peri Chicken Pizza, Lamb Burger, Cheese Balls","Cafe, Continental"
829,"Lassi, Murgh Patiala, Dal Makhani, Hara Bhara Kabab, Malai Kofta, Stuffed Mushroom, Paneer Tikka","North Indian"
830,"Rice Bowl, Paneer Tikka, Rice Bowls, California Burrito","Mexican, Fast Food"
831,"Momos, Thukpa, Butter Tea","Chinese, Tibetan, North Indian"
1208,"Lamb Chops, Crepe Suzette, Cocktails, Steak, Molten Chocolate Cake, Lobster Bisque, Sea Food","BBQ"
1209,"Manchow Soup","Chinese, Momos"
1210,"Pizza, Pasta, Mocktails, Malai Tikka, Noodles, Chicken Tikka, Onion Rings","Cafe"
1211,"Cocktails, Pizza, Fries, Pasta, Chicken Sizzler, Long Island Iced Tea, Mojito","American, Chinese, Continental, North Indian"
1212,"Kesari Bath, Pav Bhaji, Filter Coffee, Pongal, Tea, Idli, Vada","South Indian, North Indian, Chinese, Street Food, Fast Food"
1213,"Burgers, Peri Peri Chicken, Grilled Lamb Burger, Chicken Burger, French Fries","Burger, Fast Food"
1214,"Burgers, Cocktails, Peri Peri Chicken, Chicken Sandwich, Chilli Chicken, Draught Beer, Fries","Finger Food, Continental"
1215,"Tea, Tomato Rice, Filter Coffee, Idli, Biryani","Coffee, Street Food"
1216,"Filter Coffee, Brownie Chocolate, Hot Chocolate, Hot Coffee, Chips, Cafe Mocha, Walnut Brownie","Cafe"
1217,"Hakka Noodles, Momos","Chinese"
1218,"Butter Naan, French Fries","North Indian"
1219,"Shawarma, Bbq Chicken, Biryani, Butter Chicken, Paneer Lababdar, Chicken Grill, Chicken Lazeez","Arabian, Seafood, North Indian, Chinese, BBQ, Biryani, Beverages"
1220,"Tea, Masala Poha, Chicken Roll, Pasta","Fast Food, Sandwich, Beverages"
1221,"Paratha, Kachori, Tea, Lassi, Samosa, Vada Pav","North Indian, Street Food"
1222,"\N","Beverages, Ice Cream, Juices, Sandwich"
1223,"Panipuri","Ice Cream, Desserts"
1224,"Pan Cake, Waffles, Nutella Pancakes","Desserts, Beverages, Cafe, Ice Cream"
1225,"Waffles, Brownie, Cheesecake","Beverages, Desserts"
1226,"Pasta, Lunch Buffet, Paneer Lajawab, Masala Papad, Biryani, Tomato Shorba, Dal Makhani","North Indian, Mughlai, Chinese"
1227,"Biryani, Noodles","Andhra, Chinese, Biryani"
1228,"Paneer Tikka, Biryani, Hara Bhara Kebab, Mocktails, Roti, Gulab Jamun, Fish","North Indian"
1229,"Hazelnut Cappuccino, Pancakes, Red Velvet Cake, Nutella Shake, Murgh Ghee Roast, Butter Chicken, Chocolate Icecreams","Desserts, Fast Food"
1230,"Chaat, Paratha, Thali, Panipuri, Pav Bhaji, Gajar Ka Halwa, Veg Cutlet","North Indian, Street Food, Mithai"
1231,"Mutton Biryani, Andhra Style Biryani, Andhra Meal, Chicken Biryani, Butter Naan, Dal Palak, Andhra Thali","Andhra, Biryani"
1232,"Rice Bowl, California Burrito, Nachos, Salad, Burrito Bowl, Chips, Rice Bowls","Mexican, Fast Food"
1233,"Sea Food, Murgh Ghee Roast, Tender Coconut Chicken, Fish, Neer Dosa, Lemon Chicken, Beer","Seafood, North Indian, Chinese"
1234,"Chole, Sev Puri, Pav Bhaji, Sweet Lassi, Chaat Platter, Veg Thali","North Indian, Street Food"
1235,"Thali, Jalebi, Dahi Vada, Chaat, Buttermilk, Rabri Malpua, Kadhi","Hyderabadi, Gujarati, Maharashtrian"
1505,"Burgers, Pizza, Biryani","Healthy Food, Chinese, Biryani, North Indian, Continental, Salad, American, Burger"
1506,"Paratha, Biryani, Fish Fry","Kerala, Konkan"
1507,"Garlic Bread, Pasta, Pizza Burger","Pizza, Fast Food"
1508,"Kalmi Kabab, Hyderabadi Dum Biryani, Vegetable Biryani, Haleem, Paneer Tikka, Supreme Mutton Biryani, Hyderabadi Mutton Biryani","Biryani, North Indian, Kebab"
1509,"Pizza, Garlic Bread","Cafe, Pizza, Fast Food, Beverages"
1510,"Mysore Pak, Pav Bhaji, Chaat, Masala Poori, Badam Milk, Paratha, Panipuri","Mithai, Street Food, North Indian, Chinese"
1511,"Dal Makhani, Lassi, Butter Chicken, Panneer Butter Masala, Mix Veg, Saag, Butter Naan","North Indian"
1512,"Pasta, Salads, Mocktails, Paneer Tikka, Biryani, Falafel, Naan","North Indian, Italian"
1513,"\N","Mithai, Desserts, Bakery"
1514,"Banana Smoothie, Tiramisu, Barbeque Chicken Pizza, Fish, Pasta, Mushroom Ravioli, Stuffed Chicken Pizza","Pizza, Cafe, Italian"
1515,"Egg Biryani, Roti, Mutton Biryani, Chicken Chettinad","South Indian, Biryani"
1516,"Paratha, Chole Bhature","North Indian"
1517,"Butter Chicken","North Indian"
1518,"\N","Fast Food, Burger, Pizza, Sandwich"
1519,"Paratha, Lassi, Rolls","North Indian, Fast Food, Rolls"
1520,"\N","South Indian, Biryani, Fast Food"
1521,"Burgers, Steak, Buffalo Wings, Chicken Wings, Nachos, Chicken Sizzler, Grilled Basa","American, Mexican, Italian, Steak"
1522,"Burgers, Steak","North Indian, Steak, South Indian"
1523,"Sea Food, Fish Curry, Fish Steak, Neer Dosa, Masala Prawn","Mangalorean, Seafood"
1524,"Kesar Kulfi, Ghamandi Lassi, Biryani, Corn Soup, Kokum Juice, Vanilla Ice Cream, Bloody Mary","Modern Indian, North Indian"
1525,"Burgers, Pasta, Chicken Zinger Burger, French Fries","Fast Food, Continental, Burger"
1526,"Momos, Pork Momo, Noodles, Fried Rice, Chilli Chicken, Bbq Pork Ribs","Chinese, Momos"
1527,"Pasta, Mutton Seekh, Fish, Pizza, Papdi Chaat, Prawn Malai Curry, Sea Food","Rajasthani, Gujarati, North Indian"
1528,"Chicken Dum Biryani, Egg Curry, Gajar Halwa, Honey Cake, Hakka Noodles, Rabri, Carrot Halwa","North Indian, Continental, Chettinad, Andhra, Bengali"
1673,"Handi Biryani, Sandwich, Paneer Manchurian","North Indian, Chinese, Fast Food, Street Food"
1674,"Chocolava, Red Velvet Cake, Choco Truffle Cake, Cup Cake, Chocolate Truffle, Blueberry Cheesecake","Bakery, Desserts"
1675,"Shawarma, Tandoori Chicken, Chicken Grill, Bbq Chicken","Arabian, Kerala, North Indian, Chinese, BBQ"
1676,"Truffle, Cheesecake","Bakery, Desserts"
1677,"Pizza, Tandoori Chicken, Mocktails, Cocktails, Sali Boti, Chocolate Mud Pot, Crispy Lotus Stem","Italian, Mediterranean, Pizza"
1678,"Healthy Breakfast, English Breakfast, Caesar Salad, Burgers, Enchiladas, Omelette, Egg Burger","Cafe, Continental, American, Italian"
1679,"Mocktails, Cocktails, Pizza, Burgers, Tandoori Salmon, Brownie, Tiramisu","Spanish, Italian, Mediterranean"
1680,"Fish, Falafel, Mutton Shorba, Biryani, Pita Bread, Chicken Steak, Kunafa","Arabian, Biryani, Desserts, Beverages, Salad"
1681,"Cocktails, Beer, Jalebi, Tandoori Chicken, Mocktails, Paneer Tikka, Galauti Kebab","North Indian"
1682,"Ghee Dosa, Chai, Mysore Pak, Filter Coffee, Vada, Salad, Masala Dosa","South Indian, Fast Food, Street Food"
1683,"Coffee, Masala Dosa, Masala Poori, Kadhai Paneer","South Indian, North Indian, Chinese, Street Food"
1684,"Burgers, Popcorn Chicken, Hot Wings, Virgin Mojito, Rice Bowl","Burger, Fast Food"
1685,"Biryani","Biryani, Hyderabadi, Chinese, North Indian"
1686,"Tandoori Paneer, Paneer Pizza","Pizza"
1687,"Lasagne, Steak, Masala Quesadilla, Garlic Bread","Mexican, Italian"
1688,"Chaat, Thali, Jalebi, Rajma, Paneer Tikka, Paratha, Kulfi","North Indian, Continental, Street Food"
1689,"Buttermilk, Thali, Dal Bati, Panneer Butter Masala, Rajma Rice, Sweet Lassi, Kadhi","North Indian, Chinese"
1690,"\N","Kerala, South Indian, Fast Food"
1691,"Masala Dosa, Rava Dosa, Khali Dosa, Vada, Filter Coffee, Kali Dosa, Kesari Bath","South Indian"
1692,"\N","Chinese, Continental, Seafood, North Indian"
1693,"\N","North Indian, Chinese, Continental, Seafood"
1694,"Paneer Tikka Pizza, Veggie Pizza, Chocolate Tart, Peri Peri Chicken Pizza, Pasta, Kit Kat Shake, Margherita Pizza","Pizza, Italian, Beverages"
1695,"\N","BBQ, Seafood, Fast Food"
1696,"Chaat, Dahipuri, Chips, Masala Poori, Bhel Puri, Jal-jeera, Sev Puri","Street Food"
2141,"\N","Bakery, Desserts"
2142,"\N","Fast Food, Pizza"
2143,"\N","Street Food, Fast Food"
2144,"\N","Andhra"
2145,"Falafel, Cocktails, Mocktails, Sea Food, Spring Roll, Mutton Pepper Fry, Pasta","North Indian, Chinese, Continental, Mexican"
2146,"Veg Thali, Dahi Vada, Malpua, Rajasthani Thali, Rabri, Buttermilk, Jalebi","Rajasthani, Gujarati"
2147,"\N","Fast Food"
2148,"\N","Fast Food, Beverages"
2149,"\N","Cafe, Fast Food"
2150,"\N","Cafe, Continental, Desserts"
2151,"Pepper Chicken, Chicken Biryani, Mutton Biryani","Biryani"
2152,"\N","Cafe, Continental, European, Italian"
2153,"Chicken Manchurian, Thukpa, Chicken Momo, Veg Momos, Tea, Veg Thupka","Japanese, Chinese, Tibetan, Momos"
2154,"Brownie, Badam Halwa, Mutton Seekh, Salads, Rasmalai, Tandoori Aloo, Mocktails","North Indian, Mughlai"
2155,"Handi Biryani, Sandwich","North Indian, Chinese, Fast Food, Street Food"
2156,"\N","North Indian, Chinese, Andhra"
2157,"Paratha, Tandoori Chicken, Panneer Butter Masala, Chole Bhature","North Indian, Chinese"
2158,"Kadhai Murgh, Lassi, Rabri, Mutton Biryani, Chaat, Dal Makhani, Malpua","North Indian, Maharashtrian, South Indian"
2159,"\N","Chinese, Rolls"
2160,"Biryani, Raita","Biryani, North Indian, Chinese"
2161,"Dabeli, Samosa, Tawa Pulav, Cheese Vada Pav","Maharashtrian"
2162,"Chicken Fritters, Steak, Sandwiches, Burgers, Pasta, Salads, Beef Stroganoff","Continental, Steak, Chinese, Salad, Desserts, Seafood, Italian"
2163,"Samosa, Poha, Rasgulla, Kachori","Mithai, Fast Food"
2164,"Churros, Baklava Ice Cream, Cheesecake, Chocolate Peanut Butter, Cheese Roll, Chocolate Sundae","Desserts, Ice Cream, Beverages, Sandwich"
2165,"\N","Biryani, Mughlai"
2166,"\N","Biryani, North Indian"
2167,"\N","North Indian, Chinese, Kerala"
2168,"\N","North Indian, Arabian"
2169,"Chaat, Nachos, Peri Peri Pizza, Wedges, Milk Shake, Pink Lemonade, Pasta","Cafe, Continental, Burger"
2170,"Fritters, Lasagne, Biryani, Fish, Pasta, Draught Beer, Hot Pot","North Indian, Continental, Chinese, Steak"
2171,"\N","Kerala, Chinese, South Indian, North Indian"
2172,"\N","North Indian, South Indian, Chinese, Street Food"
2173,"Cocktails, Craft Beer, Salads, Devils Chicken, Sea Food, Mocktails, Wedges","European, Continental"
2174,"Decor","Finger Food"
2175,"\N","North Indian, Continental, South Indian"
2176,"\N","European, North Indian, South Indian, Seafood, Salad, Asian, Grill"
2177,"\N","Biryani, North Indian, Kebab"
2178,"Sandwiches, Maggi, Rolls, Chole Bhature, Ginger Tea, Paratha, Rava Masala Dosa","Juices, South Indian, Chinese, Fast Food"
2179,"Veg Buffet, Pasta, Salads, Rasmalai, Chaat, Biryani, Fries","North Indian, South Indian"
2180,"Burgers, Egg Salad, Pasta, Pancakes, Lasagne, Pizza, Lime Soda","Cafe, Asian, Burger, Continental, Italian, Salad"
2181,"Coffee, Sandwiches, Cappuccino","Cafe"
2182,"\N","Tea, Beverages, Fast Food"
2183,"Miso Soup, Tempura","Cafe, Japanese"
2184,"Chocolate Shake, Wine, Burgers, Sangria, Paratha, Pasta, Fish","Cafe, American, Continental, Steak"
2185,"\N","Rolls, Chinese"
2186,"Tea, Momos, Tiramisu, Sandwiches, Pesto Pasta, Sandwich, Chips","Continental, Cafe, Desserts, Salad, Momos"
2187,"\N","South Indian, Kerala"
2188,"\N","Fast Food, Chinese"
2189,"Pasta, Wine, Pizza, Lasagne, Cheesecake, Spinach Ravioli, Cocktails","Italian, Pizza, Salad"
2190,"\N","Cafe, Desserts"
2191,"\N","Kerala, South Indian"
2192,"Steak, Burgers, Cocktails, Beer, Buffalo Wings, Pasta, Chicken Stroganoff","American, Mexican, Italian, Steak"
2193,"Cocktails, Bruschettas, Beer, Tiramisu, Brownie, Chicken Popcorn, Nachos","Continental, Italian, Burger"
2194,"\N","Chinese, North Indian, Rolls"
2195,"Burgers, Beef Burger, Sandwiches, Fries, Bacon Burger","Fast Food, Burger, American"
2196,"Chai, Ginger Tea, Maggi, Aloo Paratha, Samosa, Coffee, Sandwich","Beverages, Fast Food"
2197,"\N","Continental, Chinese"
2198,"Salads, Sandwich, Pasta, Tea, Hot Chocolate, Paella, Banana Smoothie","Cafe, Healthy Food, Salad, Beverages"
2199,"\N","Mexican, Fast Food"
2200,"Coffee, Momos, Sandwich, Tiramisu, Nachos, Kiwi Ice Tea, Masala Tea","Continental, Cafe, Desserts, Salad, Momos"
2201,"Shawarma, Chicken Grill, Faluda","North Indian, Kerala"
2202,"\N","Hyderabadi, North Indian"
2203,"\N","North Indian, Rolls"
2204,"Akki Rottis, Neer Dosa","North Indian"
2205,"\N","Bengali, North Indian, Chinese"
2206,"Ginger Chai, Ginger Tea, Pakoda, Paratha, Maggi, Pav Bhaji, Sulemani Chai","North Indian, Momos, Rolls, Fast Food"
2207,"\N","North Indian, Biryani"
2208,"Salads, Healthy Breakfast, Quinoa Salad, Frittata, Pancakes, Smoothie Chocolate, Wheat Roll","Cafe, Continental, Mediterranean, Beverages"
2209,"Biryani, Butter Chicken, Butter Naan, Kalmi Kebab, Roti, Rolls, Fried Rice","North Indian, Chinese"
2210,"Nachos, Cocktails, Tacos, Prawn Taquitos, Churros, Chimichangas, Enchiladas","Mexican, Tex-Mex"
2211,"Chicken Biryani, Hyderabadi Biryani, Mutton Biryani, Hydrabadi Biryani, Vegetable Biryani, Reshmi Kebab, Mutton Seekh Kabab","Biryani, North Indian, Kebab"
2212,"Dum Biryani, Chicken Biryani, Rice, Roti, Mutton Biryani","North Indian, Biryani, Andhra, Chinese"
2213,"\N","North Indian, South Indian, Pizza"
2214,"\N","North Indian, Fast Food, Burger"
2215,"\N","Hyderabadi, Biryani, North Indian"
2216,"\N","Pizza, Burger, Fast Food, Beverages"
2217,"\N","North Indian, Kashmiri"
2218,"Lasagne, Tiramisu, Chicken Popcorn, Mocktails, Club Chicken Sandwich, Nachos, Pasta","Continental, Cafe, Italian, Fast Food, Steak"
2219,"Shawarma, Sandwiches","Arabian, Sandwich, Rolls, Burger"
2220,"Lassi, Butter Chicken, Sarson Ka Saag, Rajma Chawal, Naan, Chicken Handi, Chicken Rara","North Indian"
2221,"\N","Juices, Ice Cream"
2222,"Coffee, Tea, Pasta Alfredo, Chai, Burgers, White Sauce Pasta, French Fries","Cafe, North Indian, Fast Food"
2223,"\N","Chinese, Tibetan"
2224,"\N","Chinese, Mongolian"
2225,"Pho, Hot Pot, Sangria, Fig Ice Cream, Crepe, Fish, Pumpkin Soup","Vietnamese"
2226,"Mutton Kalmi, Chicken Biryani, Dahi Ke Kebab, Lassi, Tomato Soup, Ganna Chicken, Soya Chaap","North Indian, Chinese"
2227,"Barbecue Chicken Wings, Cocktails, Chilli Paneer, Chicken Steak, Sangria, Pizza, Spicy Chicken","Continental, Asian, American, North Indian, Desserts"
2228,"\N","Arabian, Middle Eastern"
2229,"Falafel, Lamb Kebab, Fattoush, Teriyaki Chicken, Fries, Shawarma, Chicken Kebab","Turkish, Rolls"
2230,"Gelato, Madagascar Chocolate, Belgian Chocolate, Waffle Cone, New York Cheesecake","Ice Cream, Bakery, Desserts"
2231,"Beef Steak, Custard, Burgers, Beef Stroganoff, Salad, Sandwich, Sandwiches","Cafe, European, Continental"
2232,"Roti, Paratha, Appam, Chicken Biryani, Kothu Parotta, Elaneer Payasam, Fish Fry","South Indian, Chettinad, Chinese, North Indian, Andhra, Seafood"
2233,"\N","Fast Food, Juices"
2234,"\N","Sandwich, Fast Food"
2235,"\N","Biryani, Hyderabadi, North Indian"
2236,"Pav Bhaji, Panipuri, Raj Kachori, Papdi Chaat, Samosa Chaat, Bhel Puri, Vada Pav","Street Food, North Indian"
2237,"Enchiladas, Pasta, Cocktails, Peri Peri Chicken, Draught Beer, Hot Gulab Jamun, Fajita","Mexican, Continental, Italian, Chinese"
2238,"\N","Asian, Chinese"
2239,"Waffles, Coffee, Nachos, Rolls, Sandwiches","Cafe, Desserts, Ice Cream"
2240,"Cocktails, Mocktails, Momos, Nachos, Crispy Corn, Mojito, Chicken Tennessee Wings","American, North Indian, Chinese, Finger Food"
2241,"Paratha, Samosa, Chole Bhature, Pav Bhaji, Kachori, Vada Pav","North Indian, Street Food, Mithai"
2242,"\N","Kerala, Biryani, South Indian"
2243,"Salads, Biryani, Chicken Salad, Lunch Buffet, Breakfast Buffet, Fish, Panipuri","North Indian, South Indian, Chinese, Continental"
2244,"Paneer Biryani, Cocktails, Mocktails, Nachos, Taco Soup, Pork Ribs, Hot Dog","American, North Indian, Chinese, Finger Food, Momos"
2245,"\N","Kerala, South Indian, North Indian, Chinese"
2246,"Tandoori Chicken, Butter Chicken, Garlic Naan","North Indian"
2247,"\N","North Indian, Kebab, Fast Food"
2248,"\N","Kerala, Chinese, South Indian"
2249,"\N","Chinese, Rolls, North Indian"
2250,"Burgers, Chocolate Momos, Noodles, Cheese Momos","Tibetan, Momos"
2251,"\N","Rolls, Fast Food, Beverages, Desserts"
2252,"Coffee, Cup Cake","Bakery"
2253,"Noodles, Laksa, Cocktails, Dumplings, Sangria, Momos, Sushi","Thai, Chinese, Indonesian, Asian, Momos"
2254,"Pizza, Pasta, Mozzarella Sticks, Mocktails, Tiramisu, Fries, Salad","Pizza, Italian, Continental, Desserts"
2255,"Mocktails, Peri Peri Chicken, Coffee Hazelnut, Oreo Shake, Nachos, White Sauce Pasta, Beer","Cafe, Continental, Italian"
2256,"\N","Continental, American"
2257,"Chicken Grill, Shawarma Roll, Biryani, Pulpy Grape Juice, Paratha, Chicken Shawarama, Chicken Tikka","North Indian, Kebab, Fast Food"
2258,"Salads, Cocktails, Khao Suey, Jumbo Prawns, Veg Sushi, Espresso Martini, Tom Yum Soup","Thai, Japanese, Korean, Burmese, Chinese"
2259,"\N","North Indian, Chinese, Beverages"
2260,"\N","Desserts, Mithai"
2261,"Manchow Soup, Shawarma, Momos, Hyderabadi Biryani, Vegetarian, Noodles, Dragon Chicken","North Indian, Chinese"
2262,"\N","North Indian, Kerala"
2263,"Hyderabadi Biryani, Mutton Biryani, Tandoori Chicken, Mutton Fry, Chicken Biryani, Lassi, Crispy Babycorn","Biryani, North Indian, Chinese, Hyderabadi"
2264,"Fish, Thali, Egg Roast, Buttermilk, Kerala Parotta, Paratha, Kadala Curry","Biryani, Kerala, Seafood, South Indian"
2265,"Coffee, Pizza, Pasta, Broccoli Soup, Tea, Hot Chocolate, Stuffed Mushroom","Cafe, Continental"
2266,"Icecream Cake, Almond Crunch, Cream Cake, Belgian Chocoholic","Desserts"
2267,"\N","Desserts, Ice Cream, Fast Food"
2268,"Wedges, Maggi, Burgers, Waffles, Margherita Pizza, Aam Panna, Tea","Pizza, Italian, Cafe, Burger, Finger Food, Fast Food, Sandwich"
2269,"Kosha Mangsho, Daab Chingri, Fish Curry, Dum Biryani","Bengali, North Indian"
2270,"Brownie Chocolate, Brown Bomb, Hot Chocolate Fudge, Fudge Cake, Brownie Fudge","Ice Cream, Desserts"
2271,"Belgian Waffles, Belgian Chocolate Waffle","Desserts, Beverages"
2272,"\N","Chinese, Mangalorean, North Indian"
2273,"Panneer Butter Masala, Lassi","North Indian"
2274,"Dark Chocolate Shake, Cappuccino, Pancakes, Hot Chocolate, Wedges, Waffles, Garlic Bread","Cafe, American, Salad, Continental, Healthy Food, Italian, Coffee, Desserts"
2275,"Coffee, Hazelnut Cappuccino, Chicken Keema Roll, Chicken Sandwich, Grilled Chicken Wrap","Cafe, Continental"
2276,"Butter Naan, Tandoori Chicken, Chicken Tikka Masala, Malai Kofta, Biryani, Wheat Paratha, Noodles","North Indian"
2277,"\N","Seafood, Salad, North Indian, Biryani, Chinese"
2278,"Beer, Burgers, Sandwiches, Virgin Mojito, Beef Chilli, Pork Chilli, Nachos","Continental, American, Pizza, BBQ"
2279,"Paneer Tikka, Pizza, Mocktails, Tandoori Aloo, Chowmein, Pasta Alfredo, Murgh Patiala","Continental, Mexican, Chinese, North Indian"
2280,"Fruit Bowl, Grape Juice, Nannari Sharbat, Cheese Sandwich, Tea, Cheese Sandwiches, Orange Juice","Juices, Fast Food, South Indian, Chinese"
2281,"Momos, Noodles, Thukpa, Chicken Thupka, Manchow Soup, Chicken Momo, Crispy Honey Chicken","Chinese, Tibetan, Momos"
2282,"Kheer, Sandwich, Roti, Salad, Rajma, Gulab Jamun, Chole","North Indian, Biryani"
2283,"Cup Cake","Bakery, Desserts, Italian, North Indian, Fast Food"
2284,"Mishti Doi, Rasgulla, Radhaballavi, Rasmalai, Chamcham, Dum Aloo, Malai Roll","Street Food, Mithai"
2285,"Sea Food, Beer, Fish Thali, Fish Fry, Chicken Tikka, Neer Dosa","North Indian, Chinese, Mangalorean"
2286,"Fries, Nachos, Burgers","Cafe, Fast Food"
2287,"Noodles, Thukpa, Chop Suey, Chicken Momo, Cheese Momos, Sweet Corn Soup, Prawn","Chinese, Momos"
2288,"Pizza, Spinach Curry, Salad","Healthy Food"
2289,"Cocktails, Devils Chicken, Beer, Tandoori Chicken, Pasta, Pinacolada, Pizza","Chinese, Continental, North Indian"
2290,"Baklava, Chicken Wings, Mutton Biryani, Pizza, Vegetable Biryani, Arabic Cuisine, Salad","North Indian, Arabian, Beverages"
2291,"Chicken Biryani","Andhra, Biryani, Chinese"
2292,"Momos, Noodles, Thukpa, Teriyaki Chicken, Chicken Chowmein, Clear Chicken Soup, Beef Chilli","Tibetan, Chinese, Momos"
2293,"Poha, Kachori, Samosa, Sabudana Khichdi, Paratha","Street Food, South Indian"
2294,"Rasgulla, Luchi, Samosa, Radhaballavi, Rasmalai, Kheer Kadam, Chamcham","Mithai, Street Food"
2295,"Coffee, Fries, Cappuccino, Margherita Pizza","Cafe, Beverages, Fast Food"
2296,"\N","Andhra, Biryani, Chinese"
2297,"Liti Chokha, Litti, Sattu Paratha, Dal Bati, Thali, Roti","North Indian, Bihari, Rajasthani"
2298,"Hot Chocolate, Hazelnut Ice Cream, Tiramisu, Caramel Ganache","Desserts, Ice Cream, Beverages"
2299,"Filter Coffee, Rava Idli, Rava Masala Dosa, Vada, Raagi Dosa, Podi Dosa, Badam Halwa","South Indian"
2300,"Nachos, Chocolava, Sandwiches, Waffles, Brownie Shake, Garlic Bread, Chocolate Milkshake","Desserts, Ice Cream"
2301,"\N","North Indian, Hyderabadi"
2302,"Donut, Coffee, Cup Cake, Choco Bomb, Waffles, Chocolate Decadence, Melted Chocolate","Bakery, Desserts, Beverages"
2303,"\N","Bakery, European"
2304,"Beer, Onion Pakoda, Long Island Iced Tea, Peri Peri Chicken, Cocktails, Stout, Veg Platter","Continental, American, Italian, Modern Indian, Pizza, Burger"
2305,"Butter Chicken, Panner Tikka, Chicken Biryani, Chicken Lollipop, Chicken Tikka Masala, Dum Biryani, Tangdi Kabab","Biryani, North Indian, Mughlai"
2306,"Lamb Curry, Cocktails, Neer Dosa, Veg Starter, Prawn Ghee Roast, Chicken Biryani, Mocktails","North Indian, Chinese, Seafood"
2307,"Hyderabadi Biryani, Firni, Kulfi, Lassi, Mutton Biryani, Gosht Dum Biryani, Raan","North Indian, Mughlai"
2308,"\N","Fast Food, Beverages, Desserts"
2309,"Jeera Rice, Thali, Roti","North Indian, Chinese"
2310,"Cocktails, Mocktails, Mai Thai, Murgh Platter, Pizza, Soya Chaap, Keema Samosa","North Indian, Chinese, Continental, Momos"
2311,"Crab Soup, Raita, Kozhi Biryani, Mutton Biryani","Chettinad"
2312,"Chicken Sukha, Neer Dosa","North Indian, Chinese, Seafood"
2313,"Mutton Biryani, Shawarma, Roti","North Indian, Mughlai, Biryani, Rolls"
2314,"Burgers, Chicken Whopper Burger","Burger"
2315,"Burgers, Chicken Burger, Pasta, Chicken Pizza","Fast Food, Italian"
2316,"Appam, Fish Curry, Buttermilk, Chicken Stew, Kadala Curry, Kerala Parotta, Roast Beef","Kerala, Chinese"
2317,"Pongal, Appam, Elaneer Payasam, Gulab Jamun, Rava Idli, Veg Buffet, Lunch Buffet","South Indian, Chettinad, Kerala, Sri Lankan"
2318,"Burgers, Chicken Wings, Beer, Cocktails, Peri Peri Chicken Steak, Peri Peri Wings, Peri Fries","Continental, BBQ, Steak"
2319,"\N","Chinese, Thai, Seafood"
2320,"Custard, Paratha, Poha, Breakfast Buffet, Thali, Dal Makhani, Malai Kulfi","North Indian, Lucknowi"
2321,"Rolls, Mutton Seekh Roll, Malai Tikka, Chicken Tikka Roll, Mutton Baida Roti, Reshmi Tikka Roll, Beda Roti","Fast Food, Rolls"
2322,"Sushi, Maki Roll, Jumbo Prawns, Fish, Rolls, Sashimi, Miso Soup","Japanese"
2323,"Cocktails","Continental, Thai, Vietnamese, American, Chinese, North Indian, Finger Food"
2324,"Pizza, Cheesecake, Pasta, Risotto, Chicken Burger, Sandwich, Hot Chocolate","Bakery, Cafe, Italian, Desserts"
2325,"Noodles, Dumplings, Jumbo Prawns, Nasi Goreng, Papaya Salad, Sushi, Momos","Malaysian, Thai, Singaporean, Asian, Chinese, Momos"
2326,"Cocktails, Beer, Long Island Iced Tea, Pasta, Chicken Satay, Lamb Burger, Onion Rings","Asian, American, Mexican"
2327,"Hyderabadi Biryani","North Indian, Biryani, Chinese, Mughlai"
2328,"Beer, Mango Lassi, Thandai, Matka Kulfi, Salads, Palak Pakoda, Lunch Buffet","North Indian"
2329,"\N","North Indian, Biryani, South Indian, Chinese"
2330,"Noodles, Beef Momos, Chicken Shaptra, Chicken Thukpa, Clear Soup, Beef Momo, Chicken Thupka","Chinese, Tibetan, Momos"
2331,"Chicken Curry, Paan Shot, Pan Shot Ice Cream, Paan Ice Cream, Mocktails, Cocktails, Hot Gulab Jamun","North Indian, Mediterranean, European, BBQ"
2332,"Vada, Masala Dosa, Filter Coffee","South Indian, North Indian, Chinese"
2333,"Lunch Buffet, Millet Pizza, Salads, Beetroot Payasam, Banana Pudding, Thali, Tikki","North Indian, South Indian"
2334,"Mango Lassi, Butter Chicken, Manchurian, Dehati Chicken, Paneer Lababdar, Chilli Chicken, Palak Paneer","North Indian"
2335,"Pasta, Sandwich, Sandwiches, Caesar Salad, Salads, Fries, Egg Wrap","Bakery, Fast Food, Italian"
2336,"Chicken Boneless Biryani, Hyderabadi Dum Biryani, Raita, Mutton Biryani, Prawn Biryani, Vegetable Biryani, Hyderabadi Chicken Biryani","Biryani"
2337,"Salads, Cocktails, Khao Suey, Laksa, Jumbo Prawns, Veg Sushi, Espresso Martini","Thai, Japanese, Korean, Burmese, Chinese"
2338,"\N","Bakery, Desserts, Fast Food"
2339,"Murgh Ghee Roast, Sea Food, Neer Dosa, Fish, Prawn Ghee Roast, Appam, Ghee Roast Paneer","Seafood, Mangalorean, North Indian, Chinese"
2340,"Coffee, Pasta, Donut, Salads, Choco Brownie Shake, Tiramisu Cheesecake, Sandwiches","Cafe"
2341,"Breakfast Buffet, Omelette, Lunch Buffet, Pasta","Chinese, North Indian, Cafe"
2342,"Lasagne","Mexican, Italian"
2343,"\N","Bakery, Tea, Beverages"
2344,"Roast Pork, Tai Pai Chicken, Beer, Sweet Corn Chicken Soup, Masala Peanuts, Chinese Chop Suey, Chicken Lollipop","Chinese, Seafood, Biryani"
2345,"Pizza, Pepperoni","Pizza"
2346,"Pasta, Pizza, Chocolate Bomb, Wine, Ginger Lime Mojito, Tiramisu, Watermelon Mojito","Italian, Mexican, Continental, Pizza"
2347,"Chicken Quesadilla, Breakfast Buffet, Cheesecake, Naan, Cocktails, Biryani, Lamb","North Indian, Continental, Asian"
2348,"Hunan Tofu, Noodles, Jumbo Prawns, Jasmine Tea, Chicken Momo, Cocktails, Momos","Chinese, Momos"
2349,"Pancakes, Sandwich, Salad, Coffee, Burgers","Cafe, Bakery, Continental"
2350,"Sandwiches, Sandwich, Omelette, Cheese Maggi","Beverages, Juices, Fast Food"
2351,"Lassi, Shahi Paneer, Kheer, Paneer Bhurji, Methi Paratha, Paneer Parantha, Stuffed Paratha","North Indian"
2352,"Sushi, Ramen, Noodles","Korean, Sushi"
2353,"Mocktails, Pizza, Crispy Chicken, Nachos, Crispy Onion Rings, Masala Peanuts, Beer","North Indian, Italian, Finger Food, Continental"
2354,"Sandwich, Paratha, Poha, Sandwiches, Idli Vada, Tea, Roti","North Indian, Chinese"
2355,"Burgers, Chicken Grill, Faluda, French Fries, Sandwich","Cafe, North Indian, Chinese"
2356,"Chicken Stew, Ghee Rice, Chai, Beef Biryani","Biryani"
2357,"Idli, Coffee, Vada","South Indian"
2358,"Noodles, Pasta, Tibetan Momos, Clear Soup, Chicken Momo, Tibetan Thukpa, Tea","Tibetan, Chinese, Continental, Momos"
2359,"Salad","North Indian, Healthy Food"
2360,"Ginger Tea, Chai, Samosa, Bun Omelette, Elaichi Tea, Egg Bhurji, Carrot Cake","Fast Food"
2361,"Coffee, Pav Bhaji, Masala Dosa, Vada Sambar","South Indian, North Indian, Fast Food"
2362,"Thali, Paratha, Dal Kichadi","Chinese, North Indian"
2363,"Chowmein, Chicken Manchow Soup, Momos, Dragon Rolls, Chicken Momo, Hot Pot, Sweet Corn Chicken Soup","Italian, Chinese, Japanese"
2364,"Murgh Ghee Roast, Neer Dosa, Sea Food, Fish, Prawn Ghee Roast, Prawn Curry, Vegetable Biryani","Konkan, Mangalorean, North Indian, Seafood"
2365,"\N","Finger Food, Continental, Chinese"
2366,"Chaat, Samosa, Thali, Sweet Lassi, Biryani, Egg Roll, Masala Paneer","North Indian, Chinese"
2367,"Coffee, Cappuccino, Sandwiches, Salads, Asparagus Soup, Woodfire Pizza, Bruschettas","Continental, Italian, Beverages"
2368,"Pizza, Garlic Bread, Chicken Lasagne","Pizza"
2369,"Pasta, Sandwiches, Club Sandwich, Cottage Cheese Steak, Waffles, Chicken Lasagne, Chicken Burger","Desserts, Italian, Pizza"
2370,"\N","American, Burger, Momos, Bengali"
2371,"Chocolate Mousse, Oreo Cheesecake","Bakery"
2372,"Pizza, Dragon Chicken, Butter Chicken, Noodles, Chicken Wings, Chicken Noodle","Continental, Pizza, Chinese"
2373,"Noodles, Chicken Momo, Chicken Manchurian, Crabmeat Soup, Momos, Chop Suey, Chicken Manchow Soup","Chinese, Thai, Vietnamese"
2374,"Chicken Drumsticks, Wood Fire Pizza, Thin Crust Pizza, Barbeque Chicken, Lime Soda, Veggie Pizza, Bbq Chicken","Pizza, Fast Food, BBQ"
2375,"Paratha","North Indian, Chinese, Biryani, Rolls"
2376,"Dhokar Dalna, Chicken Curry, Mutton Curry, Mutton Kosha, Fish Curry, Mocha Chingri, Luchi","Bengali"
2377,"Gur Ice Cream, Nolen Gurer Ice Cream, Pizza, Nolen Gur, Paan Ice Cream, Filter Coffee Ice Cream, Chocolate Hazelnut","Ice Cream, Desserts"
2378,"Non Veg Biryani, Fish","Biryani, North Indian, Chinese"
2379,"Burgers, Pasta, Caramel Custard, Crispy Corn, Mutton Curry, Lemonade, Fries","Continental, Cafe, Steak"
2380,"Cocktails, Momos, Pizza, Roti, Mocktails, Nachos, Fish","European, Continental, Asian, Finger Food"
2381,"Coffee, Salad, Club Sandwiches, Pasta, Sandwich, Burgers, Cappuccino","Cafe"
2382,"\N","Street Food, American"
2383,"\N","Cafe, Coffee, Continental"
2384,"Beer, Cocktails, Brownie, Chicken Satay, Chicken Wings, Pizza, Chilli Paneer","Finger Food, Continental"
2385,"Fries, Oreo Shake, Pasta Arrabiata","Cafe"
2386,"Egg Biryani, Tandoori Chicken, Chicken Biryani, Paneer Tikka, Mutton Biryani, Noodles, Dal Tadka","North Indian, Chinese, Biryani, Hyderabadi"
2387,"\N","Juices, Pizza"
2388,"\N","Kerala, Tea"
2389,"\N","Desserts, Momos"
2390,"Sandwiches, Chocolate Sandwich, Chaat, Veg Cheese Sandwich, Chilli Cheese, Corn Sandwich","Fast Food, Street Food"
2391,"Chicken Grill, Garlic Bread, Mocktails, Burgers, Fries, Salads, Pudding","African, Burger"
2392,"Pasta, Sandwiches, Pizza","Cafe, Sandwich, Burger"
2393,"Lassi, Raita, Panneer Butter Masala, Dal Makhani, Jalebi, Biryani, Paneer Tikka","North Indian"
2394,"Rolls, Chicken Roll, Chicken Wrap, Veggie Wrap, Raita, Cheesy Chicken, Sabudana Kheer","North Indian, Biryani, Fast Food"
2395,"\N","Fast Food, Burger, North Indian, South Indian"
2396,"Coffee, Garlic Bread","Cafe"
2397,"Mutton Biryani, Rolls, Chicken Roll","North Indian, Kebab"
2398,"Pepper Chicken, Donne Biryani, Chicken Biryani, Chicken Kebab","Biryani"
2399,"Vegetable Biryani, Hyderabadi Biryani, Paneer Tikka, Raita, Basmati Rice, Chicken Biryani, Dum Biryani","North Indian, Chinese"
2400,"Chocolate Fantasy, Cheesecake, Chocolate Decadence, Chocolava","Bakery, Desserts"
2401,"Chilli Chicken, Chicken Tikka, Butter Naan, Roti","Andhra, Chinese, North Indian"
2402,"Kulfi, Sweet Lassi, Pineapple Lassi, Rose Faluda","Beverages, Desserts, Juices"
2403,"\N","Street Food, Beverages, Fast Food"
2404,"Mutton Biryani, Chicken Biryani, Shawarma, Kalmi Kabab, Butter Chicken, Chicken Grill, Garlic Chicken","Biryani, North Indian, Charcoal Chicken, Chinese, Seafood, Rolls"
2405,"Paneer Parantha, Mutton Biryani, Lassi, Dal Makhani, Thali, Aloo Paratha","North Indian, Chinese"
2406,"Noodles, Mocktails, Miso Soup, Chilli Ramen, Chicken Grill, Steamed Rice, Gyoza","Chinese, Asian, Japanese"
2407,"\N","Arabian, BBQ, Biryani, Chinese, Continental, Ice Cream, North Indian, South Indian"
2408,"Donut, Chocolate Mousse, Chocolate Cake, Cheesecake, Chicken Wings","Bakery, Fast Food"
2409,"Ghee Rice","North Indian, Mughlai, Biryani"
2410,"\N","Arabian, Chinese, North Indian, Kerala, Juices"
2411,"Burgers, Pizza, Coffee, Peri Peri Chicken Wings, Beef Burger, Mango Salad, Chicken Burger","Cafe, Italian, Pizza, Burger, Beverages"
2412,"Lassi","Beverages, Ice Cream"
2413,"Fish, Kosha Mangsho, Mishti Doi, Aam Panna, Prawn, Nolen Gurer Ice Cream, Luchi","Bengali, Mughlai"
2414,"Chaat, Panipuri, Lassi, Gol Gappe, Paratha, Pav Bhaji, Samosa","North Indian, Street Food, Mithai"
2415,"French Toast, Masala Omelette, Pasta, Egg Paratha, Caramel Custard, Biryani, Penne Alfredo","Continental, American"
2416,"\N","Kebab"
2417,"Curd Rice, Pongal, Coffee, Thali, Noodles, Pav Bhaji, Masala Dosa","Chinese, South Indian, North Indian"
2418,"\N","Biryani, Chinese, Fast Food, North Indian"
2419,"\N","North Indian, Chinese, Assamese"
2420,"Paneer Pizza, Chicken Keema, Peri Peri Pizza, Chicken Chunks","Pizza"
2421,"Paratha, Kheer, Thali, Roti, Rajma, Paneer Chatpata","North Indian"
2422,"\N","Chinese, Burger"
2423,"Paneer Steak, Peri Peri Pizza, Lamb Chops, Chicken Biryani, Cocktails, Mocktails, Kiwi Delight","Finger Food, Continental, North Indian"
2424,"Potato Wedges, Chicken Shawarama, Popcorn Chicken","Fast Food, Sandwich"
2425,"\N","Arabian, Middle Eastern, Rolls, Seafood, BBQ"
2426,"\N","Street Food, Maharashtrian"
2427,"Pizza, Pancakes, Penne Pasta, Hot Chocolate, Mezze Platter, Cappuccino, Waffles","Cafe, Italian, Pizza"
2428,"Momos, Fish, Chilli Chicken, Singapore Noodles, Bamboo Rice, Dumplings, Tom Yum Soup","Chinese, Asian, Seafood"
2429,"Paneer Lababdar, Ginger Tea, Butter Kulcha, Chicken Boneless Biryani, Chaat, Chai","Hyderabadi, North Indian, South Indian, Biryani"
2430,"Pasta, Pizza","Continental, Italian, Chinese"
2431,"\N","South Indian, Chettinad, North Indian"
2432,"\N","Continental, Fast Food, Italian, North Indian"
2433,"\N","Bihari, Chinese"
2434,"\N","Chinese, Kebab, North Indian"
2435,"Momos, Chicken Spring Rolls, Chilli Chicken, Chicken Momo, Chop Suey, Chicken Noodle, Hakka Noodles","Chinese, Momos"
2436,"Pizza, Lauki Halwa, Keema Pav, Mutton Kebab, Crab Sushi, Appam, Mutton Chops","Asian, Mediterranean, North Indian, BBQ"
2437,"Brownie, Cappuccino, Burgers","Cafe, Fast Food"
2438,"Dum Biryani","Biryani, Chinese"
2439,"Beer, Cocktails, Beef Steak, Beef Chilli, Nachos, Pasta, Pizza","Continental, Steak"
2440,"Thali, Aamras, Malpua, Dal Bati, Lassi, Plain Rice, Buttermilk","Rajasthani, North Indian"
2441,"Burgers, Chicken Soup, Minestrone Soup, Pasta, Au Gratin, Veggie Pizza, Chicken Burger","Cafe, Mexican, Italian, Pizza"
2442,"Paratha, Noodles","North Indian, Chinese"
2443,"Ice Cream Roll, Oreo Ice Cream, Rolls, Chocolate Peanut Butter, Nutella Cookie","Desserts, Ice Cream"
2444,"Tandoori Chaap, Rice, Tandoori Chicken, Tandoori Platter","North Indian"
2445,"Salads, Tabbouleh, Mutton Curry, Falafel, Pasta, Kheer, Lunch Buffet","Arabian"
2446,"Buttermilk, Fish Curry, Biryani, Beef Fry, Pazham Pori, Chicken Malabari, Chicken Curry","Kerala, Seafood"
2447,"\N","South Indian, North Indian, Chinese, Rolls, Fast Food"
2448,"Liti Chokha, Palak Paneer, Litti, Poha, Pav Bhaji, Noodles, Chai","North Indian, Street Food, Chinese, Fast Food"
2449,"Andhra Meal, Andhra Style Chilli Chicken, Chicken Biryani, Chicken Guntur","North Indian"
2450,"Pizza, Beer, Cocktails, Nachos, Pasta, Moo Burger, Noodles","Finger Food, American, Continental, Burger, Pizza"
2451,"\N","Street Food, Fast Food, North Indian"
2452,"Chilli Potatoes, Pasta, Pizza, Murgh Ghee Roast, Beer, Cocktails, Roast Chicken","Continental, Italian, North Indian"
2453,"Pasta, Pizza, Garlic Bread, Ravioli, Orange Mojito, Chicken Calzone, Mocktails","Italian, Pizza, Salad"
2454,"Chicken Biryani, Dum Biryani, Hyderabadi Style Biryani, Chicken Kebab","Andhra, Biryani, South Indian"
2455,"Rolls, Paratha, Double Egg Roll","Street Food, Rolls"
2456,"\N","Salad, Greek, Mediterranean"
2457,"Lemon Chicken, Chicken Biryani","Biryani, South Indian"
2458,"Benne Masala Dosa, Filter Coffee, Chai, Butter Masala Dosa, Crispy Vada, Tea, Kesari Bath","South Indian"
2459,"Breakfast Buffet, Fish","North Indian, Chinese, Continental"
2460,"Pizza, Pasta, Pepperoni, Wine, Salads, Chicken Bruschetta, Tiramisu","Italian, Salad"
2461,"Biryani, Peshawari Paneer, Dal Tadka, Veg Pulao, Yakhni Shorba, Phirni, Murgh Peshawari","North Indian, Mughlai, Afghan"
2462,"Red Velvet Cake, Chocolate Truffle","Bakery, Desserts"
2463,"\N","BBQ, Continental, North Indian, Chinese, Beverages"
2464,"Wheat Beer, Risotto, Craft Beer, Caesar Salad, Pizza, Hefeweizen, Cheesy Garlic Bread","Continental, European, BBQ, Chinese, Asian"
2465,"Biryani, Chicken Kebab, Andhra Meal, Lime Soda","North Indian"
2466,"Hariyali Chicken, Rice Kheer, Chicken Kebab, Chicken Biryani, Firewood Biryani, Mutton Biryani, Badam Phirni","Biryani, Kebab, Rolls"
2467,"Mocktails, Corn Cigars, Seekh Kebab, Potli Biryani, Pizza, Thali, Rumali Roti","North Indian, Continental"
2468,"Biryani","Andhra, South Indian, Chinese, North Indian"
2469,"Hyderabadi Biryani, Tikka, Chicken Biryani, Chicken Lollipop, Paneer Kulcha","North Indian, Biryani"
2470,"Paratha","North Indian, Chinese, Rolls"
2471,"Biryani, Fish, Pepper Chicken","Biryani, Chinese, North Indian, South Indian"
2472,"Burgers, Fries, Veg Burger, Wings","Fast Food, Burger"
2473,"Chicken Biryani, Vegetable Biryani, Raita","Biryani, Andhra"
2474,"Cocktails, Long Island Iced Tea, Mojito, Peri Peri Chicken, Mocktails, Chicken Satay, Beer","Continental"
2475,"Chocolava, Nutella Brownie, Ferrero Rocher, Hot Chocolate Fudge","Desserts, Ice Cream, Beverages"
2476,"Pasta, Garlic Bread, Wedges, Veg Supreme Pizza, Pane Pizza, Masala Lemonade, Salads","Pizza, Fast Food"
2477,"Veg Pulao, Sarso Da Saag, Murgh Makhani, Makkai Roti, Tandoori Chicken, Dal Makhani, Paya Shorba","Biryani, North Indian"
2478,"Momos, Wedges, Chai, Veg Club Sandwich, Masala Tea, Pasta, Hot Chocolate","Cafe, Continental, Momos, Italian, North Indian"
2479,"Rava Idli, Open Dosa, Masala Dosa, Kesari Bath, Idli Vada","North Indian, South Indian, Chinese"
2480,"Pasta, Chocolate Pizza, Cheesecake, Tikka","Pizza, Cafe, Italian"
2481,"Cup Cake, Cake Pops, Chocolate Truffle","Desserts"
2482,"Hyderabadi Dum Biryani, Vegetable Biryani","Andhra, North Indian, Chinese, Biryani"
2483,"\N","Continental, Chinese, North Indian, Finger Food"
2484,"Khao Suey, Pizza, Virgin Mojito, Cocktails, Sushi, Fish, Ramen","BBQ, Continental, North Indian, Pizza, European"
2485,"Chicken Grill, Butter Chicken, Shawarma, Chicken Shwarma Roll, Chicken Lollipop, Rumali Roti, Rolls","North Indian, Chinese, Rolls"
2486,"Noodle, Momos, Manchow Soup","Chinese, Thai, Momos"
2487,"Margarita, Lamb, Cocktails, Nachos, Spring Roll, Long Island Iced Tea, Mocktails","Finger Food"
2488,"Malai Kofta, Fries, Chicken Biryani, Stuffed Kulcha","North Indian, Chinese, Biryani"
2489,"Pasta, Coffee, Pizza, Burgers, Momos, Latte, Americano","Cafe"
2490,"Sea Food, Pizza, Biryani, Coffee, Fish, Chaat, Pasta","Continental, North Indian"
2491,"Misal Pav, Pizza, Fafda, Pav Bhaji, Rava Dosa, Chaat, Panipuri","North Indian"
2492,"Belgian Waffles, Hot Chocolate, Salted Caramel, Nutella Waffle","Desserts, Beverages"
2493,"Cocktails, Sangria, Butter Chicken, Corn Fritters, Paneer Steak, Chicken Steak, Palak Paneer","Asian, Burger, Chinese, Finger Food"
2494,"Paneer Biryani","Biryani, Mughlai, North Indian"
2495,"\N","Continental, BBQ, Beverages"
2496,"\N","Cafe, Fast Food, Chinese"
2497,"Tandoori Chicken, Burgers","North Indian, Chinese, Fast Food, Beverages"
2498,"Manchow Soup, Spring Roll, Masala Papad, Curd Rice, Malai Kofta, Roti, Thali","North Indian, Chinese, South Indian"
2499,"\N","Chettinad, Mangalorean, South Indian, North Indian"
2500,"Tandoori Chicken, Ghee Rice, Dal Fry","Chinese, North Indian"
2501,"Chicken Keema Samosa, Aloo Samosa, Manchurian Samosa, Paneer Samosa","Street Food, Fast Food, Rolls, Desserts"
2502,"\N","Beverages, Juices, Healthy Food"
2503,"Paneer Biryani, Naan","North Indian, Biryani"
2504,"Chicken Biryani, Thali, Rolls, Ambur Biryani, Palak Paneer, Salad, Bhatti Ka Murgh","North Indian, Chinese, Biryani"
2505,"Cocktails, Long Island Iced Tea, Paneer Lababdar, Keema Pav, Nachos, Peri Peri Fries, Beer","Asian, Continental, Finger Food"
2506,"Tea, Maggi, Omelette, Kullad Chai, Chicken Sausages, Momos, Masala Chai","Cafe"
2507,"\N","Continental, North Indian, Fast Food"
2508,"Salted Caramel Brownie","Desserts, Bakery"
2509,"Pizza, Cocktails, Cheese Balls","Finger Food"
2510,"Rolls, Shawarma, Butter Chicken, Mutton Biryani, Lahori Chicken, Chicken Roll, Grape Juice","North Indian, Kebab, Biryani, Chinese"
2511,"Egg Tadka, Roti, Veg Thali","Oriya, Bengali"
2512,"Ulavacharu, Biryani, Rajugari Kodi Pulao, Bangla Kodi, Curd Rice, Gadwal Kodi Pulao, Fish","Andhra, North Indian, Chinese"
2513,"Salad, Mocktails, Chocolava, Pesto Pasta, Momos, Jasmine Rice, Tom Yum Soup","Chinese, Thai, Continental, North Indian"
2514,"Neer Dosa, Mutton Biryani, Brownie, Paan Ice Cream, Cocktails, Mocktails, Vegetable Biryani","North Indian, Chinese, Mughlai, Mexican, BBQ"
2515,"Biryani, Appam, Butter Naan","Chettinad, South Indian"
2516,"Masala Dosa, Coffee, Rava Idli, Badam Halwa, Thali, Vada, Fruit Salad","South Indian"
2517,"\N","Arabian, Mediterranean, North Indian"
2518,"Panneer Butter Masala, Manchurian, Noodles, Tandoori Roti, Naan, Paratha, French Fries","North Indian, Chinese"
2519,"Pizza, Burgers, Chicken Pasta, Minestrone Soup, French Onion Soup, Hot Dog, Coffee","Cafe, Continental, Italian, Burger, Pizza, Salad, Steak"
2520,"Filter Coffee, Masala Dosa, Vada","South Indian, Coffee"
2521,"\N","Momos, Fast Food, Burger, North Indian, Desserts, Biryani"
2522,"Khau Suey, Ravioli, Pork Ribs, Basil Pannacotta, Tender Coconut Ice Cream, Mocktails, Sushi","Asian, European, Italian, Korean, Malaysian, Thai, Vietnamese, Chinese"
2523,"Burgers, Beef Burger, Cheesy Fries, Peri Peri Chicken Burger, Beef Patty, Oreo Shake, Steak Burger","Burger, Fast Food"
2524,"Masala Dosa, Thali, Rice","South Indian, North Indian, Chinese"
2525,"Beer, Cocktails, Prawn Ghee Roast, Bbq Chicken Pizza, Chicken Nachos, Appam, Chicken Steak","Finger Food, Continental, Italian, Salad"
2526,"Raita, Muradabadi Biryani","North Indian, Biryani, Awadhi, Mughlai"
2527,"Tea, Masala Chai, Filter Coffee, Sandwich, Burgers, Orange Juice, Poha","Cafe"
2528,"\N","South Indian, Fast Food, Chinese"
2529,"Cocktails, Burgers, Pasta, Exotic Pizza, Long Island Iced Tea, Honey Chilli Potatoes, Nachos","Continental, American, North Indian, Chinese"
2530,"Rasgulla, Mutton Kosha, Chicken Kasha, Samosa Chaat, Kheer, Veg Thali","Oriya, Fast Food"
2531,"Chicken Lollipop, Garlic Butter Noodle","Chinese, Momos"
2532,"\N","Biryani, South Indian, North Indian, Fast Food"
2533,"Rolls, Kathi Roll, Mutton Roll, Chicken Roll, Firni, Chicken Tikka, Bengali Style Biryani","North Indian, Kebab, Biryani, Rolls"
2534,"\N","Finger Food, Continental, American, Chinese"
2535,"Apple Pie, New York Cheesecake","Desserts"
2536,"Rumali Roti, Rumali Shawarma, Burgers, Shawarma Burger","Arabian"
2537,"Sea Food, Neer Dosa, Fish, Crab Sukha, Biryani, Chicken Thali, Chicken Meal","Mangalorean, North Indian, Chinese, Seafood"
2538,"Pizza, Cocktails, Pasta, Churros, Mocktails, Mushroom Soup, Long Island Iced Tea","Pizza, Italian, Chinese, Thai"
2539,"Fruit Custard, Russian Cutlet","Bohri"
2540,"Butter Chicken Biryani, Gulab Jamun, Chicken Afghani Biryani, Chicken Tikka Biryani, Dal Bukhara, Hara Bhara Kebab, Mutton Keema","Biryani, North Indian, Kebab"
2541,"Nachos, Noodles, Burgers, Tea, Fries, Pasta, Chicken Burger","Cafe, Continental, Beverages"
2542,"\N","Biryani, South Indian, North Indian, Chinese"
2543,"Chicken Biryani","Chinese, North Eastern"
2544,"Biryani","Biryani, South Indian, North Indian, Chinese"
2545,"Rolls, Momos, Paneer Roll, Veggie Roll","Fast Food, Rolls, Momos"
2546,"Pasta, Pepperoni, Garlic Bread, Supreme Pizza, Pane Pizza","Pizza, Fast Food"
2547,"Hot Chocolate, Sandwich, Sushi, Red Velvet, Pumpkin Ravioli, Cajun Fries, Gooey Chocolate Cake","Desserts, Cafe, Beverages"
2548,"Waffles, Cup Cake, Chocolate Cake","Ice Cream, Desserts, Beverages"
2549,"Masala Dosa","South Indian, North Indian"
2550,"Pizza, Fries, Anjeer Ice Cream, Sandwiches, Gelato, Burgers, Kesar Badam","Cafe, Italian"
2551,"Noodles, Momos, Veg Manchow Soup, Kung Pao Chicken, Chicken Lollipop, Chop Suey, Dragon Chicken","Chinese, Thai, Momos"
2552,"\N","Mangalorean, South Indian, North Indian"
2553,"\N","South Indian, Chinese, North Indian, Juices"
2554,"Pasta, Pepper Pizza, Paneer Pizza, Peppy Paneer, Nachos, Supreme Pizza, Manchow Soup","Italian, North Indian, Mexican"
2555,"\N","North Indian, Chinese, Biryani, Kebab"
2556,"\N","Andhra, South Indian, Biryani, North Indian"
2557,"Stuffed Mushroom, Chicken Biryani, Jal-jeera","North Indian, Chinese"
2558,"Coffee, Sandwich, Hot Chocolate, Ice Tea, Sandwiches, Chicken Lasagne, Pizza","Cafe, American, Pizza"
2559,"Pizza, Pasta Alfredo, Brownie, Garlic Bread, Sandwiches, Lemon Mojito, Mocha Fudge","Cafe, Italian, Beverages"
2560,"\N","Mangalorean, Chinese"
2561,"Vegetable Biryani, Masala Dosa, Kulcha, Masala Papad, Tomato Soup","North Indian, South Indian"
2562,"Curd Rice, Coriander Soup, Masala Dosa, Biryani, Thali","South Indian"
2563,"Egg Biryani, Chicken Curry, Chicken Boneless Biryani, Chilli Chicken, Vegetable Biryani, Jeera Rice","Andhra, Biryani, North Indian, Chinese"
2564,"Carrot Halwa, Paneer Satay, Manchow Soup, Gajar Ka Halwa, Butter Naan, Mocktails, Tandoori Mushrooms","North Indian, South Indian, Chinese"
2565,"Butter Chicken, Chole, Chicken Tikka, Biryani Combo, Roti, Tandoori Chicken, Naan","North Indian, Biryani"
2566,"Rolls, Momos, Paratha, Chicken Tikka Roll, Mutton Keema, Egg Roll","Fast Food, Rolls, Momos"
2567,"Rasmalai, Pav Bhaji","Mithai, Street Food"
2568,"Masala Dosa, Babycorn Manchurian, Filter Coffee, Chaat, Dahipuri, Masala Papad, Raagi Dosa","North Indian, South Indian, Chinese"
2569,"Burgers, Mocha Frappe, French Fries, Maharaja Mac, Oreo Shake, Egg Wrap","Burger, Fast Food"
2570,"\N","Beverages, Fast Food, Italian"
2571,"\N","Rolls, Juices"
2572,"Brinjal Curry, Misal Pav, Chicken Thali, Chicken Kolhapuri, Sabudana Vada, Veg Thali","Maharashtrian"
2573,"Biryani, Kshatriya Kebab","Biryani, Andhra"
2574,"Chicken Biryani, Basmati Rice, Prawn, Tandoori Chicken, Vegetable Biryani, Galauti Kebab, Faluda","Biryani, North Indian, Mughlai"
2575,"Chicken Sizzler, Garlic Bread, Potato Wedges, Vanilla Ice Cream, Pasta, French Fries","Continental, Chinese, Thai, Italian, BBQ, Steak"
2576,"\N","Gujarati"
2577,"Coffee, Sandwich","Cafe, Fast Food"
2578,"Ulavacharu, Biryani, Bangla Kodi, Rajugari Kodi Pulao, Gadwal Kodi Pulao, Curd Rice, Fish","Andhra, North Indian, Chinese"
2579,"\N","Burger, Fast Food, Finger Food"
2580,"\N","North Indian, South Indian, Asian, Continental"
2581,"Dal Makhani, Chicken Curry, Sandwiches, Paratha, Butter Chicken","North Indian, Mughlai, Fast Food"
2582,"Mysore Pak, Cocktails, Burgers, Pork Ribs, Fish, Mocktails, Beer","American, European"
2583,"Donut, Chocolate Truffle, Rainbow Cake, Cup Cake, Sandwiches, Eggless Cake, Cheesecake","Desserts, Bakery"
2584,"Noodles, Spring Roll, Dragon Chicken, Hunan Chicken, Lung Fung Soup, Prawn, Chop Suey","Chinese, Thai"
2585,"Rolls, Momos, Masala Fries, Kulfi, French Fries, Egg Roll, Paneer Roll","Fast Food, Rolls, Momos"
2586,"Vegetable Biryani, Chicken Biryani, Raita, Chicken Kebab, Hyderabadi Biryani, Fish Biryani, Paneer Biryani","Biryani"
2587,"\N","Arabian, South Indian"
2588,"Pasta, Salads, Mousse, Brownie, Chicken Sandwich, Fish Grill, Lunch Buffet","Italian, Chinese, Continental, North Indian, Seafood, Thai"
2589,"Biryani","Fast Food, North Indian"
2590,"Dal Makhani, Paratha, Brownie, Salad, Masala Lemonade, Chicken Biryani, Salads","North Indian, Mughlai, Fast Food"
2591,"\N","South Indian, North Indian, Chinese, Seafood"
2592,"\N","North Indian, Biryani, Arabian"
2593,"Chaat, Lassi, Tawa Pulav, Potato Twister, Dal Makhani, Chole Bhature, Rajma","Street Food, North Indian"
2594,"Panneer Butter Masala, Brownie Chocolate, Dhokla, Pav Bhaji, Mushroom Manchurian, Enchiladas, Kachori","Chinese, North Indian, South Indian, Street Food, Fast Food"
2595,"Chaat, Pav Bhaji, Biryani, Lassi, Mocktails, Dahipuri, Lemongrass Mocktail","North Indian, Chinese, Continental"
2596,"Cocktails","Continental, Chinese"
2597,"\N","Andhra, Biryani, Beverages, Kebab"
2598,"Rolls, Chilli Chicken, Biryani, Seekh Kebab, Naan, Rumali Roti, Burgers","North Indian, Chinese, Fast Food"
2599,"Biryani","North Indian, Chinese, Biryani"
2600,"Mocktails, Cocktails, Beer, Pasta, Tacos, Pizza, Chicken Tikka Masala","North Indian, Continental, Cafe"
2601,"Coffee, Burgers, Croissants, Cheesecake, Pasta, Sandwich, Spaghetti","Cafe, Desserts"
2602,"Biryani, Gulab Jamun, Raita","Biryani"
2603,"Biryani, Chicken Curry, Kerala Parotta, Appam, Chicken Grill","North Indian, Chinese"
2604,"Peri Peri Chicken, Nachos, Cocktails, Pizza, Pasta, Beef Teriyaki, Tikka","Continental, Asian, Modern Indian"
2605,"Chicken Wings, Murgh Ghee Roast, Paneer Tikka","North Indian, Chinese, Mangalorean"
2606,"\N","North Indian, South Indian, Seafood, Chinese"
2607,"Salads, Salad, Veg Platter, Lunch Buffet, Kadai Paneer, Mint Masala, Veg Buffet","Chinese, North Indian"
2608,"Salads, Mint Masala, Breakfast Buffet, Pasta, Spring Roll, Lunch Buffet, Roti","North Indian, Chinese"
2609,"Margarita, Chicken Tikka, Chocolate Pizza, Prawn Ravioli, Mocktails, Potato Wedges, Tiramisu","Pizza, Cafe, Italian"
2610,"Chicken Biryani","Andhra, Biryani, South Indian"
2611,"Potato Fries, Chicken Curry","Fast Food"
2612,"Lemon Rice","South Indian"
2613,"Momos, Chop Suey","Chinese, Momos"
2614,"\N","North Indian, Chinese, Momos"
2615,"Coffee, Roti, Pongal, Idli, Ghee Masala Dosa, Thali, Chaat","South Indian, Fast Food, Street Food"
2616,"Hyderabadi Biryani, Roti, Chicken Dum Biryani, Pepper Chicken, Chicken Masala, Gongura Chicken, Veg Platter","Hyderabadi, North Indian, Chinese, Biryani"
2617,"Spring Roll, Butter Naan, Fish, Haleem, Panneer Butter Masala, Roti, Hyderabadi Chicken Biryani","North Indian, Chinese, Biryani"
2618,"Noodles, Manchow Soup, Dragon Chicken, Crispy Chicken, Prawn, Chicken Spring Rolls, Spring Roll","Chinese, Thai"
2619,"\N","Biryani, Hyderabadi, Chinese"
2620,"Paratha, Rajma","North Indian, Chinese"
2621,"Kheer, Raita, Custard, Rajma Chawal, Gulab Jamun, Aloo Paratha, Chole","North Indian"
2622,"Burgers, Jerk Chicken Salad, Salads, Lemon Mojito, Lemonade, Chicken Patty, Veg Burger","Fast Food"
2623,"Seekh Kebab, Hyderabadi Biryani, Vegetable Biryani, Chicken Biryani, Raita, Kheer, Egg Biryani","Biryani, North Indian"
2624,"\N","Bengali, Fast Food"
2625,"\N","Ice Cream, Fast Food, Beverages, Burger, Desserts, Juices"
2626,"Beer, Margarita, Long Island Iced Tea, Cocktails, Pizza, Churros, Mocktails","Continental, Mediterranean, South Indian, North Indian, Asian"
2627,"Paratha, Chaat, Jalebi Rabri, Kheer, Pav Bhaji, Paneer Pakora, Raj Kachori","North Indian, Street Food"
2628,"Sushi, Miso Soup, Steak, Tea, Ramen, Rolls, Tempura","Japanese"
2629,"Biryani, Chicken Grill, Roast Chicken, Tandoori Chicken, Pepper Chicken, Roti, Rolls","Arabian, Mughlai, Chinese, Kebab, Fast Food"
2630,"Donut, Burgers, Eclair, Hot Chocolate","Burger, Desserts, Fast Food"
2631,"Lassi, Chicken Curry, Chicken Malai Tikka, Butter Chicken, Panner Tikka, Butter Naan, Murgh Makhni","North Indian, Mughlai"
2632,"Mutton Biryani, Thali","North Indian, Biryani, Chinese"
2633,"Burgers, Fries, Schezwan Burger, Maharaja Mac","Burger, Fast Food"
2634,"Roti","North Indian"
2635,"Fish Chilli, Kadhai Paneer, Vegetable Biryani, Chicken Kebab, Veg Thali, Chicken Butter Masala, Butter Naan","North Indian, Andhra"
2636,"Salads, Gulab Jamun, Momos, Pasta, Veg Buffet","BBQ, Biryani, Continental"
2637,"Pizza, Pepperoni, Wine, Salads, Tiramisu, Chicken Bruschetta, Sangria","Italian, Salad"
2638,"Rolls, Biryani, Chicken Roll, Chicken Kebab, Mutton Seekh Roll, Keema Roti","North Indian, Chinese, Mughlai, Kebab"
2639,"Noodles, Momos, Chicken Dumplings, Chicken Momo, Chowmein, Honey Chilli Potatoes, Thukpa","Chinese, Thai"
2640,"Burgers, Aloo Paratha, Momos, Gulab Jamun, Mutton Roganjosh, Noodles, Butter Chicken","North Indian, Chinese"
2641,"Coffee, Tea, Pasta, Pancakes, Potato Wedges, Waffles, Chicken Slider","Cafe, Continental, American, Desserts"
2642,"Momos","Chinese, Thai, Momos"
2643,"Omelette, Chicken Grill","Fast Food"
2644,"\N","North Indian, South Indian, Kerala, Arabian"
2645,"Garlic Bread, Nachos, Pasta, Thin Crust Pizza, Manali Pizza, Hawaian Pizza","Pizza, Italian"
2646,"Burgers, Sandwiches, Pasta, Moo Burger, Cheesy Fries, Beef Burger, Potato Skins","Cafe, Burger, Italian, Salad"
2647,"\N","Biryani, Kebab, North Indian"
2648,"Cocktails, Fries, Dal Makhani, Panneer Butter Masala, Chicken Nachos","North Indian, Continental, British"
2649,"\N","American, Sandwich"
2650,"Masala Prawn, Kerala Parotta, Crab Soup, Sea Food, Egg Masala, Mutton Soup, Paratha","Chettinad, South Indian"
2651,"Exotic Garlic Bread, Spicy Falafel, Burgers, Pasta, Pita Pocket, Pita Pizza, Veggie Pizza","Italian, Pizza"
2652,"Rajma, Fried Rice, Lassi, Butter Phulkas, Bhindi Fry, Thali, Butter Chicken","North Indian"
2653,"Prompt Service","North Indian, Chinese, Biryani, Rolls"
2654,"\N","Bakery, Juices, Coffee, Tea"
2655,"Sandwich","Salad, Fast Food"
2656,"Palak Khichdi, Hyderabadi Biryani, Seekh Kebab, Chole, Naan, Chaat, Fries","Biryani, Chinese, Continental, North Indian, Pizza"
2657,"\N","Burger, Juices"
2658,"Sandwiches, Chicken Sandwich, Paneer Sandwich, Fruit Juices, Hot Chocolate, Oreo Shake, Watermelon Juice","Healthy Food, Beverages"
2659,"Cocktails, Pork Dumplings, Pork Steak, Cosmopolitan, Pizza, Mocktails, Chicken Pasta","European, Continental"
2660,"Paratha, Chicken Kebab, Biryani, Lassi, Butter Chicken, Veg Kolhapuri, Pahari Chicken","North Indian"
2661,"Hara Bhara Kabab, Crispy Corn, Patiala Paneer, Panneer Butter Masala, Dum Biryani, Lassi, Jal-jeera","North Indian, Chinese"
2662,"Gulab Jamun, Raita, Paneer Biryani, Mutton Biryani, Buttermilk, Gosht Biryani, Basmati Rice","Biryani"
2663,"Rabri, Panipuri, Badam Milk, Kachori, Moong Dal Halwa","Mithai, Street Food"
2664,"Mississippi Mud","Ice Cream"
2665,"Paratha, Roti, Curd Rice, Thali, Tea, Dal Bati, Gajar Halwa","North Indian, Gujarati, Street Food"
2666,"Roast Chicken Pizza, Ricotta Ravioli, Pasta, Berryblast, Paneer Tikka Pizza, Barbeque Chicken Pizza, Mocktails","Pizza, Cafe, Italian"
2667,"Shawarma, Al Faham Chicken, Noodles, Mutton Chops, Chicken Grill, Sweet Lassi, Biryani","Arabian, North Indian, Chinese, Beverages"
2668,"\N","Street Food, Fast Food, Beverages"
2669,"Mutton Biryani","Andhra, South Indian, North Indian"
2670,"Hot Wings, Crispy Chicken, Popcorn Chicken, Rice Bowl, Rice Bowls, Zinger Burger","Burger, Fast Food"
2671,"Lemonade, Manchurian, Vegetable Noodles, French Fries, Veg Hakka Noodles","Asian, Chinese, Thai, Seafood, Momos"
2672,"Noodles, Chicken Lollipop","Chinese"
2673,"Rolls, Momos, Paratha, Chicken Tikka Roll, Mutton Keema, Egg Roll","Rolls, Chinese"
2674,"Beef Steak, Cocktails, Mojito, Paneer Ke Sholay, Caramel Custard, Prawn Ghee Roast, Beer","Chinese, Continental, North Indian, Burger, Pizza, Seafood"
2675,"Egg Biryani, Egg Chilli, Mutton Biryani, Hyderabadi Biryani, Naan, Raita, Butter Chicken","Biryani, Andhra, North Indian, Chinese"
2676,"Burgers, Hot Wings, Fries","Fast Food, Burger, Pizza"
2677,"Chaat, Pav Bhaji, Buttermilk, Ajwaini Paratha, Raj Kachori, Sev Puri, Bhel Puri","North Indian"
2678,"Pizza, Barbeque Chicken","Pizza, Fast Food"
2679,"Pasta, Lunch Buffet, Butter Chicken, Salads, Bhuna Gosht, Salad, Sea Food","Asian, North Indian, South Indian, Momos"
2680,"Roti, Paratha, Jeera Rice, Panneer Butter Masala, Sweet Lassi, Tandoori Chicken, Tawa Chicken","North Indian, Chinese"
2681,"Pizza, Mutton Kebab, Chicken Biryani, Sea Food, Chicken Dim Sum, Mutton Keema, Pasta","Asian, Mediterranean, North Indian, BBQ"
2682,"Caesar Salad, Khao Suey, Beef Steak, Veggie Pizza, Pasta, Peri Peri Chicken Pizza, Mousse","Japanese, Italian, American, Asian, North Indian, Steak"
2683,"Biryani, Tandoori Chicken, Tandoori Roti, Chicken Tikka, Paratha, Salad, Raita","North Indian, Biryani"
2684,"Chaat, Panipuri, Jalebi, Vada Pav, Samosa, Gol Gappe, Chole Bhature","Street Food, North Indian"
2685,"Thick Shakes, Belgium Chocolate, Triple Choco Chip, Chocolate Thickshake, Brownie Shake, Mango Blast, Belgian Chocolate Shake","Beverages, Juices"
2686,"Chilli Prawns, Barbeque Chicken, Vegetarian, Shawarma, Noodles, Roti, Mutton Biryani","North Indian, South Indian, Chinese, Seafood, Kerala, Arabian, Juices"
2687,"Gulab Jamun, Thali, Dal Makhani, Paneer Curry, Rajma","North Indian"
2688,"Pepperoni, Cheesy Pizza","Italian, Pizza"
2689,"Chicken Grill","Kerala, Seafood, South Indian, Chinese, North Indian, Charcoal Chicken, Beverages"
2690,"Stuffed Garlic Bread","Pizza, Fast Food"
2691,"Mango Lassi, Tomato Soup, Egg Curry, Chana Masala, Sarson Ka Saag, Butter Chicken, Kadai Paneer","North Indian"
2692,"Cocktails, Andhra Chilli Chicken, Bruschettas, Nachos, Beer, Pizza, Ravioli","North Indian, South Indian, Continental, Asian"
2693,"Burgers, Nachos, Oreo Shake, Veg Sandwich, Veg Burger","Burger, Beverages, Fast Food"
2694,"Luchi, Sweet Corn Veg Soup","North Indian, Bengali, Chinese"
2695,"Chaat, Rasmalai, Mysore Pak, Rasgulla, Dahipuri, Jalebi, Chole","Mithai, Street Food"
2696,"Clear Soup, Manchow Soup, Spring Roll, Chop Suey, Veg Momos, Hunan Chicken, Cantonese Noodles","Chinese, Momos"
2697,"Coffee, Broccoli Soup, Chicken Ceaser Salad, Chicken Burger, Wedges, Pasta, Pancakes","Cafe"
2698,"Mutton Biryani, Chicken Biryani","South Indian, Biryani, Chinese, North Indian"
2699,"Burgers, Spaghetti, Beef Burger, Cheesecake, Steak, Chicken Burger, Pasta","Continental, Burger, Cafe, Steak"
2700,"\N","Fast Food, BBQ, Rolls, Arabian, North Indian"
2701,"Shawarma, Mutton Biryani, Angara Kebab, Ghee Rice","Arabian, Mughlai, North Indian, Chinese, Rolls"
2702,"\N","Iranian, Mughlai, Chinese"
2703,"Pan Cake, Nutella Pancakes","Desserts, Cafe"
2704,"\N","Mughlai, Cafe"
2705,"Pasta, Beer, Pepper Chicken, Onion Rings, Mocktails, Supreme Pizza, Fish Finger","Continental, North Indian, Chinese"
2706,"Paratha, Matka Lassi, Rabri, Masala Soda, Chaach, Veg Kolhapuri, Punjabi Lassi","North Indian"
2707,"Momos, Rice Noodles, Kung Pao Chicken, Rice Bowl, Noodle, Thai Green Curry, Chicken Dim Sum","Asian, Chinese, Momos, Fast Food, Indonesian, Korean"
2708,"Gajar Ka Halwa, Custard, Hara Bhara Kebab, Brownie, Sev Puri, Pasta, Paan Ice Cream","North Indian, Italian"
2709,"\N","Sandwich, Fast Food, Salad, Bakery, Juices"
2710,"Firni, Rolls, Egg Roll, Chicken Biryani, Mutton Biryani, Calcutta Biryani, Haleem","North Indian, Kebab, Biryani, Rolls"
2711,"Brownie, Belgium Chocolate, Tiramisu, Ice Cream Sundae","Desserts"
2712,"Jowar Roti, Buttermilk, Jolada Rotti, Brinjal Curry, Coffee, Pongal, Vegetable Biryani","South Indian, Fast Food"
2713,"Cocktails, Biryani, Paneer Makhani, Sangria, Tandoori Chicken, Veg Pulao, Tomato Shorba","North Indian, Mughlai"
2714,"Chicken Guntur, Hyderabadi Biryani, Ghee Roast Biryani, Chicken Dum Biryani, Chicken Boneless Biryani, Vegetable Biryani, Raita","Andhra, Biryani, North Indian"
2715,"\N","Healthy Food, Beverages, Fast Food"
2716,"Badam Milk, Chaat, Rasmalai, Mysore Pak, Samosa, Paneer Cutlets, Kachori","Mithai, Fast Food"
2717,"Salads, Salad, Sushi, Kung Pao Chicken, Bento Box, Nasi Goreng, Baked Yogurt","Continental, Fast Food, Salad"
2718,"\N","Healthy Food, Mexican, Asian, Continental"
2719,"Appam, Kerala Parotta, Buttermilk, Biryani, Chicken Fry, Fish Curry, Beef Fry","Kerala"
2720,"Chaat, Panipuri, Rajma Chawal, Dahi Bhalle, Dhokla, Thepla","North Indian, Fast Food"
2721,"Virgin Mojito, Pasta Alfredo, Mocktails, Mutton Boti Kebab, Diwani Handi, Chelo Kebab, Dragon Rolls","North Indian, Chinese, Continental"
2722,"Chicken, Biryani, Rice, Garlic Naan, Roti","North Indian, Chinese, Rolls"
2723,"Margarita, Masala Peanuts, Cocktails, Momos, Pizza, Beer, Chicken Nachos","Continental, North Indian, Italian"
2724,"Garlic Bread, Chicken Keema Pizza, Bbq Chicken, White Sauce Pasta, Veg Supreme, Paneer Pizza, Capsicum Pizza","Pizza"
2725,"Rolls, Chicken Roll, Chicken Biryani, Chicken Lollipop","North Indian, Chinese, Biryani, Rolls"
2726,"Murgh Ghee Roast, Chicken Guntur, Egg Fried Rice, Thali, Mutton Biryani, Naan, Andhra Meal","North Indian, Chinese, Andhra"
2727,"Garlic Bread, Pasta, Cheesy Pizza","Pizza"
2728,"\N","North Indian, Sandwich, Beverages"
2729,"Chicken Biryani, Burgers, Halwa, Malabari Biryani, Noodles, Shawarma Roll, Barbeque Chicken","Arabian, North Indian, Chinese, Salad, Beverages"
2730,"\N","Biryani, Mughlai, Chinese, North Indian"
2731,"\N","European, Italian, Seafood, Continental"
2732,"Fish, Tandoori Chicken, Neer Dosa, Sea Food","North Indian, Chinese"
2733,"Coffee, Sandwiches, Pasta","Cafe, Fast Food"
2734,"Mutton Roganjosh, Mango Mousse, Sev Puri, Kadai Paneer, Butter Chicken, Mocktails, Chicken Biryani","North Indian, BBQ, Mughlai"
2735,"Idli Vada, Filter Coffee, Masala Dosa, Curd Rice","South Indian, North Indian, Chinese"
2736,"Biryani, Paratha","North Indian, Mughlai, Biryani"
2737,"Sandwiches, Hot Chocolate Fudge, Faluda, Paneer Sandwich, Grilled Sandwich, Cheese Sandwich, Tomato Soup","Beverages, Desserts"
2738,"\N","Fast Food, Juices, Street Food"
2739,"Fish Fry, Chicken Curry, Duck Roast, Kerala Style Biryani","North Indian, Kerala, Chinese"
2740,"\N","Andhra, South Indian, Chinese, North Indian"
2741,"Pizza","North Indian, Fast Food, Beverages"
2742,"Rasmalai","Mithai"
2743,"Salads, Burgers, Sandwich, Pasta, Pizza, Burrito Bowl, Fish","Healthy Food, Chinese, Biryani, North Indian, Continental, Salad, American, Burger"
2744,"\N","Continental, Tea, Fast Food, Italian"
2745,"\N","South Indian, Chinese, Seafood, Biryani"
2746,"Lassi, Murgh Lababdar, Chaap, Patiala Paneer, Butter Chicken, Butter Paneer, Chicken Rara","North Indian"
2747,"Garlic Bread, Pasta, Mojito, Masala Lemonade, Nachos, Butter Chicken Pizza, Chocolate Pizza","Italian, Pizza"
2748,"Chaat, Panipuri, Masala Poori, Pav Bhaji, Bhel Puri, Pizza, Dahi Papdi","Fast Food, Street Food, Juices"
2749,"Burgers, Beer, Cocktails, Mocktails, Nachos, Peri Peri Chicken Wings, Pasta","American, Finger Food, BBQ, Steak"
2750,"Butter Naan, Mudpie, Mutton Biryani, Chicken Tikka, Kulfi, Steak, Sweet Corn Soup","Chinese, Continental, North Indian, Mughlai, Steak"
2751,"Chicken Kebab, Ghee Rice, Chicken Grill, Paratha, Chicken Biryani","North Indian, Biryani"
2752,"\N","North Indian, South Indian, Arabian, Mughlai, Chinese, Biryani"
2753,"Andhra Meal, Vegetable Biryani","Andhra, Chinese, North Indian, Seafood"
2754,"\N","North Indian, Bengali, South Indian"
2755,"Paratha, Roti, Paneer Tikka Masala, Bhindi Masala, Aloo Gobhi Masala","North Indian, Mughlai"
2756,"Beer","Continental, Burger, Italian, Pizza, North Indian, Salad"
2757,"Pasta, Macaroni, Caesar Salad, Wood Fire Pizza, Ravioli, Chocolate Bomb, Cocktails","Italian, Pizza, Mexican"
2758,"Nachos, Cheesy Garlic Bread, Ferrero Rocher","Desserts, Ice Cream"
2759,"Tandoori Fish","North Indian, South Indian, Chinese"
2760,"Prawn","North Indian, Continental, Chinese, Italian"
2761,"Burgers, Ginger Chicken, Virgin Mojito, Crispy Chicken, Rice Bowl, Popcorn","Burger, Fast Food"
2762,"Brownie Chocolate, Manchow Soup, Jalebi, Rabri, Beer, Paneer Tikka, Tandoori Chicken","Asian, Chinese, Continental, North Indian, South Indian"
2763,"\N","Fast Food, Coffee"
2764,"Paratha, Kaju Barfi, Papdi Chaat","Mithai, Street Food"
2765,"Idli, Vada, Pongal, Filter Coffee, Mini Idlis, Rava Masala Dosa, Tea","South Indian"
2766,"Burgers, Tandoor Chicken Burger, Mutton Whopper, Mutton Burger, Cheesy Fries, Chicken Whopper, Chicken Crisp Burger","Burger, Fast Food, Beverages"
2767,"Coffee, Hot Chocolate, Raspberry Sorbet, Cheesecake Ice Cream, Chocolate Sundae","Desserts, Ice Cream"
2768,"Pasta, Burgers, Thick Shakes, Sunday Brunch, Apple Pie, Waffles, Sandwiches","Desserts"
2769,"Chicken Biryani, Mutton Biryani, Mutton Seekh Kebab, Vegetable Biryani, Hyderabadi Dum Biryani, Chicken Tenders, Egg Biryani","Biryani, North Indian, Kebab"
2770,"\N","Biryani, South Indian, Chinese, North Indian"
2771,"Craft Beer, Wine, Chilli Chicken, Wedges, Lamb, Cocktails, Masala Peanuts","Continental, Mediterranean, Italian, North Indian, Finger Food, Asian, Momos"
2772,"\N","Chinese, Thai, North Indian, South Indian, Continental"
2773,"\N","North Indian, South Indian, Beverages"
2774,"\N","Continental, North Indian, Thai"
2775,"Butter Chicken, Chicken Tikka Masala, Paneer Tikka Masala, Sweet Lassi","North Indian"
2776,"Onion Rings, Pasta, Kadhai Paneer, Salads, Salad, Roti, Jeera Rice","North Indian"
2777,"\N","Juices, Sandwich, Burger, Beverages, Continental"
2778,"Chicken Tikka Masala, Chicken Biryani, Mutton Biryani, Chicken Curry, Gajar Ka Halwa, Malai Kebab, Gulab Jamun","North Indian, Mughlai, Biryani, Chinese"
28,"Filter Kaapi, Coffee, Egg Curry, Neer Dosa, Kadala Curry, Ghee Idli, Noodles","South Indian, Seafood, North Indian, Beverages"
29,"Death By Chocolate, Hot Chocolate Fudge, Chocolate Malt, Fudge Cake, Chocolate Sundae, Ice Cream Sundae, Thick Shakes","Ice Cream, Desserts"
30,"Waffles, Cheesecake, Chocolate Bomb, Belgium Chocolate, Ice Cream Sundae, Chocolate Sundae, Chocolate Icecreams","Ice Cream, Desserts"
31,"Tiramisu, Pasta, Pizza, Lasagne, Bruschettas, Mango Mousse, Watermelon Sangria","Italian"
32,"Biryani, Beer","Continental, Thai, North Indian, Chinese"
33,"\N","North Indian, Maharashtrian"
34,"Mocktails, Cocktails, Pasta, Tacos, Beer, Pizza, Chicken Tikka Masala","North Indian, Continental, Cafe"
35,"Pizza, Pasta, Garlic Bread, Veg Burger, Wine, Mocktails, Risotto","Italian, Pizza, Fast Food, Salad"
36,"Liver Fry, Burgers, Pizza","Continental, Asian, Chinese, Italian, North Indian"
37,"Hot Chocolate","Cafe, Continental"
38,"\N","South Indian, Street Food, Chinese"
39,"Manchow Soup, Dragon Rolls, Spring Roll, Sweet Corn Soup, Prawn, Babycorn Manchurian","Chinese, Thai, Momos, Vietnamese"
40,"Murgh Ghee Roast, Biryani, Dal Fry, Fried Rice","North Indian, Chinese, Biryani, Mangalorean"
41,"Pizza, Tandoori Chicken, Mocktails, Sali Boti, Chocolate Mud Pot, Cocktails, Crispy Lotus Stem","Italian, Mediterranean, Pizza"
42,"Burgers, Chocolate Mousse, Peri Peri Wings, Peri Peri Fries, Wedges, Peri Peri Chicken Salad, Salads","Burger, Turkish, Arabian, Fast Food, Salad, Healthy Food, Desserts"
43,"Rolls, Roti, Shawarma, Butter Chicken, Mutton Biryani, Paneer Biryani, Lahori Chicken","North Indian, Kebab, Biryani, Chinese"
44,"Biryani","South Indian, Chinese, North Indian, Biryani"
45,"Chaat, Panipuri, Jalebi, Vada Pav, Samosa, Chole Bhature, Gol Gappe","Street Food, North Indian"
46,"Garlic Bread, Pepperoni, Chicken Wings, Chicken Pizza, Veggie Pizza, House Pizza","Pizza"
47,"\N","North Indian, Andhra, Biryani"
48,"Burgers, Coke Float, French Fries","Fast Food, Burger"
49,"Sea Food, Malabar Fish Curry","Kerala, North Indian, Chinese"
50,"Sushi, Teriyaki Chicken, Miso Soup, Steak, Tea, Rolls, Ramen","Japanese"
51,"Eggless Cake, Brownie Chocolate, Chocolate Cheese, Cheesecake, Chocolate Truffle, Lava Cake","Bakery, Desserts"
52,"Brownie Fudge Sundae, Cheesecake, Ferrero Rocher Shake, Chocolate Mocha, Chocolate Truffle, Pasta Alfredo, Chocolate Sundae","Bakery, Desserts, Italian"
53,"Mississippi Mud, Brownie","Ice Cream, Desserts"
155,"Burgers, Chicken Fries, Onion Rings, Chicken Whopper, Spicy Chicken Wings, Mutton Whopper, Crispy Veg Burger","Burger, Fast Food, Beverages"
156,"Cheese Vada Pav, Kulfi, Burgers, Tikki, Cheese Fingers, Schezwan Vada Pav","Street Food"
157,"Malabar Fish Curry, Appam, Idiyappam, Sea Food, Fish Fry, Thali, Ghee Rice","Kerala, Seafood, Biryani"
158,"Biryani, Burgers","Healthy Food, Chinese, Biryani, North Indian, Continental, Salad, American, Burger"
159,"Pongal, Khara Bhath, Lassi, Vada, Idli, Paper Masala Dosa, Filter Coffee","South Indian, North Indian, Chinese, Street Food"
160,"Ginger Tea, Maggi, Ice Tea, Ginger Chai, Samosa, Lemon Tea, Vada Pav","Tea, Beverages, Fast Food"
161,"Pav Bhaji, Coffee, Set Dosa, Masala Dosa, Vada, Masala Poori","South Indian, North Indian, Chinese"
162,"Coffee, Rava Idli, Kesari Bath, Rava Masala Dosa, Badam Halwa, Vada, Pongal","South Indian"
163,"\N","Burger, Fast Food, Desserts"
164,"Thepla, Poha, Gujarati Food, Paratha, Chocolate Sandwich, Cheese Dabeli","Gujarati, Fast Food"
165,"Pizza, Lava Cake","Pizza"
166,"Veg Puff, Burgers, Cheesecake, Blueberry Cheese Cake, Brownie, Pineapple Pastry, Chocolate Fantasy","Bakery, Desserts"
167,"Mocktails, Manchow Soup, Clear Soup, Chicken Hakka Noodles, Schezwan Rice","Chinese, Thai"
168,"Burgers, Hot Dog, Mint Mojito, French Fries, Bbq Burger, Lime Mojito, Grilled Burger","Cafe, Burger, Fast Food"
169,"Chaat, Panipuri, Badam Milk, Aloo Tikki Chat","Desserts, Street Food, Mithai"
170,"Milk Shake, Brownie, Belgium Chocolate","Beverages"
171,"Macaroon, Cappuccino, Coffee, Pinacolada, Ferrero Rocher, Latte","Cafe, Desserts, Continental"
172,"Biryani, Chicken Guntur, Thali, Buttermilk, Manchurian","North Indian"
173,"Biryani","South Indian, North Indian, Chinese, Biryani"
174,"Chicken Boneless Biryani, Hyderabadi Biryani, Egg Chilli, Tomato Soup, Mutton Biryani, Butter Chicken Biryani, Paneer Biryani","Biryani, Chinese, Mughlai, Fast Food, Kebab"
175,"Chocolate Almond, Tender Coconut Ice Cream, Choco Almond, Coffee Walnut, Custard Apple","Ice Cream, Desserts"
176,"Donut, Chocolate Cheese","Bakery"
177,"Chicken Guntur","Continental, Biryani, Pizza, North Indian, Chinese, Momos, Andhra, Kebab"
178,"Garlic Bread, Veggie Pizza","Pizza, Fast Food"
179,"\N","South Indian, Biryani, North Indian, Chinese"
180,"Coffee, Mutton Steak, Veg Burger, Plum Cake, Ginger Tea","North Indian, Chinese, BBQ"
181,"Badam Milk, Kaju Barfi, Kachori, Rabri, Malpua","Mithai, Street Food"
182,"Paratha, Dal Makhani, Biryani, Gulab Jamun, Sandwiches, Brownie Chocolate, Salads","North Indian, Mughlai, Fast Food"
183,"Pasta, Noodles, Brownie, Chicken Steak, Salad, Potato Wedges, Paneer Shashlik","Continental, North Indian, Chinese, BBQ"
223,"Biryani, Sandwich, Thali, Roti, Shahi Paneer","North Indian, Chinese, Fast Food, Beverages, Desserts"
224,"\N","Fast Food, Arabian, North Indian"
225,"\N","Bakery, Fast Food, Burger, Rolls, Beverages"
226,"Rasgulla, Chaat, Rasmalai, Mysore Pak, Badam Milk, Sandwiches, Barfi","Mithai, Street Food"
227,"\N","Continental, Desserts, Beverages, Mexican"
228,"Chaat, Tea, Sev Puri, Chai, Raj Kachori, Coffee, Pakoda","Street Food, Mithai"
229,"Chaat, Chole Bhature, Thali, Rasmalai, Raj Kachori, Paratha, Pav Bhaji","Mithai, North Indian, Street Food, Chinese"
230,"Cocktails, Chicken Tikka Pizza, Chicken Popcorn, Chilli Pork, Sangria, Beer, Seafood Pizza","Continental, North Indian, Italian"
231,"\N","South Indian, Kebab, Chinese, Biryani"
232,"Rasgulla, Mishti Doi, Samosa, Kheer Kadam, Veg Cutlet, Rasmalai","Street Food, Mithai"
233,"Biryani, Chole, Paratha, Dal Makhani, Paneer Makhani, Butter Chicken","North Indian, Mughlai, Fast Food"
234,"Fries, Ice Cream Roll, Coffee, Brownie","Desserts"
235,"Roti, Breakfast Buffet, Coffee, Lamb, Salads, Pancakes, Rasmalai","North Indian, Continental, Asian, Italian"
236,"Hyderabadi Biryani, Chicken Biryani, Raita, Mutton Biryani, Vegetable Biryani, Butter Chicken, Basmati Rice","Biryani, North Indian, Chinese"
237,"\N","Chinese, North Indian, Street Food"
238,"Rava Idli, Filter Coffee, Ghee Masala Dosa, Badam Halwa, Upma, Raita, Rasam Rice","South Indian"
239,"Burgers, Chicken Fries, Hot Wings","Fast Food, Burger, Pizza"
240,"Garlic Bread, Pasta","Pizza"
241,"Pizza, Mocktails","Fast Food, Chinese"
484,"Raita, Dum Biryani, Chicken Kebab Biryani","Biryani, Kebab"
485,"Fruit Truffle, Tiramisu Cake, Cheesecake, Chocolate Truffle, Brownie, Chocolate Cake, Sandwiches","Bakery, Desserts"
486,"Sandwich, Salad","Salad, Fast Food"
487,"\N","Fast Food, Hot dogs"
488,"\N","Continental, Desserts, Italian, Japanese, Mexican, North Indian, South Indian"
489,"\N","Fast Food, Kerala, Mangalorean, Seafood, South Indian"
490,"Beer, Cocktails, Nachos, Pizza, Tiramisu, Pork Ribs, Stout","Continental, Finger Food"
491,"Burgers, Sandwiches, Peanut Butter Smoothie, Margherita Pizza, Ravioli, Cocktails, Mocktails","American, Cafe, Continental"
492,"\N","Fast Food, Burger, Rolls, Salad"
493,"\N","North Indian, Chinese, South Indian, Mughlai"
494,"Burgers, French Fries, Big Daddy Burger, Maggi, Sweet Corn Pizza, Omelette, Sandwich","Fast Food, Pizza"
495,"Kulcha, Samosa Chaat, Panipuri, Sev Puri, Chai, Filter Coffee, Aloo Tikki Chole","Street Food, Mithai"
496,"Paneer Tikka, Chicken Popcorn, Bheja Fry, Brain Fry, Ghee Rice, Jumbo Shawarma, Biryani","North Indian, Mughlai, South Indian, Chinese"
497,"Tea, Chocolate Muffin, Veg Burger, Coffee, Burgers, Donut, Brownie","Cafe, Bakery"
498,"\N","North Indian, South Indian, Kerala"
499,"Spring Roll, Kheer, Chilli Paneer","North Indian, Chinese, Biryani"
500,"Tea, Chocolate Bomb, Waffles, Fries, Pasta Alfredo, Mocktails, Burgers","Cafe, Italian, Desserts"
501,"Pork Momo, Sea Food, Manchow Soup, Chicken Noodle, Chilli Basil Chicken","Chinese, Thai, Momos"
502,"\N","Fast Food, Steak"
503,"Set Dosa, Thali, Masala Dosa, Roti, Idli, Vada","South Indian, North Indian, Chinese"
504,"Chicken Grill, Ghee Rice, Chicken Butter Masala, Mutton Biryani, Tandoori Chicken, Chicken Kebab, Naan","Seafood, Biryani, South Indian, Chettinad, Chinese, Arabian, Andhra, Kerala"
505,"Faluda, Chocolate Fudge, Brownie Fudge, Death By Chocolate, Sandwich, Waffles, Crepe","Desserts, Ice Cream, Beverages, Sandwich"
506,"Noodles, Wonton Soup, Spring Roll, Crispy Noodle, Chop Suey, Beijing Chicken, Chowmein","Chinese, Thai"
507,"\N","Fast Food, Hyderabadi"
508,"Burgers, Oreo Mcflurry, French Fries, Mcspicy Chicken Burger, Cheesy Fries, Paneer Pockets, Tikki","Burger, Fast Food"
509,"Biryani","Andhra, North Indian, Biryani, Beverages"
510,"Pizza, Nachos, Garlic Maggi, Burgers, Cheese Maggi, Bruschetta Bites, Sandwich","Cafe, Beverages"
511,"Chicken Biryani, Ragi Mudde, Mutton Chops","Biryani, North Indian, Seafood, Andhra"
512,"\N","North Indian, Arabian, Fast Food"
513,"Mocktails, Pasta Alfredo, Nachos, Veggie Pizza, Hot Chocolate, Noodles, Brownie Shake","Cafe, Continental, Italian"
514,"Biryani, Rolls, Firni, Chicken Roll, Mutton Pasanda, Mutton Kasha, Mutton Rezala","North Indian, Mughlai, Biryani"
515,"Chocolava Cake, Veggie Pizza, Exotic Garlic Bread, Pepperoni, Bbq Chicken Pizza, Brownie Chocolate","Pizza"
516,"Burgers, Chicken Popcorn, Zinger Burger, French Fries","Burger, Fast Food"
517,"Sweet Lassi, Faluda, Mango Lassi, Kesar Badam Kulfi, Pudina Lassi, Fruit Juices, Triple Sundae","Beverages"
518,"Rolls, Cinnamon Roll, Cinnamon Bun","Beverages, American, Bakery"
519,"Coffee, Raj Kachori, Idli, Vada, Tea, Masala Dosa, Chaat","South Indian, North Indian, Chinese, Street Food, Fast Food"
520,"Misal Pav, Vada Pav, Buttermilk, Dabeli, Sabudana Vada, Shrikhand, Sabudana Khichdi","Maharashtrian"
782,"\N","North Indian, Healthy Food, Beverages"
783,"Tomato Basil Soup, Mushroom Soup, Veg Supreme Pizza, Masala Lemonade, Creamy Mushroom Pasta, Garlic Bread Stick","Pizza, Fast Food"
784,"Lassi, Punjabi Chicken, Tandoori Chicken, Paratha, Butter Chicken, Aloo Tikki, Dahi Bhalle","North Indian"
785,"Pav Bhaji, Filter Coffee, Onion Dosa, Rava Dosa, Mysore Pak, Vada, Filter Kaapi","South Indian, North Indian, Chinese, Street Food"
786,"Neer Dosa, Sea Food, Fish, Murgh Ghee Roast, Anjal Masala Fry, Mutton Biryani, Prawn Ghee Roast","Seafood, Mangalorean"
787,"Sandwiches, Rolls, Coffee, Burgers, French Fries","Cafe, Beverages"
788,"Sushi, Bibimbap, Katsu Curry, Noodles, Chicken Gyoza","Asian, Japanese, Korean, Thai, Sushi"
789,"Paneer Tikka, Chilli Chicken, Pizza, Mocktails, Chowmein, Pasta Alfredo, Tandoori Aloo","Continental, Mexican, Chinese, North Indian"
790,"\N","Chinese, Mughlai"
791,"\N","North Indian, Chinese, Arabian, Juices"
792,"Fish, Daab Chingri, Luchi, Chicken Rezala, Plain Rice, Kosha Mangsho, Mochar Ghonto","Bengali"
793,"Pizza, Pasta, Peri Peri Chicken Burger, Garlic Bread, Crispy Corn","Continental, Burger, Salad, Pizza, Beverages"
794,"Biryani, Shawarma, Pepper Chicken, Tandoori Roti, Butter Chicken, Ghee Rice","Mughlai, Chinese"
795,"Burgers, Cheesy Fries, Chicken Wings, Veg Burger, Veg Whopper","Burger, Fast Food, Beverages"
796,"Appam, Tea, Chicken Curry, Kadala Curry, Fish, Egg Curry, Idiyappam","Kerala, South Indian, Biryani"
797,"Rice Bowl, Paneer Zinger Burger, Burgers, Crispy Chicken, Chicken Boneless Strips","Burger, Fast Food"
798,"Chocolate Cake","Bakery"
799,"Friendly Staff","North Indian, Continental, Chinese"
800,"\N","Biryani, North Indian, Mughlai, Fast Food"
801,"Vegetable Biryani, Hyderabadi Biryani, Paneer Tikka, Basmati Rice, Raita, Chicken Biryani, Dum Biryani","North Indian, Chinese"
802,"Hot Chocolate Fudge, Cashew Fudge, Vanilla Ice Cream, Thick Shakes, Brownie, Apple Crumble, Ice Cream Sundae","Ice Cream, Desserts"
803,"Burgers, Fries, Chicken Wings","Fast Food, Burger"
804,"Masala Prawn, Mutton Kosha, Thali, Fish Cutlet, Mutton Curry, Luchi, Fish Finger","Bengali"
805,"Rice, Filter Coffee, Biryani, Masala Poori","South Indian, North Indian, Chinese, Street Food"
806,"\N","North Indian, Seafood, Mangalorean"
1110,"Nachos, Churros, Burrito Bowl, Tacos, Enchiladas, Quesedillas, Salads","Mexican"
1111,"Thick Shakes, Chocolate Hazelnut, Chocolate Oreo, Milk Shake, Thick Milkshake","Desserts, Beverages, Ice Cream"
1112,"Burgers, Tandoor Chicken Burger, Cheesy Italian Fries, Chocolate Shake, Cheesy Chicken Fries, Whopper Burger, Chicken Whopper","Burger, Fast Food, Beverages"
1113,"Masala Dosa, Filter Coffee, Vada, Kali Dosa, Rava Idli, Carrot Halwa, Khali Dosa","South Indian"
1114,"Masala Lassi, Paneer Tikka Masala, Jeera Rice, Dal Makhani, Matar Paneer, Chicken Irani, Rajma","North Indian"
1115,"Gulab Jamun, Paneer Biryani","Biryani"
1116,"Panipuri, Samosa, Pav Bhaji, Rasmalai","Mithai, Street Food"
1117,"Butter Chicken, Shawarma Roll, Chicken Shawarama, Chicken Grill, Rolls, Al Faham Chicken, Biryani","North Indian, Chinese"
1118,"Fried Fish, Paratha, Vegetable Stew, Appam, Chicken Biryani, Chicken Curry, Sea Food","Kerala, South Indian, North Indian, Chinese"
1119,"Burgers, Cocktails, Beef Patty, Chaap, Kulcha, French Fries, Chicken Burger","Continental, Burger, BBQ"
1120,"Pasta, Tomato Soup, Salad, Kulcha, Chaat, Kulfi, Panipuri","North Indian, Chinese"
1121,"Salads, Wheat Beer, Craft Beer, Pepperoni Pizza, Prawn Ghee Roast, Cocktails, Curry Leaf Chicken","Finger Food, Continental, Seafood"
1122,"Cheesecake, Chocolate Decadence, Chocolate Fantasy, Lava Cake, Chocolava Cake, Chocolate Cake, Red Velvet Cake","Bakery, Desserts"
1123,"Shawarma, Biryani, Chicken Grill, Rolls, Tomato Soup, Chicken Shawarama, Haleem","Arabian, North Indian, Chinese, Seafood, Biryani, Beverages"
1124,"Rolls, Chicken Egg Roll, Aloo Paratha, Sattu Paratha, Paneer Roll","North Indian, Fast Food, Rolls"
1125,"Pasta, Coffee","Indonesian, Thai, Vietnamese, Asian, Chinese, Continental, Malaysian"
1126,"\N","Andhra, Hyderabadi, Chinese"
1127,"Pav Bhaji, Filter Coffee, Onion Dosa, Rava Dosa, Mysore Pak, Vada, Filter Kaapi","South Indian, North Indian, Street Food"
1128,"Shawarma, Chicken Grill, Tandoori Chicken, Chicken Curry, Naan, Butter Chicken, Kheer","North Indian, Mughlai, Chinese"
1129,"\N","North Indian, South Indian, Andhra, Chinese"
1130,"Masala Dosa, Idli, Coffee, Vada, Set Dosa","South Indian, North Indian, Chinese"
1131,"Chicken Chowmein, Chicken Manchow Soup, Clear Soup, Momos, Fried Noodles, Chop Suey, Spring Roll","Chinese, Thai, Momos, Vietnamese"
1132,"Biryani, Chicken Grill, Shawarma Roll, Tandoori Chicken, Rumali Roti, Pulpy Grape Juice, Brosted Chicken","North Indian, Kebab, Chinese, Fast Food"
1133,"Pizza, Chaat, Mocktails, Salads, Sunday Brunch, Omelette, Breakfast Buffet","South Indian, Asian"
1134,"\N","Kerala, Biryani, Seafood, North Indian, Chinese"
1135,"Wings, Lime Soda, Manchow Soup, Biryani, Fried Rice, Chop Suey, Tandoori Roti","Andhra, Seafood, North Indian, Chinese"
1136,"Waffles, Chocolate Truffle Sensation, Chocolate Icecreams, Brownie","Ice Cream, Desserts"
1137,"Pav Bhaji, Chaat, Panipuri, Grilled Sandwich, Hot Dog, Bhel Puri, Masala Poori","North Indian, South Indian, Chinese, Desserts, Street Food"
1138,"Malabar Fish Curry, Appam, Idiyappam, Sea Food, Fish Fry, Thali, Ghee Rice","South Indian"
1139,"\N","North Indian, Beverages, Juices"
1140,"Malai Kulfi, Kesar Pista","Ice Cream"
1331,"Neer Dosa, Murgh Ghee Roast, Sea Food, Crab Fry, Fry Prawns, Biskoot Roti, Prawn Curry","Konkan, Mangalorean, Seafood"
1332,"\N","North Indian, South Indian, Street Food, Chinese"
1333,"Burgers, Chicken Bucket, Rolls, Chicken Fries","Fast Food, Burger"
1334,"Wine, Asparagus Soup, Creme Brulee, Pasta, Ravioli, Tiramisu, Primavera","French, Italian"
1335,"Butter Chicken, Kadhai Murgh, Rajma Chawal, Kadhai Paneer, Makke Ki Roti, Sweet Lassi, Dal Makhani","North Indian, Mughlai"
1336,"Appam, Chicken Biryani, Butter Naan","Chettinad, South Indian"
1337,"Pizza Burger, Garlic Bread, Chocolava","Pizza, Fast Food"
1338,"\N","Kebab, North Indian, Chinese"
1339,"Burgers, Chocolate Cake","Bakery"
1340,"\N","Kebab, Fast Food"
1341,"Salads, Noodles, Salad, Pizza, Pasta, Mousse, Sandwiches","Healthy Food, Chinese, Biryani, North Indian, Continental, Salad, American, Burger"
1342,"Fish Fry","North Indian, Chinese"
1343,"Lassi, Jeera Rice, Sattu Paratha","North Indian"
1344,"Pizza, Chicken Burger, Wheat Beer, Chips, Craft Beer, Stout, Peri Peri Fries","Continental, North Indian, South Indian, Italian"
1345,"Chilli Chicken, Chicken Tikka, Paneer Biryani, Mutton Biryani, Hyderabadi Chicken Biryani, Vegetable Biryani, Lemon Chicken","Biryani, North Indian"
1346,"Lassi, Thali, Biryani, Pav Bhaji, Chole Bhature, Gulab Jamun, Veg Kolhapuri","North Indian, Biryani, Chinese, Street Food"
1347,"Salads, Chicken Soup, Fish, Curd Rice, Dal Tadka, Brownie Chocolate, Tomato Soup","North Indian, Chinese, Continental"
1348,"Chocolate Icecreams, Waffle Cone","Ice Cream, Beverages"
1349,"Thick Shakes, Choco Hazelnut, Chocolate Hazelnut Shake","Beverages, Desserts, Ice Cream"
1350,"\N","North Indian, Chinese, Andhra, Seafood"
1351,"\N","Healthy Food, North Indian, Biryani"
1352,"\N","Hyderabadi, Biryani, South Indian, Andhra, Beverages"
1353,"Chicken Grill, Fish, Shawarma, Rolls, Tandoori Chicken, Hyderabadi Chicken, Chicken Roll","North Indian, Chinese"
1354,"Mango Lassi, Dhokla, Khichda, Kesaria Lassi, Rajdhani Thali, Rabri, Buttermilk","North Indian"
1355,"Filter Coffee, Chilli Babycorn, Pav Bhaji, Pongal, Paneer Tikka, Onion Rava Dosa, Chaat","South Indian, North Indian, Chinese, Street Food"
1356,"Samosa, Badam Milk","Mithai, Street Food"
1357,"Wine, Potato Salad, Risotto, Bibimbap, Lamb","Continental, European, Asian, Seafood, Spanish"
1358,"Salads, Chicken Bbq Wings, Sandwiches, Pasta, Biryani, Pizza, Cocktails","Chinese, Continental, North Indian"
1359,"Doi Murgi","Bengali, North Indian, Chinese"
1360,"Watermelon Juice, Malai Kulfi","Juices, Fast Food"
1361,"Rolls, Tea, Veggie Wrap, Chicken Wrap, Omelette, Biryani","North Indian, Biryani, Fast Food"
1579,"Pane Pizza, Garlic Bread, Thin Crust Pizza, Paneer Pizza, Pepperoni, Pasta","Pizza"
1580,"Choco Fudge Brownie, Hot Chocolate, Lychee Sundae, Sandwiches, Ice Cream Pizza","Ice Cream, Desserts, Beverages, Sandwich"
1581,"Dal Makhani, Roti, Adrak Ke Panje, Mocktails, Paratha, Lal Maans, Paneer Malai Tikka","Mughlai, Biryani, North Indian"
1582,"Masala Dosa, Idli, Vada, Filter Coffee","South Indian, North Indian, Chinese, Street Food"
1583,"Noodles, Thukpa, Chowmein, Beef Momos, Veg Momos, Cheese Momos","Chinese, Tibetan, Momos"
1584,"Wine, Dumplings, Set Menu, Chicken Dim Sum, Tom Kha Soup, Prawn Crackers, Fish","Thai, Japanese, Chinese"
1585,"Mocktails, Tomato Soup, Nachos, Pasta, Potli Biryani, Palak Chaat, Lassi","North Indian, Continental"
1586,"Buttermilk, Thali, Brinjal Curry, Salad, Jowar Roti, Chilli Bhajji","South Indian"
1587,"Butter Chicken, Dal Makhani, Biryani","North Indian, Mughlai, Chinese"
1588,"Thick Shakes, Chocolate Hazelnut, Chocolate Oreo, Milk Shake, Thick Milkshake","Beverages, Desserts, Ice Cream"
1589,"Chicken Grill, Shawarma Roll, Biryani, Pulpy Grape Juice, Paratha, Chicken Shawarama, Chicken Tikka","North Indian, Kebab, Chinese, Fast Food"
1590,"Poha, Burgers, Maggi, Sandwiches, Cheese Burger, Aloo Sandwich","Fast Food, North Indian"
1591,"Rainbow Pastry, Cheesecake, Brownie, Fruit Cake, Rainbow Cake, Pie, Sandwiches","Desserts, Bakery"
1592,"Dal Makhani, Roti, Panneer Butter Masala, Lassi, Kulcha, Masala Papad, Butter Chicken","North Indian, Chinese"
1593,"Butter Chicken, Rolls, Railway Mutton Curry, Panneer Butter Masala, Chole Bhature, Roti, Palak Paneer","North Indian, Mughlai"
1594,"Ginger Tea, Masala Tea, Banana Cake, Poha, Samosa, Vada Pav, Sandwiches","Tea, Fast Food, Beverages, Sandwich"
1595,"Punjabi Lassi, Patiyala Lassi, Sweet Lassi, Mango Lassi, Sandwich","Beverages"
1596,"Gulab Jamun, Raita, Mutton Biryani","Biryani"
1597,"Pizza, Pasta Carbonara, Omelette, Salad, Mojito, Lasagne, Sandwich","European, French, Salad"
1598,"Smoothie Chocolate, Hot Chocolate Fudge, Vanilla Ice Cream, Nachos, Waffles, Garlic Bread","Desserts, Ice Cream"
1599,"Chole Bhature, Rasmalai, Chaat, Rasgulla, Pav Bhaji, Kaju Katli, Samosa","Mithai, Fast Food"
1600,"Cup Cake, Chocolate Truffle","Desserts"
1601,"Pizza","Finger Food"
1602,"Tandoori Chicken, Chicken Sukha, Chicken Biryani, Dal Makhani, Neer Dosa, Mutton Biryani, Paneer Tikka Masala","North Indian, South Indian, Chinese, Seafood"
1603,"Hot Chocolate Fudge","Ice Cream, Desserts, Beverages, Sandwich"
1604,"Sandwiches, Veg Burger, Pizza Sandwich, Burgers, French Fries, Wedges, Club Sandwich","Fast Food"
1605,"Burgers, Sandwiches, Pizza, French Fries, Cheesecake","Cafe, Bakery, Beverages"
1606,"Fries, Whole Meat Shawarma","Arabian"
1607,"Shawarma, Biryani, Chicken Grill, Rolls, Tomato Soup, Haleem, Sea Food","Arabian, North Indian, Chinese, Seafood, Biryani, Rolls, Beverages"
1608,"Sea Food, Anjal Masala Fry, Fish Curry, Thali, Neer Dosa","Mangalorean, Seafood, North Indian"
1609,"Hot Chocolate Fudge, Apple Cake, Almond Fudge, Banana Split, Fudge Cake, Chocolate Sundae, Creamy Vanilla Ice Cream","Ice Cream, Desserts"
1610,"Filter Coffee, Rava Dosa, Masala Dosa, Tea, Pav Bhaji, Manchurian, Dahi Vada","South Indian, North Indian, Chinese, Street Food"
1611,"\N","Continental, Fast Food, Chinese, Burger"
1612,"Chicken Biryani, Raita, Mutton Biryani","Biryani"
1613,"Paan Shot, Carrot Halwa, Apple Jalebi, Andhra Meal, Dal Makhani, Mutton Roganjosh, Gajar Ka Halwa","North Indian, Andhra"
2779,"Biryani, Cocktails, Pasta, Peri Peri Chicken, Mocktails, Paneer Tikka Masala, Pizza","Continental, Finger Food, North Indian, Chinese"
2780,"Masala Dosa","South Indian, North Indian, Chinese"
2781,"Vada, Masala Dosa, Kharabath, Filter Coffee, Kesari Bath, Idli Sambar","South Indian"
2782,"Nutella Brownie, Fruit Ice Cream, Ferrero Rocher Ice Cream, Chocolava, Hot Chocolate Fudge, Mango Ice Cream, Waffles","Desserts, Beverages"
2783,"\N","Beverages, Fast Food"
2784,"\N","Finger Food, North Indian, Seafood, Mangalorean, Chinese"
2785,"Chocolate Lollipop, Chocolate Biscuit, Fire Shots, Sangria, Chocolate Ganache, Paneer Makhani, Corn Fry","North Indian, European, Mediterranean"
2786,"\N","Healthy Food, North Indian"
2787,"Murgh Ghee Roast, Mutton Biryani, Buttermilk, Andhra Meal, Thali, Chilli Chicken, Prawn","Andhra, North Indian, Chinese, Biryani"
2788,"\N","Chinese, Street Food"
2789,"\N","American, Fast Food"
2790,"Salads, Shitake Mushrooms, Noodles, Dumplings, Nasi Goreng, Crispy Corn, Vegetarian","Malaysian, Thai, Singaporean, Asian, Chinese, Momos"
2791,"Idli, Vada, Coffee, Masala Dosa, Masala Poori","South Indian, North Indian, Chinese"
2792,"\N","North Indian, Arabian, Chinese"
2793,"Naan, Mutton Biryani","Biryani, North Indian, Charcoal Chicken, Chinese, Seafood, Rolls"
2794,"Lassi, Punjabi Chicken, Paratha, Kadhai Murgh, Butter Naan, Lemon Chicken, Roti","North Indian"
2795,"Burgers","Fast Food, Beverages"
2796,"Thali, Thepla, Gulab Jamun, Masala Lassi, Rice, Gujarati Food, Roti","North Indian, Gujarati"
2797,"Momos, Thukpa, Noodles, Nepali Thali, Chicken Momo, Chilli Momo","Nepalese, Tibetan, Momos"
2798,"\N","Rolls, North Indian, Fast Food"
2799,"Nutella Pancakes","Desserts, Ice Cream"
2800,"Rolls, Biryani, Butter Chicken, Chicken Manchurian Roll","North Indian, Mughlai, Rolls, Fast Food"
2801,"Saffron Pilaf, Banana Chips, Cheesecake, Tender Coconut Ice Cream, Paratha, Begun Pora, Mocha Chingri","North Eastern"
2802,"Beef Biryani, Chicken Biryani, Chicken Kebab, Mutton Biryani, Beef Kabab, Paratha, Ghee Rice","North Indian, Biryani"
2803,"\N","Salad, Asian, Continental, Healthy Food"
2804,"\N","Bakery, Beverages"
2805,"Seekh Kebab, Paneer Tikka, Beer, Fish Tikka, Kala Jamun, Biryani, Long Island Iced Tea","Continental, North Indian, Chinese"
2806,"Burgers, Mocktails, Pasta, Cocktails, Beef Steak, Lunch Buffet, Chicken Steak","American, Continental, Steak, Salad"
2807,"Bbq Pizza, Pasta, Sangria, Cocktails, Mocktails, Virgin Mojito, Potato Wedges","Continental, North Indian"
2808,"Roti, Cocktails, Chicken Biryani, Paratha, Dahi Ke Kabab, Jalebi, Chicken Tikka","Modern Indian"
2809,"Breakfast Buffet, Salads","North Indian, Continental, Chinese"
2810,"\N","Biryani, South Indian, North Indian, Chinese, Mughlai"
2811,"\N","Andhra, Biryani, North Indian"
2812,"Biryani, Tea, Rice, Appam","South Indian, North Indian"
2813,"Buttermilk, Thali, Breakfast Buffet, Vada, Pongal","South Indian"
2814,"\N","Mangalorean, North Indian, Chinese"
2815,"\N","South Indian"
2816,"Margarita, Pasta, Mocktails, Lemonade, Bruschettas, Salads, Spaghetti","Cafe, Continental, European, Juices"
2817,"Chicken Biryani, Hyderabadi Biryani, Dum Biryani","Andhra, Biryani, North Indian, Chinese"
2818,"\N","North Indian, Chinese, Italian"
2819,"\N","Fast Food, Desserts, Rolls"
2820,"\N","South Indian, North Indian, Chinese"
2821,"\N","Bengali, North Indian"
2822,"Pizza, Pasta, Waffles, Sandwich, Apple Pie, Sandwiches, Burgers","Italian, Fast Food"
2823,"\N","Rolls"
2824,"\N","North Indian, South Indian, Chinese, Continental"
2825,"\N","Chinese, North Indian, Biryani"
2826,"Biryani","North Indian, Fast Food, Street Food"
2827,"Noodles","Chinese, Thai"
2828,"Spring Roll, Chicken Lollipop, Chaap, Momos, Lamb, Chicken Manchow Soup, Hakka Noodles","Chinese, Momos"
2829,"\N","Fast Food, Sandwich, Beverages"
2830,"\N","Fast Food, Desserts, Beverages"
2831,"\N","Rolls, Lebanese"
2832,"Salads, Cocktails, Hazelnut Cake, Pepperoni Pizza, Mocktails, Calamari, Risotto","Mediterranean, European, Salad"
2833,"Cocktails, Burgers, Nachos, Sandwiches, Butterfly Chicken, Pizza, Dabeli","American, Asian, European, North Indian"
2834,"Filter Coffee, Kesari Bath, Curd Rice, Idli Vada, Crispy Masala Dosa, Masala Tea, Thick Coconut Chutney","South Indian, Chinese"
2835,"\N","Healthy Food, Juices"
2836,"\N","Healthy Food, Beverages"
2837,"\N","South Indian, North Indian, Chinese, Beverages"
2838,"\N","Kerala, South Indian, Biryani"
2839,"Rooftop Ambience","North Indian, Kerala, Chinese, Biryani, Seafood, South Indian"
2840,"Butter Kulcha, Rolls, Brownie, Mutton Biryani, Butter Chicken, Shawarma, Rumali Roti","Mughlai, Fast Food"
2841,"Noodles, Roast Pork, Biryani, Manchow Soup, Pork Ribs, Butter Garlic Prawns, Crispy Honey Chilli Chicken","Chinese"
2842,"Pizza, Pasta, Garlic Bread, Veg Burger, Wine, Minestrone Soup, Chocolate Cake","Italian, Pizza, Fast Food, Salad"
2843,"Paratha, Rolls, Roti","North Indian, Chinese, Rolls"
2844,"\N","North Indian, Biryani, Chinese, Arabian"
2845,"Falafel, Shawarma, Chicken Shawarama, Salad, Whole Wheat Pita, Middle Eastern Food, Pizza","Lebanese"
2846,"\N","Arabian, Mediterranean"
2847,"Mai Thai, Cocktails, Tiramisu Martini, Beer, Chilli Chicken, Beef Chilli, Long Island Iced Tea","Continental, North Indian, Chinese"
2848,"\N","Chinese, Nepalese, Tibetan, Momos"
2849,"Pizza, Healthy Breakfast, Momos, Enchiladas, Aloo Papdi Chaat, Coffee, Tea","Cafe, Continental, Healthy Food, Sandwich, Pizza, Desserts, Beverages"
2850,"Ginger Tea, Poha, Irani Chai, Chaai, Sandwich, Thick Shakes","Tea, Beverages, Fast Food"
2851,"Tea, Chole, Khichda, Butter Paneer, Paneer Bhurji, Paratha, Masala Chai","Fast Food"
2852,"Coffee, Hummus Platter, Granola Parfait, Hot Chocolate, Cappuccino, Waffles, Skillet Cookie","Cafe, Continental, Desserts"
2853,"Poha, Bread Omelette, Ginger Chai, Ginger Tea","Fast Food"
2854,"Masala Dosa, Panneer Butter Masala, Thali","South Indian, North Indian, Chinese"
2855,"Sea Food, Murgh Ghee Roast, Mocktails, Stuffed Pomfret, Sol Kadhi, Kokum Juice, Coconut Rice","Seafood, Konkan, Mangalorean"
2856,"Kulfi, Mango Juice, Kesar Pista, Lassi","Ice Cream, Desserts"
2857,"\N","Cafe, Tea, Desserts"
2858,"Burgers, Sandwiches, Fries, Pasta, Tea, Chicken Curry, Fried Rice","Cafe, Continental, Italian"
2859,"Mocktails, Peri Peri Chicken, Coffee Hazelnut, Oreo Shake, Nachos, White Sauce Pasta, Ice Tea","Cafe, Continental, Italian"
2860,"Gobhi Pakoda, Bajji, Raita, Ginger Tea, Jalapeno Cheese Poppers, Mojito, Chai","North Indian, Beverages, Fast Food"
2861,"Dabeli, Pav Bhaji, Cheese Vada Pav","Street Food"
2862,"\N","Chinese, Continental"
2863,"Chicken Curry, Red Rice, Fish Curry","Salad, Biryani, Chinese, North Indian, Kerala, Desserts, Seafood, South Indian"
2864,"Burgers, Nachos, Fries, White Sauce Pasta, Cheese Pasta, Chicken Burger, Chicken Steak","Continental, Steak, Fast Food"
2865,"\N","Biryani, North Indian, South Indian"
2866,"Burgers, Pasta, Sandwiches","Continental"
2867,"\N","Mithai, Desserts"
2868,"Coffee, Sandwiches, Blueberry Muffin, Pancakes, Espresso, Cappuccino, Cheesecake","Cafe"
2869,"Masala Dosa, Idli, Kali Dosa, Ghee Khali Dosa, Tomato Rice, Set Dosa, Ghee Rice","South Indian"
2870,"Fish, Appam, Egg Roast, Kadala Curry, Chicken Curry, Beef Fry, Ghee Rice","Kerala, South Indian, Chinese"
2871,"Burgers, Coffee, Waffles, Mocktails, Pasta, Brownie Chocolate, Chicken Salami","Cafe, American, Italian, Beverages"
2872,"\N","Cafe, Italian"
2873,"Dragon Chicken, Hunan Chicken","Chinese"
2874,"Burgers, Ginger Chicken, Hot Wings, Veg Burger, French Fries, Rice Bowl","Burger, Fast Food"
2875,"Thick Shakes, Choco Chip Shake, Choco Hazelnut, Chocolate Hazelnut Shake, Oreo Shake, Kit Kat Shake, Butterscotch Shake","Desserts, Beverages, Ice Cream"
2876,"Faluda, Calcutta Paan, Chocolate Icecreams","Ice Cream, Ice Cream"
2877,"\N","Healthy Food, Salad, Continental"
2878,"Chicken Bruschetta, Tandoori Chicken, Veggie Pizza, Barbeque Chicken Pizza, Nachos, Wheat Beer, Stout","Continental, North Indian, Finger Food"
2879,"Supreme Chicken Biryani, Chicken Curry, Curd Rice, Chilli Chicken, Veg Thali, Lime Soda, Mutton Bone Soup","Andhra, Biryani, North Indian, Chinese"
2880,"Mutton Dhansak, Steak, Chips, Lasagne, Mashed Potato, Draught Beer, Beef Stroganoff","Continental, Parsi, Chinese, North Indian, Italian, Steak"
2881,"Chicken Shorba, Paneer Tikka Masala, Cocktails, Jumbo Prawns, Beer, Butter Naan, Paan Shot","North Indian"
2882,"Cocktails, Dessert Pizza, Nachos, Beef Chilli, Long Island Iced Tea, Beer, Salsa","Continental, Pizza, Burger"
2883,"\N","Cafe, American, European"
2884,"Breakfast Buffet, Sushi, Cheesecake, Gulab Jamun, Lunch Buffet, Fish, Noodles","Continental, Italian, North Indian, Asian, Bakery, Chinese, European, Japanese"
2885,"Sea Food","South Indian, Chinese, Seafood"
2886,"Sandwiches, Mango Shake","Beverages, Juices, Fast Food"
2887,"Coffee, Chaat, Bhel Puri, Spring Dosa, Buttermilk, Bread Pakora, Masala Poori","Chinese, North Indian, Fast Food, Street Food"
2888,"\N","Fast Food, South Indian, Biryani"
2889,"Cheesecake, Chocolate Decadence, Chocolate Fantasy, Chocolate Cake, Pancakes, Lava Cake, Chocolava Cake","Bakery, Desserts"
2890,"Pasta","BBQ, Biryani, Continental"
2891,"Salads, Beef Steak, Tiramisu, Pork Chops, Crispy Pork, Chicken Salad, Wine","North Eastern, Asian, Naga, Steak, Momos"
2892,"Salad, Apple Tart, Salads, Vada, Idli, Dhokla, Pasta","North Indian, Mughlai, Hyderabadi"
2893,"Cocktails, Sangria, Corn Fritters, Butter Chicken, Paneer Steak, Chicken Steak, Palak Paneer","Asian, Burger, Chinese, Finger Food"
2894,"Burgers, Chicken Skewer, Waffles, Pancakes, Pesto Pasta, Coffee, Sandwiches","Cafe, American, Asian, European, Steak, Salad, Desserts"
2895,"\N","Ice Cream, Fast Food"
2896,"Cup Cake, Chocolate Truffle, Chocolate Cake, Coffee, Choco Truffle, Photo Cake, Cheesecake","Bakery, Desserts"
2897,"Wheat Beer, Pizza, Cocktails, Virgin Sangria, Pork Chops, Meatballs, Craft Beer","Continental, BBQ, Finger Food"
2898,"Hyderabadi Biryani, Chicken Biryani, Vegetable Biryani","Hyderabadi, Biryani"
2899,"Rolls, Chicken Biryani, Lassi, Laccha Paratha","North Indian, Chinese, Mughlai"
2900,"\N","South Indian, Seafood"
2901,"Basil Chicken, Chicken Dim Sum, Lunch Buffet, Chicken Tom Yum Soup, Sweet Corn Soup, Singapore Noodles, Chicken Wings","Chinese"
2902,"Murgh Ghee Roast, Fried Rice, Draught Beer, Beef Chilli, Chicken Curry, Fish Fingers, French Fries","Finger Food"
2903,"Masala Peanuts, Cocktails, Pasta, Paratha, Pizza, Burgers, Brownie","Continental, Mediterranean, European"
2904,"Pasta, Waffles, Pancakes, Salsa, Nachos, Creme Brulee, Chips","Cafe, Continental"
2905,"Chole Bhature, Chaat, Paneer Tikka, Jalebi, Samosa Chat, Rasmalai, Rabri","North Indian, Chinese, Street Food, Fast Food, Mithai"
2906,"\N","North Indian, South Indian, Mangalorean"
2907,"Veg Tandoori Momos, Keema Pav, Butter Chicken, Pav Bhaji, Rolls, Galauti Kebab, Achari Paneer","North Indian, Rolls"
2908,"\N","South Indian, Andhra"
2909,"Butter Kulcha, Paneer Lababdar, Paratha, Lassi, Butter Chicken, Tawa Roti, Dal Makhani","North Indian, Chinese, Biryani"
2910,"\N","Burger, Fast Food"
2911,"\N","North Indian, Kerala, Chinese"
2912,"Chicken Salad, Mocktails, Mutton Curry, Chicken Dum Biryani, Egg Masala, Egg Salad, Karela Salad","Mughlai, North Indian, Biryani, Afghan"
2913,"Coffee","Cafe, Desserts"
2914,"Pasta, Pizza, Enchiladas, Mushroom Soup, Salads, Mocktails, Salad","Italian, Pizza"
2915,"Chicken Biryani","Andhra, North Indian"
2916,"Chicken Curry, Chicken Tikka, Cocktails, Long Island Iced Tea, Draught Beer","Biryani, North Indian"
2917,"Prompt Service","South Indian, North Indian, Chinese"
2918,"Friendly Staff","Cafe, Chinese"
2919,"\N","Mangalorean, Seafood, North Indian, Chinese"
2920,"Rolls, Whole Meat Shawarma","Arabian"
2921,"Crab Soup, Noodles, Wine, Spicy Crabmeat Soup, Manchow Soup, Momos, Sea Food","Chinese, Thai"
2922,"Gnocchi, Cocktails, Pizza, Salads, Creme Brulee, Pasta, Sangria","Healthy Food, Mediterranean, Desserts, Italian, Pizza, Salad, Kebab"
2923,"Burgers, Sandwiches, Peanut Butter Smoothie, Margherita Pizza, Ravioli, Cocktails, Salad","American, Cafe, Continental"
2924,"\N","South Indian, Street Food, North Indian"
2925,"Salad, Lamb Chops, Beer, Tea, Cappuccino","Continental"
2926,"Beer, Pepper Chicken, Cocktails, Masala Peanuts, French Fries","North Indian, Continental"
2927,"Gulab Jamun, Sea Food, Bruschettas, Paneer Tikka, Gajar Halwa, Shahi Tukda, Biryani","North Indian, Mughlai, Mediterranean"
2928,"Rice Bowl, Lamb, Chocolava, Rolls, Paneer Manchurian, Momos, Singapore Chicken","Chinese, Momos"
2929,"\N","South Indian, Chettinad"
2930,"\N","Italian, American, Chinese, Arabian, North Indian, Cafe"
2931,"Sandwiches, Oreo Shake, Burgers, Pasta, Veg Burger, Paneer Tikka Sandwich, Oreo Milkshake","Cafe, Fast Food"
2932,"Cheesy Pizza, Cheese Pasta, Brownie Milkshake, Peri Peri Chicken, Nachos, Omelette, Peanut Butter Milkshake","Cafe, Continental"
2933,"\N","Cafe, Continental, North Indian, Bakery, Desserts"
2934,"\N","North Indian, Charcoal Chicken"
2935,"Litti, Liti Chokha, Lassi, Tea, Paratha, Thali, Chai","North Indian, Bihari"
2936,"\N","Biryani, Fast Food, South Indian"
2937,"Burgers, Chicken Biryani","Fast Food, North Indian, Chinese"
2938,"Chicken Manchow Soup, Lime Soda, Clear Soup, Spring Roll, Momos, Veg Manchurian, Chilli Potatoes","Chinese, Seafood, Momos"
2939,"\N","Fast Food, South Indian"
2940,"Chocolate Sandwich, Chaat, Corn Sandwich, Chilli Cheese, Cheese Sandwiches, Veg Sandwich","Fast Food, Street Food"
2941,"\N","Mexican, Tex-Mex"
2942,"\N","Arabian, Juices"
2943,"Salads, Sunday Brunch, Cocktails, Watermelon Juice, Fish, Club Sandwich, Breakfast Buffet","North Indian, Italian, European, Continental"
2944,"Burgers, Peri Peri Fries, Exotic Pizza, Sandwiches, Veggie Pizza, White Sauce Pasta, French Fries","Cafe, Italian"
2945,"Paratha, Thali, Rajma, Poha","North Indian"
2946,"Filter Coffee, Lunch Thali, Idli, Mini Idlis, Ghee Masala Dosa, Rasam Vada, Pongal","South Indian"
2947,"Manchow Soup, Noodles, Dragon Rolls, Honey Chilli Potatoes, Spring Roll","Chinese, Thai"
2948,"\N","Biryani, Chettinad, Kerala, Maharashtrian, North Indian"
2949,"\N","Ice Cream, Desserts, Bakery"
2950,"Murgh Ghee Roast, Veg Thali, Chicken Chettinad, Chicken Kshatriya, Mutton Chops, Hyderabadi Biryani, Roti","Andhra, Chinese, North Indian"
2951,"Veg Manchow Soup, Garlic Butter Noodle, Chop Suey, Chicken Dim Sum","Chinese, Asian, Momos"
2952,"Vada, Coffee, Idli, Masala Dosa, Tea, Onion Dosa, Podi Dosa","South Indian, Fast Food, Chinese, North Indian, Street Food"
2953,"Pasta Primavera, Mocktails, Cheese Corn Balls, Noodles, Pad Thai, Sushi, Pasta Alfredo","Asian, Beverages"
2954,"\N","Andhra, North Indian"
2955,"\N","Mughlai, North Indian, Street Food"
2956,"Apple Pie, Mascarpone Cheese, Nolen Gurer Ice Cream, Paan Ice Cream, Nolen Gur, Gur Ice Cream, Salted Caramel","Ice Cream, Desserts"
2957,"Filter Coffee, Curry Crab, Mutton Chops","Mangalorean, South Indian"
2958,"Sea Food, Neer Dosa, Crab Masala, Fish, Crab Soup, Masala Prawn, Wine","Seafood, North Indian, Chinese"
2959,"\N","Mexican, North Indian, Continental"
2960,"Chicken Grill, Biryani","North Indian, Chinese, Arabian, Biryani, Fast Food"
2961,"Garlic Bread, Minced Chicken Lasagne","Mexican, Italian"
2962,"Biryani, Tandoori Chicken, Curd Rice, Kalmi Kebab, Chilli Chicken, Chicken Tikka Masala","North Indian, Chinese"
2963,"Paneer Tikka Masala, Hyderabadi Chicken Biryani","North Indian, Chinese, Andhra, Biryani"
2964,"Mushroom Soup, Faluda, Paratha, Banana Fritters, Kerala Parotta, Fruit Juices, Murgh Ghee Roast","Kerala"
2965,"\N","North Indian, South Indian, Chinese, Biryani"
2966,"\N","North Indian, Bengali"
2967,"Gulab Jamun, Mint Raita, Paneer Subz Biryani, Hyderabadi Biryani, Mutton Biryani, Biryani Box, Basmati Rice","Biryani"
2968,"Kerala Parotta, Appam, Buttermilk, Biryani, Chicken Fry, Beef Fry, Fish Curry","Kerala"
2969,"\N","Bihari"
2970,"Paratha, Kulcha, Biryani, Dal Makhani","North Indian, Chinese"
2971,"Vanilla Ice Cream, Chocolate Milkshake","Beverages"
2972,"Pasta, Salads, Chole, Butter Chicken, Brownie, Butter Cookies, Sandwiches","North Indian, Continental"
2973,"Tea, Chai, Sandwiches, Sandwich","Beverages, Juices, Fast Food"
2974,"Cocktails, Pizza, Fries, Pasta, Chicken Sizzler, Mocktails, Long Island Iced Tea","American, Chinese, Continental, North Indian"
2975,"\N","Salad, Healthy Food"
2976,"Kadhai Murgh, Coffee Toffee, Pasta, Tandoori Chicken, Dum Aloo, Tandoori Pomfret, Butter Chicken","North Indian, South Indian, Chinese, Continental, Mangalorean"
2977,"\N","Bengali, Chinese"
2978,"Pasta, Salad, Spaghetti, Burgers, Mocktails, Chettinad Pizza, Veg Burger","American, Modern Indian, Italian, South Indian"
2979,"Paneer Tikka, Mutton Biryani","Biryani, North Indian, Chinese, Mughlai"
2980,"Chicken Biryani","Biryani, North Indian, Chinese"
2981,"Donut, Chocolate Fantasy","Desserts"
2982,"\N","Bakery, Mithai"
2983,"\N","Juices, Desserts, Fast Food"
2984,"Shawarma Roll, Chicken Grill, Tandoori Chicken, Chicken Wings, Ghee Rice, Pulpy Grape Juice","North Indian, Chinese"
2985,"Dal Makhani, Rice, Buttermilk","North Indian"
2986,"Shawarma, Chicken Grill","Beverages"
2987,"Chicken Tikka, Egg Chilli, Masala Peanuts, Beer, Pepper Chicken, Chilli Chicken, Masala Papad","North Indian, Chinese"
2988,"Murgh Makhani, Chicken Biryani, Naan, Beer, Tandoori Chicken","North Indian, Chinese, Mughlai"
2989,"Cocktails, Chicken Curry, Beer, Watermelon Mojito, Bbq Mushroom, Kokum Sharbat, Brain Fry","South Indian"
2990,"Akki Rottis, Rumali Roti, Masala Dosa, Vada, Raagi Roti, Rava Idli, Coffee","South Indian, Chinese, Street Food, Juices"
2991,"\N","Andhra, South Indian, Chettinad"
2992,"\N","Charcoal Chicken, Chinese, North Indian, Juices, Desserts, Seafood, South Indian"
2993,"Burgers, Fries, Peri Peri Chicken, Nachos, Wings, Rolls, Tandoori Burger","Burger, Turkish, Arabian, Fast Food, Salad, Healthy Food, Desserts"
2994,"Tea","Kerala, South Indian, North Indian, Chinese"
2995,"Irish Coffee, Gelato Ice Cream, Italian Icecream, Chocolate Cake","Desserts, Ice Cream"
2996,"Ghee Rice, Butter Chicken, Hyderabadi Chicken, Methi Murg, Bheja Fry, Chicken Kebab, Tandoori Chicken","North Indian, Chinese, Mughlai"
2997,"Paratha, Butter Naan, Thali, Tandoori Roti, Lassi","North Indian"
2998,"\N","North Indian, Fast Food, Biryani"
2999,"Coffee, Cappuccino, Sandwich, Tiramisu, Hot Chocolate, Pasta, Fries","Cafe, Salad, Desserts, Pizza"
3000,"Thali, Mutton Biryani, Mutton Fry, Chilli Chicken, Chicken Biryani, Andhra Meal, Vegetable Biryani","Andhra"
3001,"Burgers, Cocktails, Salads, Veg Burger, Peri Chicken, Pasta Alfredo, Hazelnut Mousse Flan","European, Italian, Desserts, Salad, Juices, Steak"
3002,"\N","North Indian, Juices"
3003,"Burgers, Pasta, Mocktails, Mashed Potato, Salads, Chicken Steak, Beef Steak","Steak, Continental, Burger, BBQ"
3004,"Matar Paneer, Pizza, Pasta, Sandwiches, Calzone, Mocktails, Vegetarian","Continental, North Indian, Beverages"
3005,"Sea Food, Fish, Prawn Curry, Crab Masala, Prawn Gassi, Naan, Neer Dosa","Mangalorean, Seafood, North Indian, Chinese"
3006,"Vegetable Biryani, Chicken Biryani, Raita, Chicken Kebab, Hyderabadi Biryani, Fish Biryani, Paneer Biryani","Biryani, Kebab"
3007,"Plain Paratha, Prawn, Chicken Biryani, Chicken Dak Bunglow, Chicken Masala, Roti, Aloo Posto","North Indian, Chinese, Bengali"
3008,"Cup Cake, Cheesecake, Chocolate Mudpie, Tiramisu, Apple Pie, Chocolate Cake, Blueberry Cheese Cake","Desserts, Fast Food"
3009,"Murgh Ghee Roast, Neer Dosa, Sea Food, Tender Coconut Souffle, Crab Ghee Roast, Fish, Prawn Ghee Roast","Mangalorean, Seafood"
3010,"\N","Chinese, Fast Food, North Indian"
3011,"Paratha, Panipuri, Puri Sabzi, Rasgulla, Rasmalai, Pav Bhaji, Samosa Chaat","North Indian, Street Food, Mithai"
3012,"Wedges, Chicken Waffles, Sandwiches, Blueberry Waffles, Blueberry Pancakes, Fruit Pancake, Belgian Waffles","Cafe, Desserts"
3013,"Noodles, Chicken Noodle, Momos, Manchow Soup, Manchurian, Garlic Butter Noodle, Golden Fried Prawns","Chinese, Thai"
3014,"Sandwiches, Lunch Buffet, Biryani, Gulab Jamun, Breakfast Buffet, Pasta, Vada","North Indian, Continental, Chinese, European"
3015,"\N","Cafe, American, Burger, Sandwich, Fast Food"
3016,"Thali, Dhokla, Samosa, Poha, Club Kachori, Paratha, Tea","Rajasthani"
3017,"Burgers, Chicken Popcorn, Peri Peri Chicken, Wings, Peri Peri Burger, Fries, Crunchy Veg Burger","American, Burger, Fast Food"
3018,"Thick Shakes, Oreo Milkshake, Gelato, Oreo Shake, Choco Brownie, Caramel Coffee, Choco Shake","Beverages"
3019,"Mocktails, Tomato Soup, Pasta, Nachos, Chaat, Potli Biryani, Lassi","North Indian, Continental"
3020,"Butter Paneer, Butter Naan, Panneer Butter Masala, Tandoori Roti","Biryani, North Indian, Chinese"
3021,"\N","Mithai, Oriya, Bengali"
3022,"Appam, Kappa Biryani, Chicken Fry, Kallappam, Buttermilk, Beef Fry, Paratha","Kerala, Seafood"
3023,"Malai Kofta, Sandwich, Naan","North Indian, Chinese"
3024,"Khichda, Thali, Jowar Roti, Cucumber Juice, Brownie, Palak Soup, Buttermilk","Healthy Food, South Indian"
3025,"\N","North Indian, South Indian, Chinese, Biryani, Mexican"
3026,"\N","Fast Food, Sandwich"
3027,"Vada Pav, Misal Pav, Sabudana Vada, Dabeli, Pav Bhaji, Sabudana Khichdi, Lassi","Street Food, Maharashtrian"
3028,"Tea, Kharabath, Filter Coffee, Idli","South Indian"
3029,"Beer, Cocktails, Nachos, Pizza, Tiramisu, Fries, Stout","Continental, Finger Food"
3030,"Shawarma, Alpham Chicken, Chicken Grill","Arabian, Mughlai, Chinese, Kebab, Fast Food"
3031,"Fish, Chicken Biryani, Butter Naan, Dal Makhani, Fries, Hyderabadi Chicken, Vegetable Biryani","Chinese, North Indian, Continental"
3032,"Vada Pav, Kulfi, Mumbai Sandwich, Rolls, Keema Roll","Fast Food, Maharashtrian, Rolls"
3033,"Cocktails, Roast Pork, Mocktails, Fish, Chilli Prawns, Pizza, Butter Garlic Prawns","Goan, Mangalorean"
3034,"Mutton Biryani, Donne Biryani, Mutton Fry, Chicken Guntur, Chicken Biryani","Biryani"
3035,"Tikka, Biryani, Salad, Pasta, Masala Papad, Palak Paneer, Garlic Naan","North Indian, Continental, Chinese, Mexican, Italian"
3036,"Noodles, Momos, Bbq Pork, Honey Chilli Potatoes, Wonton, Pork Momo, Sweet Corn Soup","Chinese, Thai, Momos"
3037,"Chicken Momo, Noodles, Pan Fried Momos","Tibetan, Momos"
3038,"\N","Chinese, Asian, Malaysian"
3039,"Chole Bhature, Chaat, Jalebi, Kulfi, Rasgulla","North Indian, South Indian, Chinese, Street Food, Mithai"
3040,"\N","Kerala, Chinese, Arabian, Biryani"
3041,"Beer, Beef Chilli","Finger Food"
3042,"Burgers, Eggless Cake, Red Velvet Cake","Bakery, Desserts"
3043,"Gatte Ki Subzi, Rabri, Dhokla, Rajasthani Thali, Jalebi, Daal Baati Churma, Aamras","North Indian"
3044,"Masala Peanuts, Onion Rings, Cocktails, Biryani, Veg Momos, Pinacolada, Pakoda","Continental, Finger Food, Asian, Chinese"
3045,"Chicken Grill, Shawarma","North Indian, Mughlai"
3046,"Chocolate Truffle, Blueberry Cheesecake","Bakery, Desserts"
3047,"Pav Bhaji, Dabeli, Paratha, Raj Kachori, Vada Pav","North Indian, Fast Food, Street Food"
3048,"Fries, Pasta, Sandwich, Burgers, Chicken Burger, Monster Burger","Cafe, Continental, Fast Food"
3049,"Turkish Ice Cream, Baklava, Chocolate Icecreams","Turkish, Desserts"
3050,"Pizza, Nachos, Rolls, Veggie Roll, Sandwiches, Burgers, Mango Shake","Cafe, Fast Food, Beverages"
3051,"Chicken Grill, Grape Juice, Biryani, Shawarma Roll, Rolls, Chicken Kebab, Chicken Shwarma Roll","North Indian, Kebab, Fast Food"
3052,"Sandwiches, Falafal Sandwich","Sandwich, Beverages"
3053,"Paratha, Pizza, Chicken Curry, Mushroom Soup, Momos","Healthy Food, Continental, North Indian"
3054,"Waffles, Banana Nutella Crepe, Oreo Shake","Desserts"
3055,"Biryani, Pudina Chicken, Kalmi Kebab, Chicken Kebab, Chicken Delight, Butter Chicken, Chicken Roll","North Indian, Chinese, Biryani, Beverages"
3056,"Maggi, Pasta, Burgers, Sandwiches, Fries","Cafe, Fast Food"
3057,"Sea Food, Fish, Masala Papad, Chilli Paneer, Cocktails, Corn Pakoda, Biryani","Konkan, Seafood"
3058,"Honey Chilli Potatoes, Nachos, Lemonade, Hakka Noodles, Babycorn Manchurian, Mushroom Manchurian, Spring Roll","South Indian, Chinese"
3059,"\N","Mangalorean, Seafood"
3060,"\N","North Indian, Chinese, Oriya"
3061,"Chicken Manchurian, Biryani, Chicken Butter Masala, Tandoori Chicken, Paneer Curry, Dal Fry, Gulab Jamun","North Indian, South Indian, Chinese, Continental"
3062,"\N","Steak, Continental"
3063,"\N","Beverages, South Indian"
3064,"\N","Chinese, North Indian, Mughlai"
3065,"Burgers, Sandwich, Peri Peri Chicken Satay, Fries, Nachos, Sandwiches, Pesto Pasta","Cafe, Burger, Continental, Pizza, Steak"
3066,"Murgh Kalimirch, Panneer Butter Masala, Rolls, Butter Naan, Butter Chicken, Malai Tikka, Phirni","North Indian, Mughlai"
3067,"Al Faham Chicken, Kalmi Kebab, Bbq Chicken, Chicken Tikka, Shawarma, Malabari Biryani, Chicken Wrap","Arabian, North Indian, Biryani, Chinese, Seafood"
3068,"Papdi Chaat, Panneer Butter Masala, Tea, Paneer Lababdar, Biryani, Kullad Chai, Chicken Tikka Masala","North Indian, Chinese, Biryani, Rolls"
3069,"Paratha, Thali","North Indian"
3070,"Noodles, Mocktails, Honey Chilli Potatoes, Veg Ball Manchurian, Kung Pao Chicken, Momos, Pepper Chicken","Chinese, Thai, Momos"
3071,"Paneer Tikka Masala, Buttermilk, Lassi, Soya Chaap, Aloo Paratha, Panneer Butter Masala, Stuffed Naan","North Indian"
3072,"Dum Biryani, Dal Fry, Paneer Biryani","Andhra, North Indian, Biryani"
3073,"Wood Fire Pizza","Italian, Pizza"
3074,"\N","Rolls, Salad, Sandwich"
3075,"\N","Biryani, Andhra, Kebab"
3076,"Biryani","Biryani, Chinese, Fast Food, North Indian"
3077,"Pizza, Sandwiches, Burgers, Chaat, Panipuri","Fast Food"
3078,"Masala Dosa, Chaat, Vada, Sandwiches, Filter Coffee","South Indian, North Indian, Chinese"
3079,"Chocochip Cake, Butterscotch Cake","Bakery, Desserts"
3080,"Coffee, Chicken Burger, Burgers, Brownie, Carrot Cake, Chocolate Cake, Cheesecake","Cafe, Fast Food"
3081,"Coffee, Sandwiches, Hot Chocolate, Tiramisu, Latte, Cup Cake, Brownie","Desserts"
3082,"Chicken Biryani, Ambur Biryani, Kothu Paratha, Onion Raita, Fish Fry","Biryani, Kebab"
3083,"Beef Curry, Kerala Parotta, Tea, Appam, Paratha, Beef Fry, Biryani","Kerala"
3084,"Dahi Bhalle, Thali","North Indian"
3085,"Cocktails, Tandoori Chicken, Paneer Tikka, Stuffed Mushroom, Pasta Alfredo, Mocktails, Salads","Mediterranean, Continental, North Indian, Mughlai, Salad"
3086,"Cocktails, Pizza, Mutton Curry, Bruschettas, Chilli Mushroom, Veg Starter, Long Island Iced Tea","Modern Indian, Continental"
3087,"Pasta, Caesar Salad, Wood Fire Pizza, Chocolate Bomb, Ravioli, Cocktails, Mocktails","Italian, Pizza, Mexican"
3088,"Gelato, Thick Shakes, Corn Flakes, Raspberry Shake, Brownie, Oreo Shake","Desserts, Beverages"
3089,"\N","Continental, Chinese, Thai, BBQ, Steak"
3090,"Tandoori Chicken, Chicken Malai Tikka, Lassi, Tandoori Aloo, Paneer Lababdar, Kalmi Kabab, Bruschettas","North Indian"
3091,"\N","Chinese, Thai, American, Momos"
3092,"Paratha, Jal-jeera, Sandwich, Dal Makhani, Biryani, Lemonade, Salad","North Indian, Mughlai, Fast Food"
3093,"Chicken Fry, Andhra Meal, Chicken Meal, Mutton Curry, Chicken Guntur, Chicken Biryani, Hyderabadi Biryani","Andhra, Biryani"
3094,"Coffee, Pasta","Cafe, Italian, European"
3095,"Sangria, Chicken Salad, Sandwiches, Cocktails, Pizza, Gnocchi, Chicken Satay","Fast Food, European"
3096,"Chicken Lasagne, Bannoffee Pie, Cup Cake, Salad, Salads, Nutella Cheesecake, Tiramisu","Desserts, Bakery, Cafe"
3097,"\N","Cafe, Healthy Food, Salad, Beverages"
3098,"Noodles, Momos, Fish, Paneer Satay, Sweet Corn Soup, Basil Chicken, Lime Soda","Chinese, Thai, Momos"
3099,"Chicken Dum Biryani, Kerala Parotta, Chicken Boneless Biryani, Vegetable Biryani, Naan, Fish, Gulab Jamun","Biryani, Andhra, North Indian, Chinese"
3100,"\N","North Indian, Biryani, Chinese, Momos"
3101,"Mushroom Soup, Salads, Halwa, Thali, Salad, Millet Pizza, Misal Pav","Healthy Food, Cafe, Beverages"
3102,"Pasta, Pizza, Mocktails, Jalapeno Poppers","Cafe, Chinese, Continental, Fast Food"
3103,"Peda, Dhokla, Vada Pav, Samosa, Jalebi","Desserts, Mithai"
3104,"Hot Chocolate Fudge, Chocolate Malt, Thick Shakes, Chocolate Nut Sundae, Ice Cream Sundae, Fudge Cake, Coffee","Ice Cream, Desserts"
3105,"Curd Rice, Bisi Bele Bhaath, Pongal","South Indian"
3106,"Filter Coffee, Pongal","South Indian"
3107,"Coffee, Hot Chocolate, Sandwiches, Frappuccino, Hazelnut Latte, Vanilla Latte, Velvet Cake","Cafe, Desserts"
3108,"Momos, Noodles, Thukpa, Crispy Honey Chicken, Manchow Soup, Manchurian, Chicken Momo","Chinese, Momos"
3109,"Panipuri, Kulfi, Sitaphal Ice Cream, Guava Ice Cream, Coffee","Ice Cream, Desserts"
3110,"\N","Cafe, Turkish"
3111,"Sea Food, Fish Thali, Neer Dosa","Mangalorean, Seafood"
3112,"\N","South Indian, Fast Food, Kerala, Beverages"
3113,"Chicken Steak, Burgers, Salads, Potato Wedges, Salad, Fish, Rice Bowl","Healthy Food, Chinese, Biryani, North Indian, Continental, Salad, American, Burger"
3114,"\N","Beverages, Healthy Food"
3115,"Biryani","Chettinad"
3116,"Mocktails, Pizza, Cocktails, Beer, Pasta","Finger Food, Italian, Continental"
3117,"Fries, White Sauce Pasta, Monster Pizza, Cheesy Garlic Bread, Cheesy Pizza, Margherita Pizza","Italian, Pizza, Beverages"
3118,"Pasta, Salad, Mousse, Noodles, Fries, Mocktails, Pizza","Cafe, Continental, Beverages"
3119,"\N","Bengali, Chinese, Continental, Mughlai, North Indian, Oriya"
3120,"\N","North Indian, South Indian, Mexican"
3121,"Cocktails, Veg Burger, Tikka, Beer, Pizza, Burgers, Spaghetti Aglio Olio","Pizza, Continental, North Indian, Asian"
3122,"Neer Dosa, Prawn Curry, Pork Chilli, Biryani, Sea Food, Kori Roti, Chicken Curry","Mangalorean, Seafood, Chinese, North Indian"
3123,"\N","American, Chinese"
3124,"French Fries, Peri Peri Fries, Cup Cake, Potato Fries, Fried Cheese, Chicken Fries, Mexican Fries","Fast Food"
3125,"Panna Cotta, Murgh Makhani, Pasta, Lemonade, Chicken Biryani, Kulcha, Naan","North Indian, Continental"
3126,"\N","South Indian, North Indian, Chinese, Street Food, Juices"
3127,"\N","Chinese, Tibetan, North Indian, Momos"
3128,"\N","South Indian, North Indian, Kerala"
3129,"Pasta, Pizza, Mocktails","Cafe, Chinese, Continental, Fast Food"
3130,"Lemon Chicken, Chicken Dum Biryani, Mutton Biryani","Andhra, Biryani"
3131,"Chaat, Gulab Jamun, Biryani, Samosa","North Indian, Fast Food, Street Food"
3132,"Chicken Biryani, Dum Biryani, Vegetable Biryani, Mutton Biryani","Biryani, North Indian, Chinese"
3133,"Whole Meat Shawarma","Arabian"
3134,"Fish Curry","North Indian, Chinese, South Indian"
3135,"\N","North Indian, South Indian, Maharashtrian"
3136,"\N","North Indian, Arabian, South Indian, Chinese"
3137,"Mango Cider, Cajun Potato, Nachos, Salads, Pizza, Wheat Beer, Pork Ribs","American, Continental, North Indian, Salad"
3138,"Garlic Bread, Sandwiches, Aloo Tikki Burger, Club Sandwich, White Sauce Pasta, Garlic Rice","Fast Food"
3139,"Burgers, Fries, Peri Peri Chicken, Nachos, Wings, Rolls, Tandoori Burger","Burger, Fast Food"
3140,"Indian Sweets","South Indian, Continental, North Indian"
3141,"Hot Chocolate, Fries, Gelato, Brownie, Strawberry Shake, Vanilla Ice Cream, Thick Shakes","Desserts, Cafe"
3142,"Ginger Tea, Roti, Dal Tadka, Naan, Rava Masala Dosa","South Indian, North Indian, Chinese"
3143,"Fish, Veg Thali, Biryani","Bengali, North Indian, Chinese"
3144,"Fish Curry, Roast Chicken, Kerala Parotta, Appam, Mutton Pepper Fry, Sea Food, Ghee Rice","Kerala, South Indian, Seafood, Biryani"
3145,"Manchurian, Noodles, Chop Suey, Basil Chicken, Triple Schezwan, Dragon Chicken, Schezwan Rice","Chinese, Thai"
3146,"Ghee Rice, Mutton Biryani, Seekh Kebab, Paratha, Tandoori Chicken, Kalmi Kebab","Mughlai, Chinese"
3147,"Chicken Grill, Rolls, Chicken Roll, Shawarma Roll, Rumali Roti, Paneer Roll, Tandoori Chicken","North Indian, Biryani, Mughlai, Rolls"
3148,"Keema Pav, Cocktails, Craft Beer, Pork Chops, Mocktails, Hefeweizen, Nachos","American, North Indian, Salad"
3149,"\N","South Indian, North Indian, Chinese, Desserts, Juices"
3150,"Mocktails, Jasmine Rice, Chicken Curry, Noodles, Pho, Caramelized Bananas, Prawn","Vietnamese"
3151,"Cocktails, Beer, Spring Roll","Continental"
3152,"Pizza, Mocktails, Salads, Nachos, Pesto Pasta, Risotto, Spinach Salsa","Italian, Pizza, Mexican"
3153,"Mocktails, Cocktails, Beer, Nachos, Fries","Continental, North Indian"
3154,"Fish, Cocktails, Chips, Pizza, Beer, Pie, Tiramisu","European"
3155,"Noodles, Spring Roll, Kung Pao Chicken, Lamb, Sweet Corn Soup, Fish, Manchow Soup","Chinese"
3156,"Fish, Paratha, Fried Rice","North Indian, Chinese"
3157,"Hot Chocolate, Waffles, Chicken Pizza, Brownie, Tea, Chocolate Cupcake, Pasta","Cafe, Bakery"
3158,"Cocktails, Stir Fried Noodles, Cheesecake, Jasmine Rice, Kung Pao Vegetables, Veg Sushi, Octopus Takoyaki","Asian, Japanese, Thai, Malaysian, Vietnamese, Korean, Chinese"
3159,"Paratha, Rasgulla, Dal Fry, Paneer Bhurji, Thali, Aloo Jeera","North Indian"
3160,"Pizza, Pasta, Wine, Cocktails, Mocktails, Mojito, Tiramisu","Italian, Salad, Mediterranean"
3161,"\N","Ice Cream, Juices, Fast Food"
3162,"Chocolate Sundae, Cup Cake, Coffee, Cheesecake, Macaroon, Sandwich, Hot Chocolate","Desserts, Cafe, Continental"
3163,"Chocolate Mousse, Pasta, Chocolate Cake, Lemon Tarts, Veg Burger","Desserts, Bakery"
3164,"Veg Manchow Soup, Garlic Butter Noodle, Chop Suey, Basil Rice, Chicken Dim Sum","Chinese, Asian, Momos"
3165,"\N","Mithai, Street Food, Fast Food"
3166,"Beer, Meatballs, Cocktails, Chicken Tenders, Burgers, Mini Tacos, Sweet Corn Pizza","European, American"
3167,"Pasta, Chicken Steak, Pizza, Pink Lemonade, Nachos, Burgers, Wings","Cafe"
3168,"Thai Soup, Panneer Butter Masala, Pav Bhaji, Paneer Lajawab, Dahi Papadi Chaat, Butter Naan, Lassi","North Indian, Chinese, Continental, Street Food"
3169,"Cocktails, Jumbo Prawns, Charcuterie Platter, Chicken Burger, Chicken Tikka, Shawarma","Continental, Fast Food"
3170,"Burgers, Pasta Alfredo, Pork Burger, Pizza","Cafe, Burger, Italian, Salad"
3171,"\N","Cafe, Burger"
3172,"Tandoori Chicken, Rolls, Punjabi Chicken, Hyderabadi Biryani, Butter Chicken","Chinese, North Indian"
3173,"Biryani, Beer, Murgh Platter, Cocktails, Pizza, Burgers, Drunken Chicken","Continental, Finger Food, North Indian, Chinese"
3174,"Sandwiches, Sandwich, French Fries, Creme Caramel, Onion Rings, Potato Fries","Fast Food, Sandwich"
3175,"Vada, Rava Masala Dosa, Biryani","South Indian, North Indian, Street Food, Chinese, Beverages"
3176,"\N","American, Mexican"
3177,"French Chicken","Finger Food, Chinese, North Indian"
3178,"Rice Kheer, Hariyali Chicken, Chicken Kebab, Chicken Biryani, Firewood Biryani, Mutton Biryani, Badam Phirni","Biryani, Kebab, Rolls"
3179,"Rice Bowl","Mexican, Tex-Mex"
3180,"Lassi, Paratha, Chaach, Chole Bhature, Thali","North Indian, Fast Food"
3181,"Benne Dosa, Mirchi Bajji, Filter Coffee, Poha, Tea, Butter Dosa, Crispy Dosa","South Indian"
3182,"Pizza, Pasta, Garlic Bread, Nachos, Penne Alfredo, Mozzarella Sticks, Salad","Pizza, Italian, Continental, Desserts"
3183,"\N","Fast Food, Italian, Beverages"
3184,"Masala Dosa","South Indian, Chinese, North Indian"
3185,"Sea Food, Caesar Salad, Jumbo Prawns, Cocktails, Mocktails, Goan Fish Curry, Curry Crab","Seafood, Goan, North Indian, Continental, Asian"
3186,"Cocktails, Sunday Brunch, Rasmalai, Lunch Buffet, Ravioli, Biryani, Sunday Brunches","Goan, Asian, North Indian, European, Continental"
3187,"Chicken Curry, Paratha, Fish, Kerala Parotta","Kerala, Seafood, South Indian, Biryani"
3188,"\N","Street Food, Fast Food, Mithai"
3189,"Sattu Paratha, Lassi, Dal Makhani, Roti","North Indian"
3190,"Pizza Burger","Pizza, Fast Food"
3191,"Paratha, Rajma Chawal","North Indian, Fast Food"
3192,"Naan, Mutton Kebab, Memon Mutton Biryani, Mutton Keema","North Indian"
3193,"Cheesecake, Sandwiches, Tiramisu, Coffee, Hot Chocolate, Red Velvet Cake, Brownie","Cafe, Bakery"
3194,"Lassi, Amritsari Kulcha, Chole","North Indian"
3195,"Chicken Curry, Breakfast Buffet, Pasta, Fish, Salads, Lunch Buffet, Salmon","North Indian, South Indian, Asian"
3196,"\N","Biryani, North Indian, Chinese, Rolls, Beverages"
3197,"Rasgulla, Mutton Kosha, Luchi, Fish Cutlet, Aloo Posto, Alur Dom, Thali","Bengali"
3198,"Cocktails, Apple Cider, Craft Beer, Burgers, Stout, Seafood Salad, Noodles","Modern Indian, European, Asian"
3199,"\N","Sandwich, Fast Food, Burger, Rolls"
3200,"Burgers, Chicken Bucket, Paneer Zinger Burger","Burger, Fast Food"
3201,"Paratha","North Indian, Chinese, Street Food, Biryani"
3202,"Biryani, Chicken Shawarama, Chicken Grill, Pepper Chicken, Chicken Shwarma Roll, Chicken Tikka, Punjabi Chicken","North Indian, Mughlai, Chinese, Seafood"
3203,"Cocktails, Beer, Mocktails, Biryani, Long Island Iced Tea, Drunken Prawn, Sunday Brunch","Continental, Finger Food, Asian, North Indian"
3204,"\N","Chinese, North Indian, South Indian, Street Food"
3205,"Paratha, Momos, Lassi, Sandwiches, Burgers, Nachos, Potato Wedges","Fast Food, North Indian, Rolls"
3206,"\N","Italian, Continental, Chinese"
3207,"Masala Dosa, Khali Dosa, Kali Dosa, Gini Dosa, Idli, Potato Masala, Coffee","South Indian"
3208,"Idli, Plain Dosa, Neer Dosa, Masala Dosa, Thali, Uddin Vada","South Indian, North Indian, Chinese, Street Food"
3209,"Chocolate Cake, Chocochip Cake, Cup Cake, Chocolate Truffle","Bakery, Desserts"
3210,"Panipuri, Kesar Pista, Guava Ice Cream, Belgian Chocolate, Kesar Kulfi","Ice Cream, Desserts"
3211,"Vegetable Biryani, Jalebi, Paneer Curry, Tandoori Paneer, Paneer Tikka, Gulab Jamun, Paratha","North Indian, Chinese, Street Food"
3212,"\N","South Indian, Biryani, North Indian"
3213,"Mocktails, Sandwiches, Mushroom Soup, Idli Platter, Nachos, Appam, Egg Dosa","Cafe, Continental"
3214,"Sandwiches, Salads, Chicken Curry, Dal Makhani, Noodles, Apple Mojito, Shrikhand","Healthy Food, North Indian, Biryani, Continental, Sandwich, Desserts"
3215,"Gulab Jamun, Chaat, Paratha, Vada Pav, Masala Pav Bhaji, Buttermilk, Aloo Tikki Chat","North Indian, Fast Food, Street Food"
3216,"\N","American, Goan"
3217,"Chaat, Pav Bhaji, Panipuri, Samosa, Chole Bhature, Jalebi, Paratha","North Indian, Mithai"
3218,"Wedges, Chicken Sandwich, Sandwiches, Cappuccino, Gourmet Coffee, Cheesecake, Fries","Cafe, Continental, Desserts"
3219,"Buttermilk, Fish Curry, Biryani, Beef Fry, Pazham Pori, Chicken Malabari, Tea","Kerala, Seafood"
3220,"Sandwiches, Pasta, Cobb Salad, Pizza, Burgers, Fries, Calzone","Cafe, Continental, Beverages"
3221,"Rolls, Ice Cream Roll, Fries, Chocolate Icecreams, Banana Nutella, Chocolate Ball, Waffles","Ice Cream, Beverages, Fast Food"
3222,"Hara Bhara Kebab, Lunch Buffet, Naan, Babycorn Manchurian, Malai Kofta, Noodles, Gulab Jamun","Biryani, North Indian, Chinese, Rajasthani"
3223,"Chicken Burger, English Breakfast, Corn Sandwich, French Fries, Bacon Fry, Beef Burger, Omelette","American, Sandwich"
3224,"\N","North Indian, South Indian, Chinese, Grill"
3225,"Burgers, Pasta, Hot Dog, Mashed Potato, Plum Cake, Sunday Brunch, Cheesecake","North Indian, Chinese, Cafe, Desserts"
3226,"Ginger Tea, Waffles, Smoothie Bowl, Egg Salad, Pancakes, Salads, Cheesecake","Continental, Thai, Arabian, Mexican"
3227,"Roti, Noodles","North Indian, South Indian, Chinese, Continental"
3228,"Andhra Thali, Veg Thali, Chicken Biryani, Kodi Pulao, Mutton Soup, Ulavacharu Mutton Biryani, Lassi","Andhra, Biryani, Seafood, North Indian"
3229,"Chaat, Pav Bhaji, Paratha, Lassi, Panipuri, Dahipuri, Bhel Puri","Street Food, North Indian"
3230,"Ice Cream Roll, Rolls, Chocolate Ball, Oreo Overload, Fries, Choco Chip Cookies, Mango Roll","Ice Cream, Beverages, Fast Food"
3231,"Cocktails, Chicken Tikka Pizza, Chicken Popcorn, Sangria, Chilli Pork, Beer, Chicken Nachos","Continental, North Indian, Italian"
3232,"\N","North Indian, South Indian, Chinese, Pizza"
3233,"Firni, Roganjosh, Phirni, Tabakh Maaz, Wings","Kashmiri"
3234,"Fish Curry, Appam, Kerala Parotta, Paratha, Beer, Kadala Curry, Sea Food","Seafood, Kerala"
3235,"Phirni, Chicken Roll, Hyderabadi Biryani, Mutton Biryani, Lucknowi Biryani, Galauti Kebab, Gulab Jamun","Biryani, Kebab, Rolls, Mughlai"
3236,"Burgers, Pasta, Pizza, Biryani, Veg Burger, Chicken Burger, Chicken Lollipop","North Indian, Chinese, Fast Food, Biryani"
3237,"\N","Beverages, Pizza"
3238,"Onion Rings, Triple Schezwan","American, Continental, Chinese"
3239,"Momos, Oreo Shake","Mughlai, North Indian, Chinese, Momos"
3240,"Paneer Roll, Cocktails, Wine, Fiery Chicken, Mexican Platter, Dragon Chicken, Paneer Tikka","Finger Food"
3241,"Cocktails, Beer","American, North Indian, Chinese"
3242,"Badam Halwa, Carrot Halwa, Panneer Butter Masala, Filter Coffee, Vegetarian, Manchurian, Masala Buttermilk","North Indian, Chinese, South Indian"
3243,"Gajar Halwa, Shikanji, Kheer, Lunch Buffet, Dal Makhani, Panner Tikka, Butter Chicken","North Indian"
3244,"Bamboo Chicken, Chicken Guntur, Mutton Bone Soup, Chicken Boneless Biryani, Hyderabadi Biryani, Chicken Kshatriya, Vegetable Biryani","Andhra, Biryani, North Indian, Chinese"
3245,"Chicken Grill, Roast Chicken, Chicken Wings, Sweet Potato Mash, Pulled Chicken Burger, Sweet Potato Fries","Roast Chicken, Burger"
3246,"\N","Mughlai, Kebab, Biryani"
3247,"\N","North Indian, Chinese, BBQ, Arabian, Fast Food"
3248,"Pizza, Cocktails, Saffron Rice, Pie, Sulemani Chai, Prawn Crackers, Waffles","Continental, North Indian, Pizza, Italian"
3249,"Cocktails, Pasta, Pizza, Mocktails, Thai Crispy Chicken, Beer, Chicken Wings","Continental, North Indian, Finger Food"
3250,"Burgers, Sandwiches, Chicken Biryani, Roast Beef Sandwich, Chicken Crisp Burger, Beef Chilli, Cheesecake","Fast Food, Biryani"
3251,"Donut, Latte, Coffee, Choco Bomb, Hot Chocolate, Waffles, Cappuccino","Bakery, Desserts, Beverages"
3252,"Chicken Roll, Sweet Lime","North Indian, Chinese"
3253,"Noodles, Pasta, Tibetan Momos, Clear Soup, Thukpa, Steak, Chicken Momo","Tibetan, Chinese, Continental, Momos"
3254,"Cappuccino","Cafe"
3255,"Pasta, Wedges, Pizza, Nachos, Mocktails, Peri Peri Fish, Burgers","Cafe, Continental, Italian, Burger"
3256,"\N","Desserts, Cafe, Fast Food"
3257,"\N","Bakery, Desserts, Cafe"
3258,"French Fries, Whole Meat Shawarma, Chicken Shawarama","Arabian"
3259,"\N","Chinese, Momos, Vietnamese, Thai"
3260,"Chicken Lollipop, Idiyappam, Chicken Biryani, Fried Rice, Roti, Kerala Parotta, Pepper Chicken","Mughlai, Chinese, Kerala"
3261,"Cocktails, Burgers, Chicken Chunks, Crispy Chicken, Cheesecake","Continental, Asian, North Indian, South Indian"
3262,"Biryani, Coffee, Kerala Parotta, Tea, Thalassery Dum Biriyani, Appam, Noodles","Kerala, Biryani, South Indian, North Indian, Chinese, Arabian, Beverages"
3263,"Chicken Biryani, Lemon Chicken Roll","Mughlai, North Indian, Chinese"
3264,"Masala Peanuts, Beer, Chicken Lollipop, Pepper Chicken, Chilli Chicken, Fried Rice, Chicken Tikka","North Indian, Chinese, Fast Food"
3265,"\N","South Indian, Kerala, North Indian"
3266,"Tea, Sandwiches","Continental, Desserts, Beverages"
3267,"Hot Chocolate Fudge, Chocolate Mousse, Brownie Fudge Sundae, Almond Fudge, Banana Split, Ice Cream Sundae, Apple Pie","Ice Cream, Desserts"
3268,"Paratha, Sandwiches, Sweet Lassi, Sandwich, Eggless Cake, Gulab Jamun, Bread Pakora","Fast Food, Bakery"
3269,"Beef Fry, Beef Biryani, Fish Curry, Appam, Karimeen Fry","Kerala"
3270,"Tawa Chicken, Mango Lassi, Paratha, Seekh Kebab, Butter Chicken, Dahi Bhalle, Makkai Roti","North Indian"
3271,"\N","North Indian, Mughlai, Chinese, Beverages"
3272,"Rajma, Tandoori Roti, Sweet Lassi, Tandoori Chicken, Naan, Dal Makhani, Veg Thali","North Indian, Chinese"
3273,"Cocktails, Beer","Continental, Chinese, North Indian"
3274,"Quinoa Salad, Murgh Ghee Roast, Butter Chicken, Cocktails, Pizza, Mocktails, Nachos","European, Mediterranean, Asian, North Indian, South Indian, Momos"
3275,"Sea Food, Biryani","Seafood, BBQ, Biryani"
3276,"\N","South Indian, Hyderabadi, Chettinad"
3277,"\N","Cafe, Coffee"
3278,"Salad, Salads, Sandwich, Nachos, Garden Pizza, Herbed Potato Wedges, Falafel","Cafe, Beverages, Healthy Food"
3279,"Healthy Breakfast, Rolls, Egg Chilli, Pesto Pasta, Egg Bhurji, Burgers, Omelette","Continental, American"
3280,"Rolls, Paneer Tikka Roll, Chicken Reshmi Tikka Roll, Beda Roti","Fast Food"
3281,"Noodles, Chop Suey, Momos, Salad, Wonton Soup","Chinese, Thai"
3282,"Rajasthani Thali, Masala Chaach, Malai Ghewar, Palak Chaat, Halwa, Fruit Cream, Dal Panchmel","Rajasthani"
3283,"Prawn, Panipuri, Chaat, Biryani, Paan Ice Cream, Brownie, Tandoori Prawns","BBQ"
3284,"Pizza, Chocolate Cake, Salads, Hot Chocolate, Tea, Creme Brulee, Sunday Brunch","North Indian, Continental, Asian"
3285,"Biryani, Pasta, Egg Salad, Nasi Goreng, Fish, Butter Chicken, Paneer Lababdar","North Indian, Continental"
3286,"Roti, Shawarma, Tandoori Chicken, Paratha, Egg Noodles","Kerala, Seafood, South Indian, Chinese, North Indian, Charcoal Chicken, Beverages"
3287,"Lassi, Tandoori Roti, Butter Chicken, Garlic Naan, Tandoori Chicken, Paneer Manchurian, Egg Curry","North Indian, Chinese"
3288,"Panneer Butter Masala, Butter Chicken, Tangdi Kabab, Chicken Biryani, Roti, Vegetable Biryani","North Indian"
3289,"Cocktails, Chicken Wings, Mocktails, Paneer Tikka, Beer, Burgers, Nachos","Modern Indian, Continental, North Indian"
3290,"Omelette","Italian, North Indian, Biryani"
3291,"Cheese Paratha, Lassi, Pizza, Paneer Parantha","North Indian"
3292,"Dum Biryani, Fiery Chicken, Butter Chicken, Pepper Chicken, Paneer Tikka Masala, Chicken Grill, Chilli Chicken","North Indian, Mughlai, South Indian, Chinese"
3293,"Chocolate Icecreams, Coffee Craze, Chocolava, Ferrero Rocher, Waffles, Nutella Brownie, Tiramisu","Desserts, Beverages"
3294,"Rolls","Fast Food, Momos, Rolls"
3295,"Vada, Idli, Coffee, Kesari Bath","South Indian"
3296,"Okra, Pancakes, Cocktails, Berry Pulao, Kanda Bhajiya, Brownie Chocolate, Kulfi","Parsi, North Indian"
3297,"Healthy Breakfast, Kadhi, Sprout Salad, Rajma Chawal, Salads, Onion Paratha, Dal Makhani","North Indian, Healthy Food, Beverages"
3298,"Caesar Salad, Khao Suey, Veggie Pizza, Beef Steak, Pasta, Peri Peri Chicken Pizza, Mousse","Japanese, Italian, American, Asian, North Indian, Steak"
3299,"Appam, Risotto, Gulab Jamun, Halwa, Fish, Vegetable Stew, Tiramisu","Italian, North Indian"
3300,"Butter Naan, Kulcha, Paratha, Butter Chicken, Shawarma, Roti, Thali","Chinese, North Indian"
3301,"Biryani, Paratha","North Indian, Chinese, Biryani"
3302,"Whole Meat Shawarma, Malgoum Shawarma, Roti, Kerala Parotta, Pita Bread","Arabian"
3303,"Mocha Fudge, Red Velvet Brownie, Salted Caramel, Brownie Chocolate","Desserts"
3304,"Margarita, Churros, Cocktails, Wings, Murgh Ghee Roast, Nachos","Finger Food, Continental, North Indian, Fast Food"
3305,"Appletini, Lamb Tacos, Cocktails, Martini, Stout, Wheat Beer, Sangria","Modern Indian"
3306,"Chicken Lollipop, Chilli Chicken","North Indian, Chinese"
3307,"\N","Healthy Food, Desserts"
3308,"Chicken Curry","Andhra"
3309,"Pizza, Hyderabadi Chicken Biryani, Chicken Tikka Biryani","Mughlai, Biryani, Fast Food"
3310,"Lassi, Dahi Vada, Aamras, Daal Baati Churma, Malpua, Veg Thali, Kadhi","North Indian"
3311,"Mutton Chops, Filter Coffee, Donne Biryani, Pork Ribs, Roast Beef, Honey Cake, Keema Dosa","South Indian, Finger Food"
3312,"Beer, Nachos, Cocktails, Salsa, Noodles, Pasta, Jalapeno Cheeseballs","Continental, North Indian, Chinese"
3313,"\N","Cafe, North Indian, Chinese, Fast Food"
3314,"Filter Coffee, Tea, Kadhai Paneer, Chaat, Panneer Butter Masala, Idli Vada, Mushroom Masala","South Indian, Chinese, North Indian"
3315,"Pizza, Nachos, Pasta, Potli Biryani, Mojito, Draught Beer, Long Island Iced Tea","North Indian, Pizza, Chinese"
3316,"Radhaballavi, Egg Noodles, Egg Roll, Egg Devils, Alur Dom","Bengali, North Indian"
3317,"Waffles, Iced Coffee, Yoghurt Shake, Belgian Chocolate Waffle, Ice Tea, Faluda","Beverages, Desserts"
3318,"\N","Biryani, North Indian, Desserts"
3319,"Faluda, Rabri, Malai Kulfi","Ice Cream, Beverages"
3320,"\N","Fast Food, Maharashtrian"
3321,"Veg Platter, Chaat, Paneer Tikka Masala, Lemon Coriander Soup, Lassi, Babycorn Manchurian, Raita","North Indian, Chinese, Fast Food"
3322,"\N","Burger, Cafe, Drinks Only, Juices"
3323,"Kesaria Lassi, Chaat, Pav Bhaji, Paratha, Rasmalai, Jalebi Rabri, Tea","Street Food, North Indian"
3324,"Rava Masala Dosa, Chaat, Dal Tadka, Onion Dosa, Tomato Soup, Thali, Tea","North Indian, South Indian, Chinese, Beverages"
3325,"Biryani, Tea, Falafel, Hookah","Arabian, Middle Eastern"
3326,"Pizza, Beef Chilli, Craft Beer, Apple Crumble, Pork Chilli, Chips, Wheat Beer","American, South Indian, Thai, Pizza, Italian"
3327,"\N","Cafe, Beverages, Rolls, Sandwich"
3328,"Gnocchi, Pasta, Veg Lasagna, Burgers, Grilled Steak, Pizza, Sandwiches","Italian, Beverages"
3329,"Noodles, Momos, Chicken Manchow Soup, Chicken Noodle, Prawn, Chicken Honey, Thai Rice","Chinese, Thai, Momos"
3330,"Mocktails, Peri Fries, Lasagne, Pizza, Chicken Bbq Wings, Virgin Mojito, Nachos","Cafe, Italian, Continental"
3331,"Sea Food, Crab Meat, Crab Soup, Fish Curry, Chicken Cafreal, Butter Naan, Butter Chicken","Goan, Seafood, North Indian, Chinese, Biryani"
3332,"\N","Burger, Fast Food, Beverages"
3333,"Chaat, Pav Bhaji, Dabeli, Vada Pav, Tawa Pulav, Panipuri, Malpua","Street Food"
3334,"Burgers, French Fries","Burger, Fast Food"
3335,"Hara Bhara Kabab, Crispy Corn, Patiala Paneer, Panneer Butter Masala, Dum Biryani, Jal-jeera, Butter Naan","North Indian, Chinese"
3336,"Manchow Soup, Momos, Wonton Soup, Chowmein, American Chopsuey, Chop Suey, Manchurian","Chinese"
3337,"Dhokla, Jalebi, Badam Milk, Rabri, Rasgulla, Rasmalai, Samosa Kachori","Mithai"
3338,"Coffee, Masala Dosa, Kharabath, Idli Vada, Kesari Bath","South Indian"
3339,"Masala Dosa, Filter Coffee, Maddur Vada, Curd Vadai, Onion Dosa, Upma, Sunday Breakfast","South Indian, Chinese, North Indian, Street Food, Rolls, Juices"
3340,"Chilli Paneer Pizza, Mocktails, French Fries, White Sauce Pasta, Nachos, Manchurian","Italian, Continental"
3341,"Masala Poori, Rumali Roti, Sandwiches, Chaat, Burgers","South Indian, Fast Food, North Indian, Desserts"
3342,"Buttermilk, Jolada Rotti","South Indian"
3343,"Chilli Chicken, Butter Chicken, Kadhai Paneer, Hyderabadi Chicken Biryani, Jeera Rice, Ghee Rice, Chicken Masala","Chinese, North Indian"
3344,"Chicken Manchow Soup, Hunan Chicken, Pad Thai, Singapore Noodles, Dragon Rolls, Momos, Thai Red Curry","Chinese, Thai"
3345,"Pav Bhaji, Tea, Tandoori Roti, Coffee, Malai Kofta, Vada, Curd Rice","South Indian, North Indian, Chinese, Street Food, Beverages"
3346,"Chicken Biryani, Hyderabadi Biryani, Rolls, Mutton Biryani, Raita, Kheer, Vegetable Biryani","Biryani, North Indian"
3347,"Biryani, Butter Chicken, Chicken Wings, Tandoori Chicken, Chicken Grill, Arabian Grape Juice","North Indian, Chinese, Biryani"
3348,"Chicken Biryani, Chicken Kebab","Biryani, North Indian"
3349,"Burgers, Whopper Meal, Crispy Chicken, French Fries, Grilled Wings","Burger, Fast Food, Beverages"
3350,"\N","South Indian, North Indian, Oriya"
3351,"\N","Awadhi, Biryani"
3352,"Sandwiches, Hot Chocolate Fudge, Brownie, Sandwich","Ice Cream, Desserts, Beverages, Sandwich"
3353,"Chocolate Sandwich, Corn Sandwich, Chocolate Sandwiches, Lassi, Chilli Cheese, Chaat, Panipuri","Fast Food, Street Food"
3354,"Mutton Biryani, Mojito, Dal Makhani, Cocktails, Raita","North Indian, Afghani"
3355,"Chicken Biryani, Andhra Meal, Pepper Chicken, Andhra Thali, Chilli Chicken, Murgh Ghee Roast, Vegetable Biryani","Andhra, Biryani"
3356,"Sea Food, Dal Makhani, Basmati Rice, Butter Chicken, Chicken Tikka Masala","Seafood, North Indian, Chinese"
3357,"\N","Mangalorean, Chinese, Seafood, North Indian"
3358,"Thukpa, Vegetable Noodles, Steam Chicken Momos, Chowmein, Chicken Shaptra, Chicken Manchurian, Dumplings","Tibetan, Chinese, Momos"
3359,"Faluda, Mango Lassi, Sweet Lassi, Fruit Salad, Shrikhand, Matka Kulfi, Pudina Lassi","Beverages, Desserts"
3360,"Chicken Tikka Sandwich, Hot Chocolate Brownie, Red Velvet Shake, Chicken Sandwiches, French Fries, Cheese Sandwich, Irish Cream Coffee","Beverages, Fast Food"
3361,"Cocktails, Salads, Burgers, Long Island Iced Tea, Tacos, Nachos, Steak","American, Burger, Italian, Steak"
3362,"Aloo Paratha, Burgers, Momos, Gulab Jamun, Mutton Roganjosh, Noodles, Butter Chicken","North Indian, Chinese"
3363,"Paneer Steak, Peri Peri Pizza, Lamb Chops, Chicken Biryani, Cocktails, Mocktails, Beer","Finger Food, Continental, North Indian"
3364,"Burgers, Wedges, Ice Tea, Maharaja Burger, Maharaja Mac, French Fries, Hash Brown","Fast Food, Burger"
3365,"Pizza, Pasta, Garlic Bread, Tandoori Paneer, Masala Lemonade, Chicken Wings, Onion Rings","Pizza, Fast Food"
3366,"Rolls, Momos, Chicken Egg Roll, Fries, Cheese Roll, Veggie Roll","Rolls, Chinese"
3367,"Crispy Prawns, Momos, Cocktails, Pan Fried Noodles, Chocolate Cake, Veg Dim Sums, Dumplings","Chinese, Momos"
3368,"Sandwiches, Brownie Fudge, Hot Chocolate Fudge, Cheese Sandwich, Coffee, Grilled Sandwich","Desserts, Ice Cream, Beverages, Sandwich"
3369,"Vegetable Biryani, Rolls, Butter Chicken","North Indian, Chinese"
3370,"French Fries, Shawarma, Chicken Popcorn","Fast Food, Sandwich"
3371,"Kheer, Dhaniya Chutney, Paneer Parantha, Sattu Paratha, Aloo Paratha, Liti Chokha, Salad","North Indian"
3372,"Plain Dosa, Palak Dosa, Mushroom Dosa","South Indian"
3373,"Dal Tadka","North Indian, Mughlai, Chinese"
3374,"\N","Oriya, Chinese, North Indian"
3375,"Chole Bhature, Chaat, Jalebi, Puri Sabzi, Buttermilk, Dhokla, Panipuri","North Indian, South Indian, Chinese, Street Food, Mithai"
3376,"Pasta, Pesto Pizza","Bakery, Fast Food, Beverages, Desserts"
3377,"Ginger Chai, Pakoda, Tea, Paneer Thali, Chole Bhature","Cafe, Tea"
3378,"\N","Biryani, Chinese, North Indian, Momos"
3379,"Chaat, Rasmalai, Mysore Pak, Rasgulla, Dahipuri, Jalebi, Chole","Mithai, Fast Food"
3380,"Burgers, Hot Dog, Coffee, Noodles, Hot Chocolate, Sandwich, Double Choco Mocha","Cafe, Fast Food"
3381,"Burgers, Sandwich, Sandwiches, Salads","Healthy Food, Burger, Beverages, Cafe, Sandwich, Salad"
3382,"Masala Fries, Cocktails, Chicken Wings, Beer, Onion Rings, Pizza, Nachos","American, Finger Food"
3383,"Burgers, Nachos, Mocktails, Schezwan Momos, Paneer Manchurian, Paneer Noodles, Patiala Paneer","Chinese, Beverages"
3384,"Mysore Pak, Samosa","Mithai, Street Food"
3385,"\N","North Indian, South Indian, Chinese, Mexican"
3386,"Gulab Jamun, Basmati Rice, Paneer Subz Biryani, Gosht Dum Biryani, Chicken Biryani","Biryani"
3387,"Rice Bowl, Burgers, Crispy Chicken, Chicken Wings, French Fries, Popcorn Chicken","Burger, Fast Food"
3388,"Donut, Burgers, Eclair, Hot Chocolate","Desserts, Cafe, Beverages, Burger, Fast Food"
3389,"Burgers, Steak, Baconator Burger, Chicken Bbq Wings, Cream Soup, Sandwiches, Pasta","Steak, Continental, American, Italian, Salad, Cafe"
3390,"\N","American, Italian"
3391,"Cocktails, Pasta, Fish","Continental, North Indian, Finger Food"
3392,"Tex Mex, Burgers, Chaap, Cocktails, Chaat, Mushroom Soup, Pork Ribs","American, Tex-Mex, Burger, BBQ, Mexican"
3393,"\N","Biryani, Chinese, South Indian"
3394,"Guava Ice Cream","Ice Cream, Desserts"
3395,"Mustard Fish Curry","Seafood, BBQ, Biryani"
3396,"Sandwich, Mushroom Soup, Enchiladas, Wood Fire Pizza, Tawa Pulav, Broccoli Soup, Achari Paneer","North Indian, Continental, Mediterranean, Chinese"
3397,"\N","Hyderabadi, North Indian, Chinese"
3398,"\N","Andhra, Biryani, North Indian, Beverages"
3399,"Pav Bhaji, Paratha, Pizza Sandwich, Burgers, Vada Pav, Chocolate Mousse, Sandwiches","Street Food, Fast Food"
3400,"Steak, Pizza, Burgers, Pasta, Fish, Wedges, Onion Rings","Continental, Italian"
3401,"Gelato, New York Cheesecake, Strawberry Cheesecake, Belgian Chocolate, Kulfi","Ice Cream, Bakery, Desserts"
3402,"Burgers, Club Chicken Sandwich, Fries, Lamb Burger, Cheese Sandwich, Chicken Bbq Burger","Fast Food, Burger, Beverages, Rolls, Sandwich"
3403,"Pav Bhaji, Chaat, Vada, Vegetarian, Masala Dosa, Idli, Brownie","North Indian, Chinese, Continental, South Indian"
3404,"\N","North Indian, Biryani, Rolls, Beverages"
3405,"\N","Healthy Food, North Indian, Chinese"
3406,"Brownie, Veg Thali, Noodles","Healthy Food, North Indian, Biryani, Continental, Sandwich, Desserts"
3407,"Burgers, Pasta, Pizza, Veg Burger, Chicken Lollipop, Chicken Jumbo Burger, Biryani","North Indian, Chinese, Fast Food, Biryani"
3408,"Guntur Chicken Biryani, Thali, Andhra Chilli Chicken, Raita, Kothu Paratha, Coconut Mousse, Tender Coconut Payasam","South Indian, Kerala, Andhra, Biryani, Chettinad, Konkan, Mangalorean"
3409,"Biryani","Biryani, Chinese, North Indian, South Indian"
3410,"Sunday Brunch, Chocolate Cake, Mutton Biryani, Pasta, Pizza, Croissants, Cocktails","North Indian, Continental"
3411,"\N","Bakery, Cafe, Desserts"
3412,"Biryani, Sweet Lassi, Thali, Butter Kulcha, Palak Paneer, Cheese Naan, Kulfi","North Indian, Chinese, Beverages"
3413,"Biryani","Cafe, North Indian, Chinese, Continental"
3414,"\N","Chinese, Bengali"
3415,"Pasta, Mousse, Virgin Mojito, Barbeque Chicken Pizza, Cappuccino, Wedges, Thin Crust Pizza","Pizza, Cafe, Italian"
3416,"Chicken Biryani","Chettinad, South Indian"
3417,"Ghee Rice, Paratha, Shawarma, Butter Chicken, Tandoori Chicken, Chicken Grill, Chicken Tikka Biryani","North Indian, Biryani, Chinese, Rolls"
3418,"Mutton Thali, Salad, Palak Paneer, Chicken Curry, Butter Chicken, Buttermilk, Shahi Paneer","North Indian"
3419,"Waffles, Churros, Pancakes, Fries","Bakery, Desserts"
3420,"Salads","Thai"
3421,"Appam, Fish Curry, Fish Fry, Pothichoru","Kerala, South Indian, Seafood"
3422,"Biryani, Thali","Continental, South Indian, North Indian, Arabian"
3423,"Raita, Vegetable Biryani, Mutton Biryani, Chicken Kebab Biryani, Paneer Biryani, Chicken Biryani Combo, Lemon Chicken","Biryani, Andhra"
3424,"Noodles, Fried Rice, Chilli Chicken, Clear Soup, Chop Suey","Chinese"
3425,"Kesari Bath, Idli Vada, Sweet Pongal, Filter Coffee, Idli Chatni, Idli Chutney, Upma","South Indian"
3426,"Brownie, Chocolate Fudge","Desserts, Ice Cream, Beverages, Sandwich"
3427,"\N","Bengali, Chinese, Fast Food, Kebab, North Indian, Oriya, Rolls, Tea"
3428,"Cheesecake, Chocolava, Chocolate Pastry, Chocolate Cake, Chocolate Decadence","Bakery, Desserts"
3429,"Lassi, Chaat, Chole Bhature, Jalebi, Panipuri, Thali, Paratha","North Indian, Street Food"
3430,"\N","Italian, Pizza, Burger"
3431,"Rice Bowl, Nachos, Rice Bowls, California Burrito, Burrito Bowl, Salads, Tacos","Mexican, Fast Food"
3432,"Mutton Varuval, Brain Fry, Chicken Grill, Ghee Rice, Jumbo Shawarma, Mutton Raan Biriyani, Butter Chicken","North Indian, Mughlai, South Indian, Chinese"
3433,"\N","Chinese, Tibetan, Fast Food"
3434,"Masala Dosa, Pongal, Filter Coffee, Panneer Butter Masala, Idli, Pav Bhaji, Tea","South Indian, North Indian, Chinese, Street Food, Fast Food"
3435,"Pasta, Tiramisu, Tomato Soup, Carbonara, Chicken Lasagne, Strawberry Cheesecake, Salad","Italian"
3436,"Faluda, Sweet Lassi, Mango Lassi, Malai Kulfi","Beverages, Ice Cream"
3437,"Crispy Prawns, Momos, Cocktails, Pan Fried Noodles, Chocolate Cake, Veg Dim Sums, Salads","Chinese, Momos"
3438,"Cocktails, Peri Peri Wings, Brownie, Burgers, Mezze Platter, Pizza, Fries","Mediterranean, Italian, Asian"
3439,"Burgers, Pancakes, Tea, Pasta, Coffee, Omelette, Crepe","Continental, European, Salad, Beverages, Italian, Burger"
3440,"\N","Kerala, Juices"
3441,"Coffee, Latte, Waffles, Hot Chocolate, Cottage Cheese Sandwich, Pita Bread","Cafe, Continental"
3442,"\N","North Indian, Bengali, Chinese, Seafood"
3443,"Noodles, Burmese Khao Suey, Chocolate Mousse, Coconut Souffle, Veg Momos, Chicken Khao Suey, Noodle Soup","Burmese"
3444,"Beer, Pesto Pizza, Nachos, Cocktails, Beef Lasagna, Mai Thai, Tacos","Italian, American, Pizza"
3445,"Rolls, Veggie Roll, Chicken Roll, French Fries","Fast Food, Rolls, Momos"
3446,"Paratha, Rasgulla Chaat, Mysore Pak, Panipuri, Pav Bhaji, Malai Kulfi, Mango Lassi","Street Food"
3447,"Pasta, Pizza, Mushroom Soup, Tiramisu, Sangria, Fish, Panna Cotta","Italian"
3448,"Paneer Hyderabadi, Biryani, Idli, Panneer Butter Masala, Roti, Coffee, Masala Dosa","South Indian, North Indian, Chinese"
3449,"Lemon Soda, Wine, Coffee, Fried Rice Chicken, Chilli Chicken, Milk Shake, Oreo Shake","Cafe, Chinese, Arabian"
3450,"Chicken Boneless Biryani, Hyderabadi Biryani, Paneer Biryani, Tandoori Chicken, Vegetable Biryani, Chicken Kebab, Raita","Biryani, North Indian, Chinese"
3451,"Cheesecake, Chocolate Decadence, Pancakes, Chocolate Cake, Chocolava Cake, Chocolate Fantasy","Bakery, Desserts"
3452,"\N","Andhra, Biryani, Mughlai"
3453,"Butter Chicken, Noodles, Thali, Biryani","North Indian, Chinese, Biryani"
3454,"Butterscotch Cake, Irish Coffee","Desserts, Bakery"
3455,"\N","Bakery, Fast Food, Pizza, Burger, Cafe"
3456,"Biryani, Raita","Biryani, Kebab"
3457,"Vegetable Biryani, Meetha Paan, Chana Masala, Sweet Lassi, Sweet Paan, Butter Chicken, Tandoori Chicken","North Indian"
3458,"Butter Naan, Hyderabadi Biryani, Tandoori Chicken, Butter Chicken, Chicken Dum Biryani, Vegetable Biryani, Chicken Boneless Biryani","Andhra, North Indian, Biryani, Beverages"
3459,"Aloo Paratha, Masala Dosa, Coffee, Dahi Vada, Paneer Parantha, Sweet Lassi, Mix Veg Parantha","North Indian, South Indian"
3460,"Veg Momos, Burgers, Chocolate Momos, Momo Burger, Whole Meat Shawarma, Paneer Momos","Tibetan, Momos"
3461,"Healthy Breakfast, Salads, Date Pudding, Chicken Chettinad, Chicken Curry, Hakka Noodles, Fruit Bowl","Healthy Food, North Indian, Biryani, Continental, Sandwich, Desserts"
3462,"Tikka, Dal Makhani, Saag, Naan, Makke Ki Roti","North Indian"
3463,"Roti, Dal Tadka","North Indian, Mughlai, Chinese"
3464,"Paneer Biryani, Ragi Mudde, Tangdi Kabab, Pot Biryani, Mutton Fry, Andhra Style Biryani, Hyderabadi Biryani","Andhra, Biryani, North Indian, Chinese"
3465,"Opera Cake, Cup Cake, Red Velvet, Chocolate Mousse","Bakery"
3466,"Dal Makhani, Thali, Shahi Paneer","North Indian"
3467,"Mocktails, Pizza, Crispy Chicken, Beer, Nachos, Masala Peanuts, Onion Rings","North Indian, Italian, Finger Food, Continental"
3468,"Biryani","Biryani, Fast Food"
3469,"Pasta, Wedges, Garden Salad, Tandoor Paneer Pizza, Masala Lemonade, Supreme Pizza, Corn Pizza","Pizza, Fast Food"
3470,"Soan Papdi, Mocktails, Panipuri, Kulfi, Cocktails, Misal Pav, Honey Chilli Potatoes","Pizza, North Indian, Modern Indian"
3471,"Hyderabadi Biryani, Chicken Kebab, Butter Chicken, Corn Paratha, Kebab Platter, Chicken Dosa, Faluda","North Indian, Arabian, Mughlai, Biryani, Seafood, Beverages"
3472,"Waffles, Pancakes, Liti Chokha, Ginger Tea, Poha, Maggi, Sandwiches","Desserts, Street Food, Sandwich, Beverages"
3473,"Fish, Peri Peri Chicken, Cocktails, Chilli Chicken, Nachos, Burgers, Pasta","Continental, Asian, Italian, North Indian"
3474,"Jasmine Tea, Spring Roll, Golden Fried Prawns, Momos, Hakka Noodles, Hunan Chicken Gravy, Drunken Chicken Wings","Chinese, Thai, Momos, Vietnamese"
3475,"Momos, Noodles","Chinese, Momos, Nepalese, Tibetan"
3476,"Pasta, Sandwiches, Veg Burger, Tea, Coffee, Club Sandwich, French Fries","Bakery, Desserts, Cafe, Italian, Pizza"
1,"\N","North Indian, Chinese, Biryani, Andhra"
2,"Rolls, Mix Veg","Fast Food"
3,"Jumbo Prawns, Paratha, Shahi Tukda, Tikki, Dumpukht Biryani, Dum Biryani, Subz Biryani","North Indian"
4,"Sandwich, Omelette, Ice Tea, Virgin Mojito, Hot Chocolate, Pasta Arrabiata, Hazelnut Cappuccino","Cafe, Continental"
5,"Malai Kofta, Sandwiches, Aloo Paratha, Chole Bhature, Panneer Butter Masala, Kulcha, Poori Chole","North Indian, Chinese, Rolls"
6,"Paratha, Salads, Chicken Tikka Sub, Roti","Healthy Food, North Indian, Biryani, Continental, Sandwich, Desserts"
7,"Sandwiches, Cheese Sandwich","Fast Food"
8,"Salads, Burgers, Salad, Potato Wedges, Chicken Dum Biryani, Pizza, Noodles","Continental, Asian, Healthy Food, Burger, Biryani, Pizza, Italian, Fast Food"
9,"Cheesy Chicken Wrap, Veggie Wrap, Chicken Rice Feast, Chicken Biryani, Paratha, Paneer Wrap, Rolls","North Indian, Biryani, Fast Food"
10,"Paneer Roll, Cocktails, Wine, Mexican Platter, Dragon Chicken, Paneer Tikka","Finger Food"
11,"Rasmalai, Gulab Jamun","Mithai, Street Food"
12,"Rolls, Ice Cream Roll, Brownie, Hot Chocolate, Peri Peri Fries, Irish Coffee, Mississippi Mudpie","Ice Cream, Beverages, Fast Food"
13,"\N","Bakery, Beverages, Juices"
14,"Chole Bhature, Jalebi, Noodle Samosa, Chaat","Street Food"
15,"Dal Bukhara, Chocolate Cake, Butter Chicken, Naan, Beer, Kulfi, Pudina Paratha","North Indian, Mughlai"
16,"\N","Bengali, Oriya, South Indian"
17,"Dhaniya Chutney, Rabri, Aloo Paratha, Chole, Cheese Paneer Paratha, Rice Kheer, Dal Makhani","North Indian"
18,"Healthy Breakfast, Salads, Date Pudding, Chicken Curry, Chicken Chettinad, Dal Makhani, Hakka Noodles","Healthy Food, North Indian, Biryani, Continental, Desserts"
19,"Burgers, Fries, Potato Krisper, Chicken Bucket, Chicken Popcorn, Hot Wings, Rice Bowl","Burger, Fast Food"
20,"Sandwiches, Chaat, Rasmalai, Pizza, Ginger Tea, Sandwich, Paratha","Street Food, American, Sandwich, Fast Food, Beverages, Burger, Desserts, Pizza"
21,"Shawarma, Alpham Chicken","Arabian, Mughlai, Chinese, Kebab, Fast Food"
22,"Burgers, Zinger Burger, Chicken Bucket, Virgin Mojito, Chicken Wings, Crispy Chicken, Hot Wings","Burger, Fast Food"
23,"Pasta, Wine, Lasagne, Cheesecake, Spinach Ravioli, Exotic Pizza, Cocktails","Italian, Pizza, Salad"
24,"\N","Healthy Food, North Indian, Biryani, Continental, Desserts"
25,"Aloo Pyaz Paratha, Kheer, Salad, Salads, Thali, Rajma, Chocolate Banana","North Indian, Healthy Food, Beverages"
26,"Chicken Curry, Prawn Curry, Smoked Pork Thali, Momos, Pork Fry, Pork Vindaloo, Salad","Naga, Goan, Seafood, Chinese"
27,"Chocolate Sizzler, Mutton Curry, Egg Masala, Shawarma, Barbeque Chicken, Mutton Biryani, Crab Toast","North Indian, Arabian, Mughlai, Biryani, Seafood, Beverages"
314,"Pasta","Pizza, Fast Food"
315,"Noodles, Momos, Chop Suey","Chinese, Momos"
316,"\N","Chinese, Rolls, South Indian"
317,"German Chocolate","Bakery"
318,"Burgers, Chicken Fries, Veg Burger, Chicken Wings, Chicken Whopper, Mango Shake, Supreme Burger","Burger, Fast Food, Beverages"
319,"Cocktails, Mocktails, Long Island Iced Tea, Beer, Tom Yum Soup, Fish, Sangria","Continental, North Indian, Asian"
320,"\N","South Indian, North Indian, Seafood, Mangalorean"
321,"Tea, Chocolate Muffin, Veg Burger, Coffee, Burgers, Donut, Cup Cake","Cafe, Bakery"
322,"\N","Chinese, Seafood, North Indian"
323,"\N","Arabian, Middle Eastern, Rolls"
324,"Chop Suey","Chinese, Thai"
325,"\N","Cafe, Beverages, Fast Food, Rolls"
326,"Chicken Kothu Paratha, Dindigul Biryani, Chicken Chukka, Plain Dosa, Mutton Biryani","South Indian, North Indian"
327,"Biryani, Idli, Vada, Chicken Curry","North Indian, Chinese"
328,"Fish, Falafel, Biryani, Mutton Shorba, Pita Bread, Chicken Steak, Kunafa","Arabian, Biryani, Desserts, Beverages, Salad"
329,"Panipuri, Chaat, Rasmalai, Samosa, Pav Bhaji","Mithai, Street Food"
330,"Pasta, Potato Wedges, Garlic Bread, Veg Supreme Pizza, Chicken Wings","Pizza, Fast Food"
331,"Tandoori Chicken, Pasta, Fish Curry, Honey Chilli Chicken, Noodles, Chicken Biryani, Kadai Paneer","Continental, North Indian, Chinese"
332,"Donne Biryani, Chicken Biryani, Mutton Biryani","Biryani, South Indian, Fast Food"
333,"Waffles","Desserts, Beverages, American"
334,"\N","Fast Food, Andhra"
335,"Baklava, Arabic Cuisine, Mutton Mandi, Shawarma Roll, Arabian Kebab","Arabian"
336,"Paratha, Vegetable Biryani, Paneer Tikka Masala, Butter Chicken, Dal Makhani, Chicken Biryani, Garlic Naan","North Indian, Pizza, Fast Food"
337,"Ramen, Noodles, Salmon Sushi","Korean, Sushi"
338,"Shawarma, Rolls","Fast Food, Beverages, Rolls"
339,"Coffee, Momos, Kimchi, Bbq Pork, Hot Pot, Wine, Bibimbap","Korean"
340,"Raita, Chicken Biryani","Biryani, Andhra"
341,"Pizza, Pasta, Cocktails, Spinach Ravioli, Tiramisu, Wine, Lasagne","Italian, Salad"
342,"Sandwiches, Fruit Juices, Burgers, Chicken Sandwich, Omelette, French Fries, Oreo Shake","Fast Food, Beverages"
343,"Spring Roll, Kheer, Gajar Ka Halwa, Rajma, Chilli Paneer","North Indian, Chinese, Biryani"
344,"\N","North Indian, Mughlai, Kebab"
553,"Pizza","Bakery, Desserts"
554,"\N","Healthy Food, Asian, Continental"
555,"Lassi, Malai Kebab, Kadhai Mushroom, Lahori Chicken, Chicken Keema, Paneer Kofta, Ginger Chicken","North Indian"
556,"Lasagne, Garlic Bread, Steak","Mexican, Italian"
557,"Wine, Dumplings, Set Menu, Chicken Dim Sum, Tom Kha Soup, Fish, Sunday Brunch","Thai, Japanese, Chinese"
558,"Honey Cake, Apple Cake, Potato Bun, Fruit Cake, Bun Butter Jam, Bun Masala, Veg Puff","Bakery"
559,"Salads, Chicken Tikka, Roti, Gulab Jamun, Lunch Buffet, Pasta, Salad","Continental, South Indian, North Indian, Asian"
560,"\N","Lebanese, Mughlai, North Indian"
561,"\N","Chinese, Fast Food, Biryani"
562,"Burgers, Fries, Pasta, Beef Burger, Salad, Mudpie, Falafel Burger","Cafe, Burger, Italian, Salad"
563,"\N","Biryani, North Indian, Chinese, Seafood"
564,"Kharabath, Crispy Vada, Filter Coffee, Idli Vada, Idli Chutney, Kesari Bath, Poha","South Indian"
565,"Garlic Bread, Peri Peri Chicken, Burgers, Chicken Grill, Peri Fries, Mocktails, Paneer Burger","African, Burger"
566,"Biryani, Dal Makhani, Honey Chilli Potatoes, Noodles, Butter Naan, Veg Thali","North Indian, Chinese"
567,"Panna Cotta, Pasta, Steak, Fish, Lamb Chops, Chocolate Tart, Chocolate Mousse","Healthy Food, Beverages, European, Salad"
568,"Pasta, Corn Augratin, Lasagne, Peri Peri Pizza, Fries, Garlic Bread, Pili Pili Pizza","Italian, Pizza, North Indian, Salad"
569,"Prawn Biryani, Dragon Chicken, Chicken Dum Biryani, Chicken Boneless Biryani, Paneer Tikka, Afghani Biryani, Mughlai Biryani","Biryani, North Indian, Chinese, Andhra, South Indian"
570,"Mutton Biryani, Shawarma, Bheja Fry, Pahari Chicken, Mutton Chops, Butter Chicken, Butter Naan","Mughlai, North Indian, Chinese"
571,"Noodles, Banana Leaf Fish, Dumplings, Phad Thai, Apple Fritters, Clear Soup, Brownie","Singaporean, Chinese, Thai, Malaysian"
572,"Andhra Chicken Curry, Fried Rice, Biryani","North Indian, Chinese, Rolls"
573,"Sandwich, Salads, Pizza, Sandwiches, Salad, Pasta, Fish","Healthy Food, Chinese, Biryani, North Indian, Continental, Salad, American, Burger"
574,"\N","Fast Food, Burger, Beverages"
575,"Filter Coffee, Masala Dosa, Chilli Babycorn, Pav Bhaji, Pongal, Rava Dosa, Paneer Tikka","South Indian, North Indian, Chinese, Street Food, Fast Food"
576,"Pan Cake, Nutella Pancakes, Waffles","Desserts, Beverages, Cafe, Ice Cream"
577,"Ghee Rice, Biryani, Chicken Grill, Shawarma, Chicken Kebab, Tandoori Chicken, Butter Chicken","North Indian, Chinese, Biryani"
578,"Noodles, Chop Suey, Honey Chilli Chicken, Momos, Dragon Chicken, Garlic Chicken, Noodle","Chinese, Thai"
638,"Chaat, Raj Kachori, Bhel Puri, Sev Puri, Pav Bhaji, Panipuri, Vada Pav","Street Food, North Indian"
639,"Rice Bowl, Salads, Pasta, Burgers, Nachos, Salad, Thai Green Curry","Healthy Food, Continental, Juices, Salad, Burger, Beverages, Desserts"
640,"Rolls, Chicken Biryani, Chilli Chicken, Butter Chicken, Roti, Panneer Butter Masala, Tandoori Chicken","North Indian, Chinese, Continental, Biryani"
641,"Paratha, Mughlai Chicken, Masala Lemonade, Butter Chicken, Rajma, Sandwich, Salad","North Indian, Mughlai, Fast Food"
642,"Lassi, Raita, Dal Makhani, Panneer Butter Masala, Jalebi, Biryani, Paneer Tikka","North Indian"
643,"Aloo Paratha","Sandwich, Salad, North Indian, Chinese"
644,"\N","South Indian, North Indian, Street Food, Beverages"
645,"Vada","North Indian, South Indian"
646,"Noodles, Hunan Chicken, Momos, Mushroom Soup, Dragon Rolls, Chicken Manchow Soup, Sweet Corn Soup","Chinese, Thai"
647,"Aloo Pyaz Paratha, Kheer, Salads, Chocolate Banana, Thali, Matar Paneer, Detox Smoothie","North Indian, Healthy Food, Beverages"
648,"\N","Fast Food, Burger, Beverages, Cafe, Desserts"
649,"Mutton Biryani, Chicken Boneless Biryani, Dum Biryani","Hyderabadi, Biryani, North Indian"
650,"Paratha, Dabeli","North Indian, Street Food"
651,"Fries, Peri Peri Chicken, Chicken Crisp Burger","Fast Food"
652,"Pasta, Pepperoni, Supreme Pizza, Garlic Bread Stick, Masala Lemonade","Pizza, Fast Food"
653,"Coffee, Mini Idlis, Kothu Parotta, Podi Dosa, Tea, Masala Dosa, Paratha","South Indian"
654,"\N","American, Continental, Salad, Italian, Asian"
655,"Coffee, Masala Dosa, Vada, Idli, Puri Saagu, Upma, Set Dosa","South Indian"
656,"\N","Seafood, BBQ, Biryani"
657,"Vada, Masala Dosa, Coffee","Chinese, North Indian, South Indian"
658,"Lassi, Murgh Lababdar, Chaap, Makke Ki Roti, Butter Paneer, Patiala Paneer, Butter Chicken","North Indian"
659,"Pizza, Burgers, Pasta, Chilli Paneer","Fast Food, Burger, Sandwich, Pizza"
660,"Burgers, Fries, Chicken Jumbo Burger, Salads, Jumbo Royale Burger, Peri Peri Wrap, Peri Peri Chicken Burger","Turkish, Arabian, Fast Food, Salad, Healthy Food, Desserts"
661,"Biryani, Meatballs","Mexican, Italian"
662,"\N","North Indian, Lucknowi"
663,"\N","North Indian, Andhra, Chinese, Seafood"
832,"Biryani, Roti, Sweet Corn Soup, Pav Bhaji, Broccoli Soup, Masala Dosa, Manchow Soup","North Indian, Mexican, Continental, Street Food"
833,"Bamboo Chicken, Paneer Biryani, Chicken Biryani, Raita, Pot Biryani, Curd Rice, Roti","Andhra, Biryani"
834,"Appam","South Indian, Chettinad"
835,"Hot Wings, Burgers, Fries","Burger, Fast Food"
836,"Noodles, Wonton Soup, Crispy Noodle, Chowmein, Chop Suey, Beijing Chicken, Prawn","Chinese, Thai"
837,"Beer, Mezze Platter, Penne Arrabiata Pasta, Bruschettas, Cocktails, Peri Peri Chicken, Pizza","Continental, North Indian, Chinese, European, BBQ, Finger Food, Asian"
838,"Mutton Biryani, Nalli Nihari, Matka Phirni, Anjal Fry, Tangdi Kabab, Paratha, Paya","Mughlai, Biryani"
839,"Faluda, Sweet Lassi, Fruit Salad, Mango Lassi, Kulfi","Beverages, Desserts, Juices"
840,"Biryani, Shawarma, Kunafa, Pita Bread, Fattoush Salad","Mediterranean, Arabian, Lebanese, Rolls"
841,"Friendly Staff","Pizza, Fast Food"
842,"Whole Meat Shawarma, Fries","Arabian"
843,"Mutton Biryani, Crispy Fried Chicken","Biryani, South Indian, North Indian, Chinese, Andhra"
844,"\N","Desserts, Italian, Pizza"
845,"Wheat Beer, Lager, Paneer Lollipop, Rustica Pizza, Dark Beer, Mocktails, Cocktails","Finger Food, North Indian, Continental"
846,"Tea, Waffles, Coffee, Nutella Waffle, Pizza, Wedges, Pasta","Cafe, Continental, Mediterranean, Italian, Desserts"
847,"Tea, Masala Dosa, Vada","South Indian, North Indian, Chinese, Street Food"
848,"Fries, Hot Wings, Burgers, Rice Bowl","Burger, Fast Food"
849,"Pizza, Cocktails, Pasta, Churros, Mushroom Soup, Mocktails, Panna Cotta","Pizza, Italian, Chinese, Thai"
850,"Ghee Rice, Egg Biryani, Raita, Chicken Grill, Chicken Biryani, Shawarma, Butter Chicken","North Indian, South Indian, Kerala"
851,"Pasta, Garlic Bread, Supreme Pizza, Paneer Pizza","Pizza, Fast Food"
852,"\N","Fast Food, Chinese, Burger, Hot dogs, Sandwich"
853,"Chicken Grill, Rose Milk, Pulpy Grape Juice, Shawarma Roll, Chicken Wings, Rolls, Butter Chicken","North Indian, Mughlai, Chinese"
854,"Thick Shakes, Pineapple Passion","Beverages, Juices"
855,"Paneer Tikka Biryani, Chicken Biryani, Bamboo Chicken, Chicken Kebab, Vegetable Biryani, Mutton Keema","Biryani, Andhra, North Indian, Chinese"
856,"\N","South Indian, North Indian, Chinese, Street Food, Fast Food"
1101,"Pizza, Cocktails, Peri Peri Chicken, Craft Beer, Mocktails, Nachos, Pasta","Continental, BBQ, Salad"
1102,"\N","Chinese, North Indian, Hyderabadi, Biryani"
1103,"Lassi, Malai Kebab, Kadhai Mushroom, Lahori Chicken, Chicken Keema, Paneer Kofta, Panneer Butter Masala","North Indian"
1104,"Aloo Paratha, Dal Makhani, Paneer Parantha, Chaat","North Indian"
1105,"English Breakfast, Waffles, Chicken Sandwich, Pancakes, Pork Sausage, Eggs Benedict, Hot Chocolate","Cafe, Continental"
1106,"Chocolate Fantasy, Chocolate Cake, Chocolate Decadence, Chocolava, Pancakes","Bakery, Desserts"
1107,"Barbecue Chicken Wings, Chilli Paneer, Cocktails, Chicken Steak, Sangria, Spicy Chicken, Pizza","Continental, Asian, American, North Indian, Desserts"
1108,"\N","Maharashtrian, Malwani"
1109,"Prawn, Cocktails, Nachos, Pizza, Craft Beer, Fries, Crispy Corn","North Indian, Continental"
1362,"Chicken Curry","Andhra, North Indian"
1363,"Sandwiches, Burgers, Lamb Burger, Chicken Pepper Steak, Club Sandwich, Draught Beer, Hot Dog","Continental"
1364,"Pie, Vanilla Gelato, Mango Ice Cream, Tiramisu, Truffle, Gelato Ice Cream, Ice Cream Sandwiches","Ice Cream, Desserts"
1365,"Cheesecake, Beef Bulgogi, Kimchi, Bibimbap, Clear Soup, Cinnamon Tea, Sushi","Korean"
1366,"Supreme Pizza, Potato Wedges, Masala Lemonade, Tandoori Paneer, Exotic Garlic Bread","Pizza, Fast Food"
1367,"Rava Dosa","South Indian, North Indian, Chinese, Beverages"
1368,"Firni, Rolls, Egg Roll, Chicken Biryani, Mutton Biryani, Calcutta Biryani, Haleem","North Indian, Mughlai, Biryani, Rolls"
1369,"Coffee, Masala Dosa, Curd Rice, Idli Vada","South Indian, North Indian, Chinese, Street Food, Juices"
1370,"Biryani, Masala Papad, Chicken Grill, Dragon Chicken, Paratha, Roti, Chicken Curry","North Indian, Chinese, Fast Food"
1371,"Hara Bhara Kebab, Lunch Buffet, Noodles, Naan, Babycorn Manchurian, Malai Kofta, Gulab Jamun","Biryani, North Indian, Chinese, Rajasthani"
1372,"Shawarma, Biryani, Bbq Chicken, Chicken Grill, Raita","BBQ, Arabian, Chinese, Kebab, Beverages"
1373,"Paratha","North Indian, Fast Food, Rolls"
1374,"\N","North Indian, Burger, Sandwich, Chinese"
1375,"\N","Cafe, European, Continental"
1376,"Samosa Soup, Khau Suey, Khao Suey, Salads, Crispy Corn, Avocado Ice Cream, Mocktails","Asian, Burmese"
1377,"\N","North Indian, Chinese, South Indian, Rolls"
1378,"Ramen, Sushi Bar, Pork Dumplings, Prawn, Maki Roll, Japanese Green Tea, Thai Red Curry","Sushi, Japanese, Chinese, Thai"
1379,"\N","Bengali, Oriya, Chinese, North Indian"
1380,"Barbecue Chicken Wings, Chilli Paneer, Cocktails, Chicken Steak, Sangria, Pizza, Spicy Chicken","Continental, Asian, American, North Indian, Desserts"
1381,"Poha, Ginger Tea, Samosa, Ginger Chai, Banana Cake, Cake Rusk, Coffee","Tea, Beverages, Fast Food"
1382,"Noodles, Manchow Soup, Dragon Chicken, Sweet Corn Soup, Roast Pork Chilli, Chop Suey, Roasted Pork","Chinese"
1383,"Kunafa, Tea, Mutton Madfoon, Mutton Ribs, Lamb Ribs, Salad, Arabic Cuisine","Arabian"
1384,"Pork Curry, Pandi Curry","South Indian"
1385,"Nutella Brownie, Ferrero Rocher","Desserts, Ice Cream, Beverages"
1386,"Burgers, Salads, Lamb Burger, Noodles, Fish, Sandwich, Cheese Burger","Healthy Food, Chinese, Biryani, North Indian, Continental, Salad, American, Burger"
1387,"Burgers, Fries, Chicken Wrap","Burger, Fast Food"
1388,"Andhra Thali, Veg Thali, Ulavacharu Mutton Biryani, Chicken Biryani, Mutton Soup, Lassi, Kodi Pulao","Andhra, Biryani, Seafood, North Indian"
1642,"Vegetable Biryani, Raita, Mutton Biryani, Chicken Kebab Biryani, Paneer Biryani, Chicken Biryani Combo, Lemon Chicken","Biryani, Kebab"
1643,"Chicken Tikka Pizza, Ricotta Ravioli, Paneer Tikka Pizza, Pasta, Pepperoni, Barbeque Chicken, Mocktails","Pizza, Cafe, Italian"
1644,"Noodles, Thukpa, Chop Suey, Chicken Momo, Cheese Momos, Sweet Corn Soup, Prawn","Chinese, Momos, Seafood"
1645,"Paan Shot, Kalmi Kabab, Achari Chicken, Paneer Khurchan, Cocktails, Chicken Lollipop, Dum Ka Chicken","North Indian, Chinese"
1646,"Chicken Roll, Mutton Biryani, Egg Roll, Ghee Rice, Shawarma, Tandoori Chicken, Chicken Grill","Mughlai, Chinese"
1647,"Fish, Prawn Malai Curry, Mishti Doi, Dhokar Dalna, Biryani, Mutton Kosha, Malpua","Bengali, Seafood"
1648,"Burgers, Cappuccino, Barbeque Burger, Sandwiches, Spinach Pasta, Sandwich, Salads","Cafe, American, Italian, Burger"
1649,"\N","Seafood, Continental, European, Mediterranean"
1650,"Vegetable Biryani, Ginger Chicken, Chicken Biryani, Donne Biryani, Chicken Kebab, Egg Bhurji, Dum Biryani","Biryani, Chinese, Kebab"
1651,"Pav Bhaji, Coffee, Set Dosa, Vada, Masala Poori","South Indian, North Indian, Chinese"
1652,"Malai Kofta","North Indian"
1653,"Cheesecake, Chocolate Decadence, Pancakes, Chocolate Fantasy, Chocolava Cake, Chocolate Cake, Red Velvet Cake","Bakery, Desserts"
1654,"Waffles, Vanilla Ice Cream, Hot Chocolate Fudge, Coffee, Brownie, Tiramisu, Chocolava","Desserts, Beverages"
1655,"\N","Italian, Chinese, Continental, North Indian"
1656,"Masala Dosa, Filter Coffee, Lunch Thali, Rava Idli, Neer Dosa, Medu Vada, Tea","South Indian"
1657,"Pepper Chicken, Hyderabadi Biryani, Chicken Lollipop, Mutton Biryani, Chicken Biryani, Vegetable Noodles, Paneer Tikka Masala","Biryani, North Indian, Chinese, Seafood"
1658,"Tiramisu, Cheesecake, Kulfi","Ice Cream, Bakery, Desserts"
1659,"Chicken Dum Biryani, Shahi Tukda","Biryani, Mughlai"
1660,"Sushi, Tuna Sashimi, Salads, Tofu Teriyaki, Pork Rice, Fried Noodles, Ramen","Japanese"
1661,"Salad, Thali, Pumpkin Soup, Millet Pizza, Misal Pav, Mushroom Soup, Chaat","Healthy Food, Cafe, Beverages"
1662,"Chicken Sholay, Chicken Biryani, Andhra Meal, Mutton Biryani, Chicken Guntur, Andhra Thali, Guava Ice Cream","Andhra, Biryani, North Indian, Chinese"
1663,"Waffles, Blueberry Cheesecake, Brownie Fudge, Vanilla Ice Cream, Freak Shake, Red Velvet Cheesecake, Nutella Cheesecake","Ice Cream, Desserts, Beverages"
1664,"Rolls, Chicken Tikka Wrap, Chicken Roll","North Indian, Biryani, Fast Food"
1665,"Paratha, Chicken Parantha, Chicken Curry, Panneer Butter Masala","North Indian, Chinese, Rolls"
1666,"Chicken Biryani, Dal Makhani, Garlic Naan, Bamboo Biryani, Murgh Ghee Roast","North Indian, Mughlai, Chinese, South Indian"
1667,"Idli, Vada, Pongal, Onion Rava Dosa","South Indian"
1668,"Rabri, Sea Food, Mocktails, Paan Ice Cream, Fish, Mutton Seekh Kabab, Pan Shot Ice Cream","European, Mediterranean, North Indian, BBQ"
1669,"Mutton Biryani, Butter Chicken","Andhra, South Indian, North Indian"
1670,"Mocktails, Pizza, Pasta Alfredo, Burgers, Nachos, Exotic Garlic Bread, Momos","Cafe, Chinese, Continental, Italian"
1671,"Dal Makhani, Kulcha, Butter Chicken, Makke Ki Roti, Garlic Naan, Tandoori Chicken, Palak Paneer","North Indian"
1672,"Coffee, Badam Milk, Thali, Pongal, Idli, Vada","South Indian, North Indian, Chinese, Street Food, Fast Food"
1815,"Salads, Chicken Bbq Wings, Sandwiches, Pasta, Pizza, Biryani, Cocktails","Chinese, Continental, North Indian"
1816,"Paneer Biryani, Vegetable Biryani, Paratha","North Indian"
1817,"Tiramisu, Pasta, Pizza, Lasagne, Sea Food, Ravioli, Bruschettas","Italian"
1818,"Burgers, Chicken Whopper, French Fries","Burger, Fast Food, Beverages"
1819,"Breakfast Buffet, Chocolate Cake, Mutton Biryani, Salads, Pasta, Chaat, Mushroom Soup","European, Mediterranean, North Indian"
1820,"Lassi, Hyderabadi Biryani, Tandoori Chicken, Lemon Chicken, Chicken Dum Biryani, Prawn Biryani, Chicken Boneless Biryani","Biryani, Hyderabadi, Andhra, North Indian"
1821,"\N","North Indian, Kebab, Seafood, Chinese"
1822,"Neer Dosa, Biryani, Chinese Bhel, Dal Makhani, Fish","North Indian, Chinese, Seafood"
1823,"Chaat, Pav Bhaji, Panipuri, Basket Chat, Mango Lassi, Sev Puri, Misal","Street Food, Fast Food"
1824,"Coffee, Tea, Kesari Bath, Open Dosa, Vada, Idli, Bread Dosa","South Indian"
1825,"Masala Dosa, Idli, Filter Coffee, Medu Dosa","South Indian"
1826,"Veg Jaipuri, Neer Dosa, Kulcha, Pepper Chicken, Chilli Mushroom, Murgh Platter, Paneer Tikka","North Indian, Chinese, South Indian"
1827,"Rolls, Chicken Curry, Hara Bhara Kebab, Egg Masala, Egg Curry, Naan, Roti","North Indian, Chinese"
1828,"\N","Continental, Chinese, North Indian, Asian, Healthy Food, Fast Food"
1829,"Burgers, Fries, Chicken Filet Burger, Peri Peri Chicken Wings, Peri Peri Chicken Salad, Peri Peri Chicken Burger, Falafel","Burger, Fast Food"
1830,"Tea, Coffee, Kadala Curry, Chicken Dum Biryani, Shawarma, Ghee Rice, Chicken Kebab","Kerala, Biryani, Seafood, North Indian"
1831,"\N","South Indian, Fast Food, Juices"
1832,"Chicken Biryani, Chicken Masala, Brain Fry, Chilli Chicken, Mutton Biryani, Nalli Fry, Chicken Fry","South Indian, Biryani"
1833,"Prawn Ghee Roast, Fish, Beef Fry, Neer Dosa, Appam, Chicken Stew, Sol Kadhi","Kerala, Mangalorean, Seafood"
1834,"Cappuccino, Sausage Roll, Chicken Sandwich, Chocolate Muffin, Hot Chocolate, Hot Coffee, Americano","Cafe"
1835,"Tandoori Chicken, Veg Kolhapuri, Jal-jeera, Chicken Biryani, Vegetable Biryani, Masala Papad, Dal Makhani","North Indian, Chinese, Biryani"
1836,"Rabri, Gatte Ki Subzi, Dhokla, Jalebi, Rajasthani Thali, Aamras, Daal Baati Churma","North Indian"
1837,"Salads, Pasta, Sandwiches, Momos, Hakka Noodles, Veg Salad, Russian Salad","Juices, Fast Food, Desserts, Salad"
1838,"Penne Arrabiata Pasta, Craft Beer, Cocktails, Bruschettas, Peri Peri Chicken, Pizza, Mocktails","Continental, North Indian, Chinese, European, BBQ, Finger Food, Asian"
1839,"Mutton Biryani, Drunken Chicken, Chicken Biryani, Beer, Cocktails, Pasta, Onion Rings","Continental, Finger Food, North Indian, Chinese"
1840,"Poricha Kozhi, Fry Prawns, Brain Fry, Mutton Sukha, Paratha, Dum Biryani, Chicken Sukha","Seafood, Biryani, South Indian, Chettinad"
1841,"Sandwiches, Salads, Paratha, Chicken Curry, Dal Makhani, Noodles, Apple Mojito","Healthy Food, North Indian, Biryani, Continental, Sandwich, Desserts"
3477,"\N","North Indian, South Indian, Chinese"
3478,"\N","North Indian, South Indian, Continental, Chinese"
3479,"Blueberry Waffles, Nutella Waffle, Hot Chocolate, Thick Shakes, Coffee, Oreo Shake, Chocolate Oreo","Desserts, Beverages"
3480,"Nachos, Waffles, Hot Chocolate Fudge, Chocolate Icecreams, Tiramisu, Cheesy Garlic Bread, Vanilla Ice Cream","Desserts, Ice Cream"
3481,"Burgers, Cheesy Pizza, Chips, Fries, Rice Bowl, White Sauce Pasta, Chicken Wings","Burger, Pizza, Momos"
3482,"Chicken Curry, Fish, Thali, Rolls, Rasgulla, Chicken Biryani","Bengali, North Indian"
3483,"\N","Ice Cream"
3484,"Andhra Meal, Chicken Pepper Dry, Andhra Thali, Chicken Biryani, Murgh Ghee Roast, Ghee Rice, Hyderabadi Biryani","Andhra, North Indian, Biryani"
3485,"Pasta, Chicken Steak, Burgers, Cold Coffee, Shawarma, Honey Chilli Fries","Cafe"
3486,"\N","Chinese, Thai, Momos"
3487,"Paratha, Chai, Poha, Quinoa Burger","Cafe, Healthy Food, Salad, Beverages"
3488,"\N","Andhra, Chinese, North Indian"
3489,"\N","Cafe, Tea, North Indian"
3490,"Burgers, Coffee, Cappuccino, Barbeque Burger, Sandwiches, Spinach Pasta, Sandwich","Cafe, American, Italian, Burger"
3491,"Buttermilk, Chicken Dosa, Masala Dosa, Filter Coffee, Tea, Chicken Sandwich, Paneer Dosa","South Indian, North Indian, Chinese"
3492,"\N","Kerala, South Indian, Chinese"
3493,"Pizza, Pasta, Mocktails, Malai Tikka, Noodles, Chicken Tikka, Spaghetti","Cafe"
3494,"\N","North Indian, Beverages"
3495,"\N","Continental, North Indian, Chinese"
3496,"Seafood Pizza, Pasta, Mocktails, Brownie, Tenderloin Burger, Burgers, Exotic Veg Pizza","Cafe, Continental, Italian, Burger, Pizza"
3497,"Waffles, Pancakes, Oreo Waffle","Desserts, Beverages"
3498,"\N","Chinese, Fast Food, Asian, Beverages, Nepalese, Tibetan"
3499,"\N","Rolls, Fast Food"
3500,"Noodles, Pinacolada, Mocktails, Salad, Thai Green Curry, Spicy Crabmeat Soup, Clear Soup","Chinese, Thai, Asian"
3501,"Nutella Waffle","Fast Food, Burger, Italian, Beverages"
3502,"\N","Ice Cream, Beverages, Fast Food"
3503,"Tandoori Chicken, Butter Chicken, Tandoori Roti, Bhindi Masala, Paratha, Dal Makhani","North Indian, Chinese"
3504,"\N","Desserts"
3505,"Biryani, Fish, Roti","Maharashtrian"
3506,"Veg Momos, Noodles, Cheese Momos, Jhol Momos, Wai Wai Bhel, Brownie, Chicken Momo","Tibetan, Nepalese, Momos"
3507,"\N","Bakery, Fast Food, Beverages"
3508,"\N","Kebab, Biryani"
3509,"Burgers, Pasta, Mocktails, Cheese Burger, Ferrero Rocher Milkshake, Peri Chicken, Chicken Paprika","Cafe, American, Burger, Steak"
3510,"Donne Biryani, Mutton Biryani","Biryani, Kebab"
3511,"\N","Andhra, Chinese"
3512,"Gnocchi, Cocktails, Pizza, Salads, Creme Brulee, Sangria, Pasta","Healthy Food, Mediterranean, Desserts, Italian, Pizza, Salad, Kebab"
3513,"Pancakes, Cocktails, Biryani, Draught Beer, Long Island Iced Tea, Nachos, Mocktails","Finger Food, Continental, Pizza"
3514,"Beer, Pepper Chicken, Prawn Curry, Appam, Fry Prawns, Chicken Chettinad, Idiyappam","South Indian, Chettinad, Kerala, Seafood"
3515,"Sandwiches, Salad, Corn Soup","Healthy Food, Beverages, Fast Food"
3516,"Mushroom Tikka, Nachos, Wheat Beer, Dahi Kebab, Cocktails, Tiramisu, Chicken Tikka","German, European, Pizza, American, North Indian, Chinese"
3517,"Mocktails, Gulab Jamun, Chilli Chicken, Biryani, Lunch Buffet","North Indian, Chinese"
3518,"Fish, Curry Crab, Mocktails, Luchi, Kosha Mangsho, Sea Food, Daab Chingri","Bengali, Seafood"
3519,"Cup Cake, Gooey Chocolate Cupcake, Tiramisu, Choco Cake","Desserts"
3520,"Tandoori Chicken, Paneer Makhani, Mutton Roganjosh, Paratha, Aloo Jeera, Butter Chicken","North Indian, Chinese, Biryani"
3521,"Shawarma, Al Faham Chicken","Arabian, Chinese, Fast Food"
3522,"Appam, Fish, Mutton Stew, Cocktails, Egg Roast, Prawn Curry, Chicken Stew","Kerala, Seafood"
3523,"\N","South Indian, Street Food"
3524,"Chicken Grill, Shawarma, Rolls, Biryani, Kerala Parotta","Kerala, North Indian, Chinese, Rolls, Juices"
3525,"\N","North Indian, Chinese, Seafood"
3526,"Waffles, Burgers, Tea, Pasta, Garlic Bread","Desserts, Fast Food"
3527,"\N","Continental, North Indian, South Indian"
3528,"Paneer Tikki, Mutton Raan, Mango Margarita, Craft Beer, Lamb, Kulcha, Kheer","North Indian"
3529,"Lassi, Mutton","North Indian"
3530,"\N","Fast Food, Seafood"
3531,"\N","South Indian, North Indian, Chinese, Street Food"
3532,"Sandwiches, Pizza, Burgers, Chicken Wings, Steak, Fries, Noodles","Cafe, Continental, Chinese"
3533,"\N","North Indian, South Indian, Chinese, Kerala"
3534,"Cocktails, Barbeque Chicken Pizza, Nachos, Chocolate Martini, Bbq Chicken Pizza, Wedges, Beer","Asian, Burger, Pizza, Chinese, Finger Food"
3535,"Tom Yum Soup, Fish, Salad","Thai"
3536,"\N","North Indian, South Indian, Arabian"
3537,"Steak, Chicken Wings, Burgers, Bacon Burger, Cocktails, Lime Soda, Chicken Burger","American, Continental, Steak"
3538,"\N","Chinese, North Indian, Fast Food"
3539,"Burgers, Cocktails, Legendary Hrc Burger, Nachos, Sandwiches, Bloody Mary, Mocktails","American, BBQ"
3540,"Breakfast Platter, Roast Chicken, Sea Food, Calamari, Waffles, Chorizo Pav, Prawn","Goan, Seafood, Konkan, Desserts"
3541,"Masala Dosa, Filter Coffee","South Indian, North Indian, Chinese, Street Food"
3542,"Salad, Beer, Nachos, Chicken Wings, Onion Rings, Chilli Paneer, Roti","Continental, Chinese, Finger Food, North Indian"
3543,"\N","Chinese, North Indian, South Indian"
3544,"Donut, Coffee, Choco Bomb, Cup Cake","Bakery, Desserts, Beverages"
3545,"Hot Chocolate Fudge, Brownie Fudge Sundae, Brownie Bomb, Apple Pie, Fudge Cake, Apple Cake, Chocolate Mousse","Ice Cream, Desserts"
3546,"\N","North Indian, Fast Food, Beverages"
3547,"Sandwich, Garlic Bread, Brownie, Potato Wedges, French Fries","Cafe, American, Italian, Burger"
3548,"\N","Healthy Food, South Indian"
3549,"Spaghetti, Beef Steak, Bbq Chicken Pizza, Burgers, Apple Pie, Ice Tea, Salads","Steak, Italian, Continental, American, Burger, BBQ, Salad"
3550,"Pasta, Salads, Sandwich, Coffee, Tea, Sandwiches","Italian, Bakery, Fast Food"
3551,"\N","North Indian, South Indian, Continental"
3552,"\N","South Indian, Chinese, Juices, Street Food"
3553,"\N","North Indian, Mughlai"
3554,"\N","Street Food, South Indian"
3555,"Samosa, Tea","Beverages"
3556,"\N","Biryani, North Indian, Chinese"
3557,"Paratha","North Indian"
3558,"Nachos, Pizza, Margarita, Mushroom Soup, Tacos, Tortilla Soup, Chicken Burritos","Mexican"
3559,"Sushi, Dumplings, Khau Suey, Noodles, Cocktails, Virgin Mojito, Drunken Beef","Asian, Japanese, Korean, Indonesian, Malaysian, Singaporean"
3560,"Burgers, Peri Peri Chicken, Fries, Mojito, Bbq Chicken Pizza, Mozzarella Sticks, Pasta","Cafe, American, Italian, Pizza, Burger"
3561,"Pizza, Fish, Cocktails, Cosmopolitan, Pasta Alfredo, Brownie Chocolate, Potli Biryani","Continental, Finger Food, Pizza, North Indian"
3562,"Hyderabadi Biryani, Chicken Biryani, Prawn Biryani, Mutton Biryani, Ghee Roast Biryani, Chicken Guntur","Andhra, Biryani, North Indian"
3563,"Rooftop Ambience, Decor","Seafood, Mexican, Continental, Finger Food"
3564,"Choco Death, Brownie","Ice Cream"
3565,"Hot Chocolate Fudge","Desserts, Ice Cream, Beverages, Sandwich"
3566,"Chocolate Cake, Wine, Meat Curry, Dal Makhani, Tamarind Sorbet, Mutton Biryani, Kulfi","North Indian, South Indian"
3567,"\N","North Indian, Street Food"
3568,"Fish, Tiramisu, Filter Coffee Ice Cream, Brownie, Biryani, Chicken Korma, Chapa Pulusu","Asian, Continental, North Indian"
3569,"Dumplings, Momos, Chenin Blanc, Mapo Tofu, Cocktails, Noodles, Egg Fried Rice","Chinese"
3570,"\N","Juices"
3571,"\N","Bengali, Continental"
3572,"Bbq Chicken Pizza, Sangria, Cocktails, Beer, Mai Thai, Chicken Nachos, Burgers","Continental, Chinese, Italian"
3573,"Chicken Momo, Chicken Sizzler, Chocolate Momos, Momo Burger, Burgers, Veg Momos, Corn Momo","Tibetan, Momos"
3574,"\N","Desserts, Ice Cream, Beverages"
3575,"Cheese Balls, Mushroom Pasta, Paneer Pizza, Chicken Peri Peri Sizzler, Chips","Cafe, Continental, Steak, Italian"
3576,"Spring Roll, Tomato Soup, Mocktails, Sweet Corn Soup, Gulab Jamun, Roti, Paneer Tikka","North Indian, Mughlai, Biryani"
3577,"Kerala Parotta, Jumbo Shawarma, Dragon Chicken, Rolls, Vegetarian, Chicken Shawarama, Faluda","Arabian, North Indian, Chinese, Kerala, Seafood, Biryani"
3578,"\N","Andhra, Chettinad"
3579,"Cocktails, Noodles, Chips, Shephards Pie, Lamb, Pizza, Mocktails","American, Asian, Continental, North Indian, South Indian, Chinese"
3580,"Cheese Naan, Biryani, Onion Rings","Kebab, Biryani"
3581,"Filter Coffee, Vada, Biryani, Masala Dosa","South Indian, North Indian, Chinese"
3582,"Cocktails","Finger Food, North Indian"
3583,"\N","North Indian, Chinese, Kebab"
3584,"Chai, Maggi, English Breakfast","Tea, Beverages, Fast Food"
3585,"Momos","Chinese, Tibetan, Momos"
3586,"\N","Street Food, Desserts"
3587,"Hyderabadi Biryani, Haleem, Chicken Biryani, Andhra Biryani, Mutton Biryani, Ghee Rice, Butter Chicken","Biryani, North Indian, Chinese"
3588,"Tandoori Chicken, Kheer, Chicken Tikka, Butter Naan, Sweet Lassi, Caramel Custard, Panipuri","North Indian, Chinese, Mughlai"
3589,"Sea Food, Appam, Fish, Kerala Parotta, Sangria, Paratha, Cocktails","Kerala, Seafood"
3590,"Mudpie, Sandwich, Masala Dosa, Hot Coffee, Pasta, Pizza Dosa, Paratha","South Indian, North Indian, Chinese"
3591,"\N","North Indian, Chinese, BBQ"
3592,"Rolls, Noodles, Mughlai Paratha, Paneer Kathi Roll, Veg Manchow Soup, Crispy Chicken, Chicken Manchurian","Rolls, Chinese"
3593,"\N","North Indian, Bengali, Oriya"
3594,"Coffee, Burgers, Pasta, Sandwiches, Mudcake, Chicken Burger, Pizza","Cafe, Continental, Burger"
3595,"Lassi","Chinese, North Indian"
3596,"\N","South Indian, North Indian, Chinese, Biryani"
3597,"\N","Fast Food, Burger, Desserts, Cafe"
3598,"Kalmi Kabab, Gulab Jamun, Chicken Grill, Shawarma Roll, Vegetarian, Barbeque Chicken, Dal Fry","North Indian, Chinese, Fast Food, BBQ"
3599,"Biryani","North Indian, Chinese"
3600,"\N","South Indian, North Indian, Fast Food"
3601,"\N","Fast Food, Chinese, Desserts"
3602,"Matar Paneer, Paratha, Chole Bhature, Lassi","North Indian"
3603,"Cocktails, Beer, Bloody Mary, Pasta, Pizza, Burgers, Nachos","Finger Food, North Indian, Chinese"
3604,"Pork Ribs, Smoked Pork, Beef Pickle, Pork Meat, Wine, Pork Momo, Chilli Chicken","Chinese, Naga"
3605,"Lime Soda, Appam, Biryani, Pepper Chicken, Vegetable Stew, Chicken Curry","South Indian, Chettinad, Kerala, Seafood"
3606,"Pizza, Peri Peri Fries, Veg Paprika","Fast Food, Burger, Pizza"
3607,"\N","Cafe, North Indian, Continental"
3608,"Cocktails, Watermelon Mojito, Orange Mojito, Steak, Fish, Long Island Iced Tea, Sauteed Vegetables","Continental, Italian"
3609,"Mutton Biryani, Chicken Biryani, Hyderabadi Biryani, Andhra Biryani, Mutton Keema Balls, Thali, Raita","Andhra, Biryani"
3610,"Chaat, Sandwiches, Rasmalai","Mithai, Street Food"
3611,"\N","Mithai, Street Food, North Indian"
3612,"Wheat Beer, Pizza, Cocktails, Virgin Sangria, Pork Chops, Craft Beer, Meatballs","Continental, BBQ, Finger Food"
3613,"Brownie, Mutton Seekh, Salads, Rasmalai, Tandoori Aloo, Mutton Soup, Custard","North Indian, Mughlai"
3614,"\N","Cafe, Beverages, Fast Food"
3615,"\N","North Indian, Chinese, Arabian, Biryani, Rolls"
3616,"\N","Andhra, Chinese, Biryani"
3617,"Burgers, Tandoori Grill Burger, Mango Shake, Cheesy Fries, Whopper Burger, Chicken Keema Burger, Chicken Crisp Burger","Burger, Fast Food, Beverages"
3618,"Badam Milk, Cocktails, Mutton Liver Fry, Paan Mojito, Veg Thali, Mocktails, Neer Dosa","Seafood, South Indian, Bar Food, Mangalorean, Konkan"
3619,"Sea Food, Spicy Crab Soup, Cocktails, Squid Fry, Prawn Curry, Lobster, Fish Curry","Goan, Mangalorean, Pizza"
3620,"Friendly Staff","Chinese, Finger Food, North Indian, Seafood"
3621,"Coffee, French Fries, Lemon Tea, Veg Sandwich","Cafe, Bakery, Arabian, Fast Food"
3622,"\N","North Indian, South Indian, Chinese, Fast Food"
3623,"Rolls","North Indian, Chinese"
3624,"Biryani, Cocktails, Nachos, Mocktails, Long Island Iced Tea, Pasta, Paneer Tikka","Continental, Italian, North Indian, Mexican"
3625,"Burgers","Ice Cream, Fast Food, Burger, Pizza, Sandwich, Desserts, Beverages"
3626,"Masala Chai, Garlic Bread, Oreo Shake","Cafe, Fast Food, North Indian"
3627,"\N","North Indian, Rajasthani"
3628,"Coffee, Mutton Steak, Veg Burger, Plum Cake, Ginger Tea","Cafe, Italian, Continental, European, Biryani, Chinese"
3629,"Noodles, Chicken Drumsticks, Maggi, Veg Grilled Sandwich, Brownie","Fast Food, Chinese, North Indian, American"
3630,"Bubble Tea, Waffles, Blueberry Cheesecake","Beverages, Bubble Tea, Desserts"
3631,"Chicken Momo, Momos","Biryani, North Indian, Italian, Chinese, Sandwich, Desserts"
3632,"\N","North Indian, Street Food, Desserts, Chinese"
3633,"\N","Bakery, Kerala"
3634,"Chicken Noodle, Noodles, Paneer Lababdar, Paratha","Chinese, North Indian"
3635,"\N","Chinese, Continental, North Indian"
3636,"Chicken Boneless Biryani, Chicken Guntur, Tandoori Chicken, Crispy Chicken, Panner Tikka, Hyderabadi Biryani, Naan","Andhra, Chinese, North Indian, Biryani"
3637,"Chole, Kulfi, Kachori, Samosa, Chaat, Pav Bhaji, Barfi","Mithai, Street Food, Fast Food"
3638,"\N","Biryani, North Indian, Chinese, Andhra, South Indian"
3639,"\N","Bakery, Desserts, Beverages"
3640,"Sandwiches, Salads, Panipuri, Gol Gappe, Pizza Sandwich, Cheesy Pizza, Pancakes","Cafe, Beverages, Fast Food"
3641,"\N","Biryani, North Indian, Fast Food, Chinese"
3642,"Waffles","Ice Cream, Desserts"
3643,"Thali, Mutton Handi","Oriya, Bengali"
3644,"Pav Bhaji, Masala Dosa, Tea, Roti","South Indian, Chinese, North Indian, Street Food"
3645,"Mutton Biryani, Pahari Chicken, Chicken Biryani, Mutton Chops, Mutton Roganjosh, Shawarma, Raita","Mughlai, North Indian, Chinese"
3646,"\N","Chinese, European"
3647,"Tortilla Chips, Tabasco Pizza, Salsa, Mixed Sauce Pasta, White Sauce Pasta, Manali Pizza, Nawabi Pizza","Pizza, Italian"
3648,"Veg Thali, Matka Kulfi, Pongal, Buttermilk, Vada, Ragi Mudde, Curd Rice","South Indian"
3649,"\N","Mughlai, Arabian, BBQ"
3650,"Baklava, Mutton Biryani, Salad, Rice Pudding, Jeera Rice, Fish, Panneer Butter Masala","North Indian, South Indian, Chinese, Arabian"
3651,"Waffles, Pasta, Coleslaw Sandwich, Choco Waffle, Tacos, Momos, Cheese Nachos","Cafe, Mexican, Italian, Momos, Beverages"
3652,"Garlic Bread, Burgers, Sandwiches, Pizza, Hot Chocolate Fudge, Waffles, Potato Wedges","Cafe"
3653,"Berryblast, Waffles, Cheesecake, Salted Caramel","Beverages, Desserts, Ice Cream"
3654,"Faluda, Brownie, Sandwich, Kulfi, Fruit Salad, Sweet Lassi, Chocolate Fudge","Juices, Desserts"
3655,"White Pasta, Noodles, Babycorn Manchurian, Pizza, Veg Momos, Fry Momos, Tawa Pulav","Continental, Fast Food, Street Food, Momos"
3656,"\N","North Indian, Fast Food, Rolls"
3657,"\N","Seafood, Biryani, South Indian, North Indian, Chinese"
3658,"Vegetable Biryani, Pineapple Rasam, Cheese Garlic Naan, Potato Cheese Ball, Bamboo Chicken Biryani, Chicken Skewer, Fish","North Indian, South Indian, Biryani, Beverages"
3659,"Sandwiches, Noodles, Sandwich","Fast Food, Chinese"
3660,"Waffles","Fast Food, Desserts, Ice Cream"
3661,"Dahi Papadi Chaat, Papdi Chaat, Bhel Puri, Paratha, Kachori, Thali, Masala Poori","Mithai, Street Food"
3662,"Biryani, Chicken Grill, Butter Chicken","Biryani, North Indian, Chinese, Seafood"
3663,"Beer, Chicken Wings, Chilli Chicken, Onion Rings, Fries","Finger Food"
3664,"\N","Sandwich, Fast Food, Rolls"
3665,"Pav Bhaji, Chaat, Sandwiches, Coffee, Noodles, Masala Dosa, Roti","South Indian, North Indian, Chinese, Street Food"
3666,"Coffee, Idli, Masala Dosa, Sagu Dosa, Kesari Bath, Kharabath, Plain Dosa","South Indian"
3667,"Coffee, French Fries, Lemon Tea, Veg Sandwich","Cafe, Bakery"
3668,"Paratha, Kadai Paneer","North Indian, Chinese"
3669,"Chicken Sandwich","Healthy Food"
3670,"Biryani, Chicken Bbq Wings, Mocktails, Sangria, Cocktails, Burgers, Pasta","Asian, Continental, Finger Food"
3671,"Mutton Curry, Chicken Fry, Chicken Biryani, Chicken Curry","Biryani, South Indian, Andhra"
3672,"\N","Burger, Sandwich, Finger Food"
3673,"Stuffed Chicken, Malai Broccoli, Cocktails, Salad, Mocktails, Tomato Soup, Biryani","Continental, Finger Food, North Indian, Chinese"
3674,"\N","Street Food, Beverages, Gujarati"
3675,"Waffles, Nutella Pancakes, Nutella Waffle, Mexican Fries, Chocolate Overload, Chocolate Fondue, Ferrero Rocher","Desserts"
3676,"\N","South Indian, Chinese, Biryani"
3677,"\N","Biryani, North Indian, Mughlai"
3678,"Cup Cake, Cake Pops, Chocolate Truffle Cake, Brownie","Bakery, Desserts"
3679,"\N","South Indian, Kerala, Biryani"
3680,"\N","North Indian, Fast Food, Chinese, Burger"
3681,"Barbecue Chicken Burger, Coffee, Ice Tea, Peri Peri Chicken, Pasta, Maggi, Nachos","Cafe, American, Continental, Italian"
3682,"Coffee, Hot Chocolate, Cappuccino, Ice Tea, Corn Balls","Cafe"
3683,"Fruit Lassi, Sweet Lassi, Kulfi, Banana Split","Beverages, Desserts"
3684,"Hyderabadi Biryani, Veg Thali, Chicken Pepper Dry, Mutton Biryani, Chicken Guntur, Fish Fry, Beer","North Indian"
3685,"\N","Arabian, North Indian, Chinese, Kerala"
3686,"\N","Fast Food, Burger, Rolls, Beverages"
3687,"Sea Food, Beer, Prawn, Neer Dosa, Palak Rice, Tandoori Chicken","North Indian, Chinese"
3688,"Pothichoru, Kerala Parotta, Beef Fry, Vegetable Stew, Chicken Curry, Paratha, Biryani","Kerala, Chinese, Seafood, North Indian"
3689,"Cheesecake, Tikka, Chocolate Donut, Lemon Tarts, Chocolate Eclairs, Brownie, Macaroon","Bakery, Continental, Sandwich, Beverages, Desserts"
3690,"Chaat, Dabeli, Pav Bhaji, Dhokla, Gujarati Food, Jalebi, Panipuri","Street Food, Gujarati"
3691,"\N","Juices, Sandwich"
3692,"\N","Nepalese, Momos, Chinese"
3693,"Coffee","Bakery, Desserts"
3694,"\N","Goan, Mangalorean"
3695,"Sandwiches, Fruit Juices, Burgers, Chicken Sandwich, Omelette, French Fries, Oreo Shake","Fast Food"
3696,"\N","South Indian, Chinese, Beverages, Cafe, Coffee, Fast Food, Momos, North Indian"
3697,"Manchow Soup, Caramel Custard, Cocktails, Bbq Platter, Pork Ribs, Mocktails, Paratha","American, North Indian, Chinese, Finger Food"
3698,"Biryani, Noodles","North Indian, Chinese, Biryani"
3699,"Minced Chicken Lasagne, Chicken Steak","Mexican, Italian"
3700,"Masala Dosa, Vada, Tea, Coffee, Idli","South Indian"
3701,"Cocktails, Barbeque Chicken Pizza, Chocolate Martini, Nachos, Bbq Chicken Pizza, Wedges, Beer","Asian, Burger, Pizza, Chinese, Finger Food"
3702,"Cocktails, Pasta, Paneer Tikka, Mocktails, Wheat Beer, Corn Paratha, Misal Pav","North Indian, Continental, Finger Food, American, Asian"
3703,"Coffee, Pizza, Nachos, Kit Kat Shake, Garlic Bread, Mexican Rice, Burgers","Cafe, Continental, North Indian"
3704,"Macaroon, Brownie Sundae, Waffles","Ice Cream, Desserts, Bakery"
3705,"Paratha, Lassi, Manchurian, Thali","North Indian"
3706,"Peri Peri Chicken Wings, Mix Grill Sizzler, Fish, Murgh Ghee Roast, Biryani, Caramel Custard, Paneer Tikka Masala","North Indian, Continental"
3707,"Coffee, Tea, Masala Poori, Masala Dosa, Akki Rottis","South Indian, North Indian, Chinese"
3708,"Shawarma, Biryani Combo, Chicken Grill","North Indian, Biryani, Chinese"
3709,"Mutton Kosha, Basanti Pulao, Chicken Biryani","Bengali, North Indian, Chinese"
3710,"Coffee, Cheesecake, Sweet Potato Cake, Hot Chocolate, Sweet Potato Latte, Ramen, French Toast","Bakery, Desserts"
3711,"\N","Arabian, Kerala, North Indian, Chinese, Beverages"
3712,"Chips, Cocktails, Veg Platter, Murgh Platter, Draught Beer, Potato Wedges, Pizza","Continental, North Indian, Chinese, Italian"
3713,"\N","Salad, Chinese"
3714,"\N","Seafood, Biryani, South Indian"
3715,"Chicken Biryani, Chicken Thali","South Indian, Chettinad, Chinese"
3716,"\N","Arabian, North Indian, Chinese"
3717,"Gulkand Ice Cream, Thali, Corn Paratha, Donne Biryani, Ceylon Paratha, Buttermilk, Mutton Chops","South Indian, Biryani, North Indian"
3718,"Jalebi, Chaat, Dal Makhani, Tandoori Roti","North Indian, South Indian, Chinese"
3719,"Chocolate Chip Cookie, Brownie Chocolate","Bakery"
3720,"Tandoori Chicken, Panneer Butter Masala, Butter Naan, Kheer","North Indian, South Indian, Chinese, Continental"
3721,"Mutton Biryani, Lemon Tea, Chicken Dry Fry, Kerala Style Biryani, Malabari Biryani, Lemon Chicken, Biryani Combo","Biryani"
3722,"Chicken Wings, Cocktails, Mocktails, Chilli Chicken, Noodles, Burgers, Spring Roll","Continental, Chinese"
3723,"\N","Arabian, Biryani, Beverages, Rolls"
3724,"Fattoush, Crispy Chilli Potatoes, Mutton Roganjosh, Butter Chicken Biryani, Crispy Chilli Babycorn, Chicken Grill, Tandoori Chicken","Arabian, Mughlai, Biryani, North Indian, Chinese, Seafood"
3725,"Filter Kaapi, Filter Coffee, Khara Bhath, Maddur Vada, Crispy Masala Dosa, Kesari Bath, Ghee Masala Dosa","South Indian"
3726,"Pizza, White Sauce Pasta, Masala Garlic Bread","Pizza, Italian"
3727,"Pasta, Momos, Rolls, Chicken Roll, Chilli Chicken, Paneer Roll, Spaghetti","Italian, Continental, Fast Food, Chinese, Momos"
3728,"Mutton Biryani, Cocktails, Dal Makhani, Naan, Fish, Roti, Lamb","North Indian, Afghani"
3729,"\N","Cafe, Chinese, Continental, Italian"
3730,"Lassi, Paratha, Chur Chur Naan, Raita, Chana Masala, Kheer, Buttermilk","North Indian, Chinese, Juices"
3731,"Sandwiches, Waffles, Kulfi, Brownie, Hot Chocolate Fudge, Chocolate Cake, Cheese Sandwich","Ice Cream, Desserts, Beverages, Sandwich"
3732,"Cup Cake, Chocolate Decadence, Blueberry Cheesecake, Coffee","Desserts, Bakery"
3733,"Waffles, Pancakes","Desserts"
3734,"Chole, Tea, Filter Coffee, Vada, Upma, Butter Masala Dosa, Idli","South Indian, North Indian, Street Food"
3735,"Ginger Tea, Chai, Pasta, Maggi, Vada Pav, Pizza, Sandwich","Cafe"
3736,"Coffee, Cheesecake, Chicken Baguette, Pasta, Mudcake, Wedges, Hot Chocolate","Cafe, Mediterranean, Bakery, Greek, Beverages"
3737,"Wine, Salad, Steak, Coffee, Pork Chops","Mediterranean, Continental, French, Italian"
3738,"Cup Cake, Fruit Gateau, Sponge Cake, Mango Cake, Eggless Cake, Chocolate Truffle Cake, Cheesecake","Desserts, Bakery"
3739,"Waffles, Fruit Tea, Pearl Milk Tea","Beverages, Bubble Tea, Tea"
3740,"Fish","North Indian, Bengali"
3741,"Hot Chocolate, Coffee Hazelnut, Caramel Frappuccino, Cappuccino, Mocha Frappuccino, Java Chip Frappuccino, Sandwiches","Cafe, Desserts"
3742,"Kalmi Kabab, Hyderabadi Dum Biryani, Vegetable Biryani, Haleem, Supreme Mutton Biryani, Paneer Tikka, Hyderabadi Mutton Biryani","Biryani, North Indian, Kebab"
3743,"Fries","Cafe, Desserts, Fast Food, Burger"
3744,"\N","North Indian, Rolls, Chinese, Biryani"
3745,"Chicken Kebab Biryani, Rolls, Raita","Biryani, Mughlai, Chinese"
3746,"Pizza, Lemonade, Chilli Cheese Fries, Thick Shakes","Cafe, Pizza, Fast Food, Beverages"
3747,"\N","Biryani, Seafood, Chinese, Charcoal Chicken"
3748,"Bhuna Chicken, Mutton Biryani, Paratha","North Indian, Chinese"
3749,"\N","South Indian, Andhra, Biryani"
3750,"\N","Bakery, Cafe, Sandwich"
3751,"Shawarma, Pasta, Falafel, Mocktails, Babaganush, Pizza, Chicken Shawarama","Lebanese, Turkish"
3752,"Butter Chicken, Paratha","North Indian, Chinese"
3753,"Sea Food, Neer Dosa, Murgh Ghee Roast, Chicken Sukha, Chicken Curry, Prawn Ghee Roast, Fish Fry","Seafood, South Indian, North Indian, Mangalorean, Chinese"
3754,"Tandoori Chicken, Aloo Paratha, Chicken Curry, Butter Naan, Paneer Bhurji","North Indian, Chinese"
3755,"Buffalo Chicken Wings, Chips, Peri Peri Prawn, Cocktails, Mocktails, Pizza, Mushroom Soup","Continental, Italian, Steak, American"
3756,"Hot Pot","Chinese"
3757,"\N","Bakery, Fast Food, Italian"
3758,"Cocktails, Draught Beer","Chinese, Continental"
3759,"\N","Italian, Chinese, Street Food"
3760,"Cocktails, Paneer Tikka, Rasmalai, Rabri, Biryani, Chicken Curry, Masala Papad","North Indian, Mughlai, Afghan"
3761,"Neer Dosa","South Indian, North Indian, Street Food, Chinese"
3762,"Tea, Vada Sambar, Masala Dosa","South Indian, North Indian, Chinese"
3763,"Biryani, Butter Naan","North Indian, Chinese, BBQ"
3764,"Beer, Masala Papad, Beef Fry, Paneer Tikka, Nachos, Murgh Ghee Roast, Chicken Pizza","Continental, South Indian, Mangalorean, Chinese, North Indian, Seafood"
3765,"Pho, Papaya Salad, Coffee, Veg Momos, Rolls","Vietnamese"
3766,"\N","Street Food, Cafe"
3767,"Panipuri","Ice Cream"
3768,"Friendly Staff","Chinese, Fast Food, Continental"
3769,"Beer","Finger Food, North Indian, Chinese"
3770,"Dum Biryani, Mutton Biryani","Biryani"
3771,"Waffles, Coffee, Pesto Sandwich, Hazelnut Cappuccino, Latte, Salads, Pasta","Cafe"
3772,"Salad, Fried Rice Chicken","Chinese, Thai, Momos"
3773,"Sushi, Cocktails, Mocktails, Bamboo Chicken Biryani, Coconut Soup, Pasta, Sea Food","Japanese, North Indian, Italian, Korean, Mexican, Thai"
3774,"Pizza, Chicken Biryani","Biryani, Italian, BBQ"
3775,"Bhindi Fry, Aloo Fry, Sweet Lassi, Paratha, Tawa Roti, Palak Paneer, Butter Chicken","North Indian, South Indian, Chinese"
3776,"Manchow Soup, Wonton Soup, Momos, Chowmein, American Chopsuey, Chop Suey, Spring Roll","Chinese"
3777,"\N","Cafe, Lebanese"
3778,"Lassi, Nachos, Mojito, Roti, Panipuri, Pizza, Waffles","North Indian, Chinese, Italian, Street Food, Desserts"
3779,"\N","North Indian, Chinese, Fast Food, Rolls"
3780,"Chicken Biryani, Ragi Mudde, Mutton Biryani","Chinese, South Indian, North Indian"
3781,"Pongal, Filter Coffee, Idli, Masala Dosa","South Indian"
3782,"Badam Milk, Chaat, Sandwich, Noodles, Ghee Dosa, Paratha, Masala Dosa","North Indian, Chinese, Street Food, Mithai"
3783,"Chaat, Pav Bhaji, Bhel Puri, Dahipuri, Vada Pav, Raj Kachori, Samosa","Street Food, North Indian"
3784,"Beer, Cocktails, Pork Chilli, Pandi Curry, Steak, Crispy Chicken, Pasta","Italian, American, North Indian"
3785,"Vada, Sweet Corn Soup","South Indian, Chinese, Fast Food"
3786,"Butter Chicken, Kadai Paneer, Raita, Vegetable Biryani, Paneer Makhani, Dal Makhani","North Indian, Biryani, Mughlai"
3787,"Pizza","Pizza, Italian, Salad"
3788,"\N","Fast Food, Italian, Desserts"
3789,"Cocktails, Mocktails","Continental, North Indian, Chinese, Lebanese"
3790,"Mutton Curry, Aloo Paratha","North Indian"
3791,"Dal Fry","North Indian"
3792,"Salad, Salads, Sandwiches","Healthy Food, Sandwich, Salad"
3793,"\N","Rolls, Street Food"
3794,"Sea Food, Sushi","Japanese, Sushi, Asian"
3795,"Sushi, Tuna Sashimi, Salads, Pork Rice, Ramen, Spicy Tuna Roll, Cocktails","Japanese"
3796,"Okra, Pancakes, Cocktails, Berry Pulao, Kanda Bhajiya, Brownie Chocolate, Mocktails","Parsi, North Indian"
3797,"Cocktails, Peri Peri Chicken Burger, Pasta, Brownie, Jalapeno Poppers, Mocktails, Basil Pesto","North Indian, Chinese, Continental, Italian"
3798,"Pasta, Maggi, Ice-cream Shake, Burgers","Cafe, Beverages, Healthy Food"
3799,"Dumplings, Biryani, Pasta, Pizza, Taco Trio, Cheesecake, Chicken Wings","North Indian, Mughlai, Asian, Chinese"
3800,"Pasta, Sandwiches, Chilli Paneer, Chicken Parmigiana, Mocktails, Lamb, Minestrone Soup","Continental, Italian, Chinese"
3801,"Nutella Waffle, Chocolate Waffles, Banana Caramel","Desserts, Fast Food"
3802,"Ramen, Cocktails, Crab Sushi, Maki Roll, Creme Brulee, Thai Chicken Salad, Beef Salad","Japanese, Sushi, Asian"
3803,"\N","North Indian, Fast Food, Biryani, Beverages"
3804,"Cup Cake, Pasta, Sandwich, Fries","Desserts"
3805,"\N","Continental, Pizza, Fast Food"
3806,"Burgers, Fries, Chicken Crisp Burger","Burger, Fast Food, Beverages"
3807,"Cocktails, Mocktails, Pizza, Sweet Yogurt, Jujeh Kabab, Burgers, Karela Chaat","Asian, Continental, European, North Indian"
3808,"Coffee, Pasta, Burgers, Chocolate Milkshake, Spaghetti, Sandwich, Pancakes","Cafe, Continental, Italian, Salad"
3809,"Lunch Buffet, Boti Kebab, Beer, Potato Wedges, Gulab Jamun, Pizza, Club Sandwich","Continental, Chinese, North Indian"
3810,"Sandwiches, Chaat, Panipuri, Sandwich","Fast Food, Sandwich, South Indian"
3811,"Kulfi, Lunch Buffet, Murgh Lababdar, Kadhai Paneer, Dahi Kebab, Lassi, Butter Chicken","North Indian"
3812,"\N","Mediterranean, Continental, Italian, Burger"
3813,"\N","Fast Food, Chinese, Street Food"
3814,"\N","Fast Food, North Indian, Street Food"
3815,"\N","Tea, Fast Food, Cafe"
3816,"Pizza, Burgers, Brownie, Oreo Shake, Thai Fries","Cafe, Continental, Pizza, Burger, Beverages"
3817,"Papdi Chaat, Thandai, Chole Bhature, Lassi, Paan Ice Cream, Mutton Curry, Raita","North Indian"
3818,"Chai, Ginger Tea, Poha, Coffee, Bun Maskas","Cafe, Tea, North Indian"
3819,"Pizza, Pasta, Garlic Bread, Nachos","Pizza, Italian"
3820,"Ginger Tea, Cup Cake, Sandwich, Pasta, Cappuccino, Pizza, Cheese Sticks","Cafe, Italian, Continental, Beverages"
3821,"Hyderabadi Biryani, Gongura Biryani, Butter Naan, Vegetarian, Mutton Biryani, Ghee Karam Dosa, Tandoori Chicken","Andhra, Biryani, Chinese, South Indian"
3822,"Pizza, Long Island Iced Tea, Jalapeno Cheeseballs, Lamb, Cocktails, Pandi Fry, Galauti Kebab","North Indian, Continental, Asian, Pizza"
3823,"Sandwiches, Pasta, Pizza","Cafe, Sandwich, Burger"
3824,"Paneer Manchurian, Gulab Jamun, Noodles, Chicken Noodle, Butter Chicken, Vegetable Biryani","Chinese, North Indian"
3825,"Deluxe Thali, Mango Lassi, Hara Bhara Kebab, Jumbo Lassi, Jal-jeera, Amritsari Paneer, Gulab Jamun","Chinese, North Indian"
3826,"Coffee, Vanilla Ice Cream, Almond Ice Cream","Desserts, Ice Cream"
3827,"Chicken Masala, Vegetable Biryani, Lassi, Paratha, Butter Naan, Butter Chicken, Veg Platter","North Indian, Mughlai, Seafood, Chinese"
3828,"\N","South Indian, Mughlai, North Indian, Beverages"
3829,"\N","Cafe, South Indian, Continental, Beverages"
3830,"\N","North Indian, Bengali, Oriya, Chinese"
3831,"Faluda, Ghee Rice, Biryani, Barbeque Chicken, Pulpy Grape Juice, Chicken Kebab, Shawarma","North Indian, Mughlai, South Indian, Chinese"
3832,"Biryani, Shawarma, Kunafa, Pita Bread, Fattoush Salad","Mediterranean, Arabian, Lebanese"
3833,"Lunch Buffet, Kheer, Rajasthani Thali","North Indian, Chinese"
3834,"Coffee, Pizza, Fries","Cafe, Continental"
3835,"Neer Dosa, Sea Food, Fish, Murgh Ghee Roast, Anjal Masala Fry, Prawn Ghee Roast, Mutton Biryani","Seafood, Mangalorean"
3836,"Sea Food, Chicken Biryani, Naan, Neer Dosa, Chicken Curry, Mutton Biryani, Roti","North Indian, Chinese, Seafood, Biryani"
3837,"Sandwiches, Brownie, Chicken Sandwich, Pizza, Hot Chocolate, Chocolate Sundae, Icecream Cake","Fast Food, Desserts, Cafe"
3838,"Fish, Thali, Rolls, Rasgulla, Chicken Biryani","Bengali, North Indian"
3839,"Paratha, Gulab Jamun, Sweet Lassi, Paneer Bhurji, Chaach, Paneer Parantha, Raita","North Indian"
3840,"Dal Makhani, Kulfi, Rice, Lahori Chicken, Tandoori Roti","Mughlai, North Indian"
3841,"Beer, Nachos, Salsa, Cocktails, Pasta, Chicken Tikka, French Fries","Continental, North Indian, Chinese"
3842,"Mutton Biryani","Mangalorean, Chinese, North Indian, Biryani"
3843,"Cocktails, Salmon Sushi, Jumbo Prawns, Chocolate Cake, Mocktails, Pad Thai Noodle, Sushi Platter","Japanese, Thai, Chinese, Korean"
3844,"Rolls, Fries, Egg Roll","Rolls, Chinese"
3845,"\N","South Indian, Ice Cream"
3846,"Mutton Curry","North Indian"
3847,"Sandwiches, Cheesecake, Tiramisu, Blueberry Cake, Hot Chocolate, Red Velvet Cake, Brownie","Cafe, Bakery"
3848,"Hot Chocolate, Coffee, Cappuccino, Croissant, Cheesecake, Carrot Cake, Sourdough Bread","Bakery, Desserts"
3849,"Rasmalai, Pizza, Fish, Gulab Jamun, Mutton Curry, Salads, Virgin Mojito","Chinese, Continental, North Indian, South Indian, Arabian"
3850,"Fries, Burgers, Peri Peri Potato Wedge, Pasta Arrabiata, Cappuccino, Nachos, Pesto Pasta","Cafe, Continental, Italian"
3851,"Cheese Balls, French Fries, Sandwich, Oreo Ice Cream","Desserts, Ice Cream"
3852,"\N","South Indian, Chinese, North Indian, Desserts, Continental"
3853,"\N","Cafe, Continental, Tea"
3854,"Mutton Curry, Kulcha, Biryani, Chicken Curry","Chinese, North Indian, Rajasthani, Gujarati, Fast Food, Afghan"
3855,"\N","Chinese, South Indian, North Indian"
3856,"\N","Andhra, North Indian, South Indian"
3857,"Mocktails, Burgers, Pavbhaji Pizza, Paneer Tikka, Sandwiches, Pasta, Salad","North Indian, Continental, Italian, Cafe, Pizza, Finger Food"
3858,"Chicken Tikka, Cocktails, Draught Beer, Pizza, Beef Chilli, Cheese Chilli Toast, Calamari","Finger Food, Salad, Chinese, Continental"
3859,"Chocolate Devotion, Brownie, Salted Caramel","Ice Cream, Desserts"
3860,"Kaju Barfi","Mithai, Street Food"
3861,"\N","Cafe, Continental, American"
3862,"Noodles, Chicken Noodle, Chop Suey, Chowmein, Rolls, Clear Soup, Chinese Bhel","North Indian, Chinese, Thai, Momos"
3863,"Shawarma, Chicken Shawarama, Falafel Wrap, Lemonade","Lebanese"
3864,"Mocktails, Brownie, Sangria, Cocktail Prawn, Spring Roll, Roti, Ice Cream Sizzler","Continental, Chinese, North Indian"
3865,"Egg Biryani, Dum Ka Chicken, Roti, Butter Chicken, Fried Fish, Butter Naan, Mutton Biryani","South Indian, Biryani"
3866,"Gulab Jamun","Biryani, North Indian, Andhra"
3867,"Butter Chicken, Dal Makhani, Malai Kofta","North Indian, Chinese, Seafood"
3868,"\N","North Indian, Chinese, Mithai"
3869,"Ghee Rice, Biryani, Brain Pepper Fry, Chicken Kebab, Chicken Grill, Grape Juice, Kerala Parotta","North Indian, Chinese, Mughlai, Seafood"
3870,"Beer, Sandwiches, Burgers, Lamb Burger, Fish, Chicken Pepper Steak, Club Sandwich","Continental"
3871,"Momos, Shanghai Chicken","Chinese, Thai, Momos"
3872,"\N","Chinese, Fast Food, Italian"
3873,"Banana Cake, Ginger Tea, Samosa, Masala Chai, Saffron Chai, Banana Walnut, Ginger Chai","Cafe, Tea, Beverages, Fast Food"
3874,"\N","Sandwich, Rolls"
3875,"Noodles, Chilli Chicken, Cocktails, Spicy Chicken Bangkok Bowl, Tempura Prawns, Pad Thai, Khao Suey","Asian, Thai, Chinese, BBQ, Momos"
3876,"Gulab Jamun, Jalebi, Samosa, Chole, Sev Puri, Rasgulla, Masala Poori","Street Food, Mithai"
3877,"Banana Leaf Meal","South Indian"
3878,"Salad, Sandwich","Healthy Food, Salad, Fast Food"
3879,"Rice Bowl, Sandwich, Sandwiches, Chicken Grill","Healthy Food, Beverages"
3880,"\N","Cafe, Bakery, Italian"
3881,"Bang Bang Chicken, Cocktails, Vegetable Biryani, Craft Beer, Stout, Cosmopolitan, Mocktails","Continental, Finger Food, Pizza"
3882,"\N","North Indian, Andhra"
3883,"\N","Burger, Salad, Continental"
3884,"Beer, Tandoori Chicken, Dahi Kebab, Paneer Tikka, Dal Makhani, Mocktails, Butter Chicken","North Indian"
3885,"Garlic Bread, Peri Peri Chicken, Burgers, Chicken Grill, Chicken Wings, Peri Fries, Mocktails","African, Burger, Desserts, Beverages, Fast Food"
3886,"\N","BBQ, Mughlai"
3887,"\N","North Indian, South Indian, Andhra, Mughlai"
3888,"Fried Cheese, French Fries, Maggi, Thick Shakes, Chilli Cheese Fries, Tea","Fast Food, Beverages"
3889,"Manchurian, Noodles","North Indian, Chinese"
3890,"Burgers, Pasta Arrabiata, Ferrero Rocher Milkshake, Veg Pattice, Pesto Pasta, Rolls, Salads","Cafe, American, Burger, Steak"
3891,"Salad, Salads, Sandwiches","Salad, Fast Food"
3892,"Sandwiches, Burgers, Coffee, Ginger Tea, Red Velvet, Chicken Penne, White Sauce Pasta","Cafe, Desserts"
3893,"Roti, Rolls, Paratha, Chicken Roll","Andhra, Chinese, North Indian, South Indian"
3894,"\N","Seafood, BBQ, Burger, Biryani"
3895,"Lassi, Jeera Rice, Hariyali Kebab, Dal Fry, Chicken Lollipop, Chicken Rara, Dahi Ke Sholey","North Indian"
3896,"Maki Roll, Jumbo Prawns, Fish, Rolls, Sashimi, Miso Soup, Maki Sushi","Japanese"
3897,"Cup Cake, Chocolate Truffle, Brownie, Cake Pops, Cheesecake","Bakery, Desserts"
3898,"Tandoori Chicken, Mutton Biryani, Sea Food, Hyderabadi Style Biryani, Chicken Biryani, Mutton Haleem, Fish","North Indian, Biryani"
3899,"Ghee Rice, Biryani, Chicken Kebab, Mutton Seekh, Paratha","North Indian, Chinese"
3900,"Chicken Biryani, Dal Makhani, Bamboo Biryani, Garlic Naan","North Indian, Mughlai, Chinese, South Indian"
3901,"\N","North Indian, Tea, Fast Food"
3902,"Cocktails, Fish, Momos, Mocktails, Seafood Risotto, Pizza, Chicken Lollipop","Cafe, American, Asian, North Indian"
3903,"\N","Cafe, Continental, Tea, Beverages, Desserts"
3904,"Dal Makhani, Gulab Jamun, Lassi, Thali, Masala Chaach, Rice, Raita","North Indian"
3905,"Coffee, Fries, Sandwich, Pizza, Pancakes, Pasta, Hot Chocolate","Cafe"
3906,"\N","North Indian, Mughlai, Chinese, South Indian, Mangalorean"
3907,"Macaroon, Mousse, Caramel Eclair","Bakery, French, Desserts"
3908,"\N","North Indian, South Indian, Chinese, Beverages, Fast Food"
3909,"Appam, Buttermilk, Fry Prawns, Roast Beef, Masala Prawn, Chicken Stew, Murgh Ghee Roast","South Indian, Kerala, Seafood"
3910,"Irish Coffee, Eggless Cake","Bakery, Desserts"
3911,"Dragon Chicken, Chicken Lollipop, Chop Suey","Chinese, Thai"
3912,"Gajar Ka Halwa, Hara Bhara Kebab, Custard, Brownie, Pasta, Sev Puri, Paan Ice Cream","North Indian, Italian"
3913,"Aloo Paratha","North Indian, Chinese, Rolls, Biryani, Kebab"
3914,"\N","Momos, Tibetan, Chinese"
3915,"Cocktails, Cajun Chicken, Beer, Salads, Chilli Babycorn, Chicken Tacos, Murgh Platter","South American, Continental, Italian"
3916,"Rolls, Mutton Biryani, Jumbo Chicken Roll, Butter Chicken, Kheer, Tangdi Kabab, Tandoori Chicken","North Indian, Mughlai, Rolls, Fast Food"
3917,"Burgers, Buffalo Wings, Chicken Wings, Nachos, Chicken Sizzler, Beer, Chicken Steak","American, Mexican, Italian, Steak"
3918,"Ambur Biryani, Vegetable Biryani","Biryani, North Indian"
3919,"\N","Roast Chicken, Burger"
3920,"Ginger Tea, Poha, Ginger Chai, Paratha, Chaai, Sandwiches, Elaichi Tea","Cafe, Fast Food, Beverages"
3921,"Coffee, Idli, Masala Dosa, Burgers","South Indian, Fast Food"
3922,"Chicken Fry, Masala Prawn","Andhra, South Indian, Biryani"
3923,"Vada, Coffee, Breakfast Buffet, Thali, Idli, Onion Rava Masala Dosa, Pongal","South Indian, North Indian"
3924,"Falafel Wrap, Salads, Brownie Fudge, Fattoush Salad, Chicken Wings, Pita Bread, Paneer Wrap","Mediterranean, Middle Eastern, Wraps, Rolls"
3925,"Roti, Thali, Paratha","North Indian"
3926,"Appam, Chicken Biryani, Kizhi Biryani, Kuluki Sarbat, Panneer Butter Masala, Meen Pollichathu, Vellarikka Pattanam","Kerala, North Indian"
3927,"\N","North Indian, South Indian, Oriya"
3928,"Cup Cake, Truffle, Raspberry Cheesecake, Burgers, Blueberry Cheesecake, Chocolate Chocochip, Chocolate Crunch","Desserts, Bakery"
3929,"\N","Tibetan, Asian, Momos"
3930,"Hazelnut Cappuccino, Pancakes, Nutella Shake, Chocolate Icecreams, Butter Chicken, Vanilla Ice Cream, Hibiscus Tea","Desserts, Fast Food"
3931,"\N","Finger Food, Continental, North Indian, Pizza, Burger"
3932,"\N","Healthy Food, Beverages, Cafe"
3933,"Noodles","Chinese"
3934,"Noodles, Cocktails, Nasi Goreng, Apple Fritters, Nalli Nihari, Panna Cotta, Vanilla Ice Cream","Asian, Thai, North Indian"
3935,"Beef Fry, Fish Fry, Appam, Masala Prawn, Egg Roast, Chicken Curry, Biryani","Kerala, South Indian, Seafood, Biryani"
3936,"Roast Chicken","Kerala, Chinese"
3937,"Butter Chicken, Andhra Meal, Murgh Ghee Roast, Vegetable Biryani, Butter Naan, Roti, Hyderabadi Chicken Biryani","North Indian, Chinese, Andhra"
3938,"Rolls, Chicken Roll, Paneer Roll, Pasta","Fast Food"
3939,"\N","Seafood, Biryani, South Indian, North Indian, Rolls"
3940,"\N","Burger, Fast Food, Healthy Food, Beverages"
3941,"\N","Chinese, Beverages"
3942,"Chocolate Fudge, Chocolate Shake, Bubble Gum Shake, Hot Chocolate, Belgian Waffles, Mango Milkshake","Beverages, Desserts"
3943,"Butter Chicken, Mocktails, Pizza, Virgin Mojito, Nachos, Cocktails, Egg Chilli","Continental, North Indian, Chinese"
3944,"Waffles, Liege Waffle, Salted Caramel Ice Cream, Ice Cream Sandwiches, Ice Cream Sandwich","Desserts, Ice Cream"
3945,"Salads, Chicken Bbq Wings, Sandwiches, Pasta, Biryani, Cocktails, Popcorn","Chinese, Continental, North Indian"
3946,"Salted Caramel, Pie","Cafe, Desserts, Beverages"
3947,"Coffee, Pasta, Fish","Cafe"
3948,"Paneer Biryani, Vegetable Biryani, Chicken Boneless Biryani","North Indian"
3949,"\N","Cafe, Fast Food, Pizza, Burger, Beverages"
3950,"Vada, Coffee, Idli, Tea, Masala Dosa, Onion Dosa, Podi Dosa","South Indian, Fast Food, Chinese, North Indian, Street Food"
3951,"Eggless Cake, Choco Mocha, Choco Almond, Blueberry Cake, Chocolate Cake, Choco Strawberry","Bakery, Desserts"
3952,"Paneer Biryani","Biryani, Chinese, Fast Food"
3953,"\N","Fast Food, Salad, Desserts"
3954,"\N","Italian, Mexican, Burger, Fast Food"
3955,"Raita, Lassi, Appam, Halwa","South Indian"
3956,"Tender Coconut Ice Cream","Ice Cream, Desserts"
3957,"Noodles, Chicken Dum Biryani, Boneless Biryani, Vegetable Biryani, Lassi, Dal Tadka, Tandoori Chicken","Biryani, Andhra, North Indian, Chinese"
3958,"Momos, Chocolate Bar, Fish, Sweet Potato Fries, Dumplings, Rice Noodles, Paneer Bao","Asian, Chinese, Momos, Fast Food, Indonesian, Korean"
3959,"\N","Bengali, Biryani, North Indian, Chinese, Fast Food"
3960,"Coffee, Tomato Soup, Thali, Vada Sambar, Biryani","South Indian, North Indian, Chinese"
3961,"Kulcha, Panneer Butter Masala, Paneer Methi Malai, Roti, Tangdi Kabab, Dal Makhani, Tomato Chicken","North Indian"
3962,"Indori Poha","Street Food"
3963,"Chicken Biryani, Vegetable Biryani, Hyderabadi Biryani, Mutton Biryani, Paneer Biryani, Chicken Guntur, Tandoori Chicken","Biryani, North Indian, Chinese"
3964,"Pasta, Chocolate Truffle, Burgers, Blueberry Cheesecake","Bakery, Desserts"
3965,"\N","Continental, Asian, North Indian, Tea"
3966,"Salads, Fish","Chinese, North Indian, Salad, Fast Food"
3967,"\N","Asian, Continental, Healthy Food"
3968,"Ginger Tea, Paratha, Poha, Chai, Chaai","Cafe, Tea, Beverages"
3969,"Wheat Beer, Risotto, Craft Beer, Caesar Salad, Pizza, Biryani, Cheesy Garlic Bread","Continental, European, BBQ, Chinese, Asian"
3970,"Chaat, Pav Bhaji, Pakoda, Phirni, Veg Buffet, Jalebi, Gulab Jamun","Rajasthani, Gujarati, North Indian, South Indian"
3971,"\N","Fast Food, Street Food, Desserts, Beverages"
3972,"Pasta, Burgers, Fries, Nachos, Exotic Garlic Bread, Pizza, Thick Shakes","Fast Food, Beverages"
3973,"Burgers, Fries, Hot Dog, Chicken Hotdog, Cuban Mojito, Cheese Burger, Grilled Burger","Cafe, Burger, Beverages"
3974,"\N","South Indian, Andhra, Chinese"
3975,"Coffee, Vada, Curd Rice, Ghee Roast Paneer, Thali","South Indian, North Indian, Chinese"
3976,"\N","South Indian, Arabian, Chinese, North Indian, Seafood, Mangalorean"
3977,"Butter Chicken, Kadhai Paneer, Tawa Chicken, Murgh Lababdar, Dal Makhani, Vegetable Biryani, Palak Paneer","North Indian, Mughlai"
3978,"Liti Chokha, Noodles, Litti, Paratha, Pav Bhaji","North Indian, Street Food, Chinese, Fast Food"
3979,"\N","American, European, Healthy Food"
3980,"Roti, Chicken Kebab, Panneer Butter Masala, Ghee Rice, Butter Naan, Biryani, Jeera Rice","Chinese, North Indian"
3981,"Thali, Lassi, Dal Bati Churma, Paratha, Buttermilk, Paneer Malai Kofta, Dal Tadka","North Indian, Chinese"
3982,"Bang Bang Chicken, Cocktails, Vegetable Biryani, Craft Beer, Stout, Cosmopolitan, Sandwich","Continental, Finger Food, Pizza"
3983,"Rolls, Ice Cream Roll","Ice Cream, Desserts"
3984,"Potato Mash, Sizzler Brownie, Steak, Pasta, Caramel Custard, Spicy Chicken Sizzler, Spaghetti","American, Continental, Fast Food, Steak"
3985,"Butter Chicken, Dal Makhani, Chicken Curry, Tandoori Chicken, Mix Veg, Biryani, Naan","North Indian"
3986,"Cocktails, Peri Peri Wings, Brownie, Pizza, Burgers, Mezze Platter, Fries","Mediterranean, Italian, Asian"
3987,"Lunch Buffet, Chicken Biryani","Italian, Mexican, Mediterranean, North Indian, Continental"
3988,"Raita, Sarson Ka Saag, Sarso Da Saag, Paneer Tikka Masala, Makke Ki Roti, Chole, Dal Fry","North Indian, Biryani"
3989,"\N","Continental, North Indian, Mexican"
3990,"Gulab Jamun, Chicken Guntur, Mushroom Biryani, Chicken Kolhapuri, Paneer Biryani, Chicken Biryani","Biryani, Kebab, Fast Food"
3991,"Masala Dosa, Vada","Chinese, North Indian, South Indian"
3992,"Falafel, Lamb Kebab, Rolls, Fattoush, Teriyaki Chicken, Fries, Shawarma","Turkish, Rolls"
3993,"\N","Arabian, Middle Eastern, Rolls, Biryani, Charcoal Chicken"
3994,"\N","Sandwich, Juices, Burger"
3995,"Mutton Biryani, Thali","North Indian, Biryani"
3996,"Vegetable Biryani, Chicken Wings, Chicken Biryani","North Indian, Chinese"
3997,"Sunday Brunch, Tea, Salads, Vegetable Biryani, Momos, Pasta, Wine","North Indian, Asian, Continental"
3998,"Noodles, Honey Chilli Chicken, Crispy Chilli Chicken","Chinese"
3999,"Tacos, Nachos, Tikka Masala Burrito, Chicken Quesadilla, Salsa, Mexican Fries, Paneer Taco","Mexican, American, Fast Food"
4000,"Thick Shakes, Chocolate Hazelnut Shake, Oreo Shake","Desserts, Beverages, Ice Cream"
4001,"Ambur Biryani, Mutton Biryani, Raita","Biryani, Kebab"
4002,"\N","North Indian, Italian, Chinese"
4003,"Filter Coffee, Deluxe Thali, Jolada Rotti, Ghee Roast Dosa, Pongal, Idiyappam, Akki Rottis","South Indian"
4004,"Rasmalai, Pizza, Fish, Mutton Curry, Salads, Virgin Mojito, Noodles","Chinese, Continental, North Indian, South Indian, Arabian"
4005,"Tiramisu Ice Cream, Chocolate Overload, Paneer Tikka Pizza, Hot Chocolate, Chicken Chilli Pizza, Mango Tango, Chocolate Lava","Ice Cream, Cafe, Beverages, Burger, Desserts, Pizza"
4006,"Cup Cake, Cheesecake, Belgian Chocolate Cake, Chocolate Raspberry Cake, Blueberry Cheese Cake","Bakery"
4007,"\N","Biryani, Mughlai, Chinese"
4008,"Prompt Service","Pizza"
4009,"Sweet Pongal, Mini Idlis, Filter Coffee, Open Masala Dosa, Pakoda, Vada, Raagi Dosa","South Indian"
4010,"Sugarcane Juice, Popcorn","Juices"
4011,"Pizza, Burgers","Fast Food, Pizza"
4012,"\N","Chinese, North Indian, Biryani, Arabian"
4013,"Lassi, Shikanji, Butter Chicken, Dal Makhani, Makke Ki Roti, Paneer Punjabi, Chicken Curry","North Indian"
4014,"Thin Crust Pizza","Chinese, Fast Food, Cafe, Street Food, Finger Food"
4015,"Chocolate Sundae, Gelato Ice Cream, Tiramisu, Chocolate Truffle, Coffee","Ice Cream, Desserts"
4016,"Healthy Breakfast, Burgers, Omelette, English Breakfast, Sandwiches, Pancakes, Crepe","Cafe, Continental, American, Italian"
4017,"\N","Continental, Burger, Salad, Pizza, Beverages"
4018,"Poha, Momos, Chai, Pasta, Tea, Pancakes, Chicken Sandwich","Cafe, Continental"
4019,"Tea, Waffles, Pasta, Spaghetti, Sandwiches, Ratatouille, Nutella Waffle","Cafe, Tea, Continental, Mediterranean, Italian, Desserts, Beverages"
4020,"\N","Salad, Healthy Food, Fast Food"
4021,"Nolen Gurer Ice Cream, Paan Ice Cream, Nolen Gur, Gur Ice Cream, Tender Coconut Ice Cream","Ice Cream, Desserts"
4022,"Shawarma, Chicken Grill, Biryani","Chinese, North Indian"
4023,"Coffee, Hot Chocolate, Chocolate Muffin, Cappuccino, Sandwiches, Latte, Croissants","Cafe, Desserts"
4024,"Kheer, Dum Aloo Kashmiri, Lunch Thali, Dahipuri, Tandoori Mushrooms, Buttermilk, Lassi","North Indian"
4025,"Lassi, Veg Thali, Roti, Aloo Paratha, Egg Curry","North Indian"
4026,"\N","Fast Food, Pizza, Sandwich"
4027,"Chaat, Bombay Bhel, Pav Bhaji","South Indian, Chinese, North Indian"
4028,"\N","Beverages, Fast Food, Juices"
4029,"Momos, Rolls, Paratha, Chaap","North Indian, Chinese, Fast Food"
4030,"Burgers, Chocolate Momos, Noodles, Cheese Momos","Chinese, Momos"
4031,"Vada","South Indian, Street Food, Chinese, Fast Food"
4032,"Mutton Curry, Lassi, Dal Makhani, Chicken Butter Masala, Pav Bhaji, Chicken Curry, Paneer Tikka","North Indian"
4033,"Paneer Tikka, Carrot Halwa, Rolls, Mutton Biryani, Chilli Chicken, Chicken Manchow Soup, Tom Yum Soup","Biryani, North Indian, Mughlai"
4034,"Vegetable Biryani, Paneer Tikka Masala, Butter Chicken, Faluda, Dal Makhani, Tandoori Chicken, Chicken Biryani","North Indian, Pizza, Fast Food"
4035,"Mutton Thali, Mutton Curry, Veg Thali","Oriya"
4036,"Bhaji Dosa","South Indian"
4037,"\N","South Indian, Rajasthani"
4038,"Burgers, Fries, Wood Fire Pizza, Nachos","Italian, American, Fast Food, Wraps, Rolls, Salad"
4039,"Momos, Shawarma, Chicken Shawarama","Sandwich, Fast Food, Momos"
4040,"Filter Coffee, Dal Tadka","South Indian, North Indian"
4041,"\N","Continental, Fast Food"
4042,"Samosa Chat, Tea, Aloo Samosa, Chai, Ginger Paneer, Burger Samosa, Chicken Kebab","Street Food, Beverages"
4043,"Mutton Biryani, Stuffed Mushroom, Onion Pakoda, French Fries, Paneer Pakora, Afghani Kebab","Finger Food"
4044,"Coffee, Peri Peri Fries, Hot Chocolate, Scrambled Eggs, Donut, Grilled Chicken Wrap, Ice Tea","Burger, Fast Food"
4045,"Chocolava Cake, Bruschettas, Chicken Keema, Lava Cake, Tikka, Thick Crust Pizza","Pizza"
4046,"Blueberry Cake","Bakery, Desserts"
4047,"Burgers, Steak, Pancakes, Beef Burger, Oreo Thick Shakes, Chicken Juicy Burger, Pasta","Continental, Burger, Cafe, Steak"
4048,"Pasta, Sandwiches, Ginger Tea, Salad, Sandwich","Cafe, Continental"
4049,"Noodles, Cocktails, Spicy Chicken Bangkok Bowl, Tempura Prawns, Pad Thai, Dumplings, Khao Suey","Asian, Thai, Chinese, BBQ, Momos"
4050,"\N","Continental, South Indian, North Indian, Arabian"
4051,"Noodles, Rice Paper Rolls, Prawn Dumplings, Vegetable Dimsums, Prawn Dim Sums, Rendang Chicken, Pad Thai","Chinese, Thai, Asian, Malaysian, Vietnamese, Sri Lankan, Burmese"
4052,"Rasmalai, Kaju Katli, Paratha, Pav Bhaji, Badam Milk, Rasgulla, Dhokla","Mithai, Street Food"
4053,"Salads, Sandwiches, Pasta, Mocktails, Corn Sandwich, Garden Salad, Miso Salad","Healthy Food, Beverages, Fast Food"
4054,"Faluda, Brownie Fudge, Waffles, Sandwich, Hot Chocolate Fudge, Crepe, Sandwiches","Ice Cream, Desserts, Beverages, Sandwich"
4055,"Burgers, Wings, Fries, Rice Bowl, Popcorn Chicken, Zinger Burger, Chicken Snacker","Burger, Fast Food"
4056,"Coffee, Masala Dosa, Curd Rice, Idli Vada","South Indian, North Indian, Chinese, Street Food"
4057,"Chop Suey, Spring Roll, Sweet Corn Soup, Chowmein, Basil Chicken, American Chopsuey, Diced Chicken","Chinese"
4058,"Chicken Curry, Jalebi, Pasta, Breakfast Buffet, Paratha, Fish, Mutton Sukha","North Indian, Asian, South Indian, Italian, European"
4059,"Sandwiches, Sandwich, Salads, Shahi Paneer","Sandwich, Pizza, Salad"
4060,"Mutton Biryani, Mutton Chops, Chicken Biryani, Chicken Fry, Paya, Mutton Fry, Chilli Chicken","South Indian, Biryani"
4061,"\N","Tamil, Fast Food"
4062,"\N","South Indian, Biryani, Seafood"
4063,"Dabeli, Vada Pav, Dhokla, Farsan, Samosa, Jalebi","Mithai, Street Food"
4064,"Donut, Coffee, Chocolate Dreamcake, Latte, Hot Chocolate, Cookie Crunch, Cappuccino","Desserts, Beverages"
4065,"Burgers, French Fries, Garlic Bread, Sandwiches, Cheesy Juicy Burger, Veg Burger","Burger, Sandwich, Beverages"
4066,"Dahi Vada, Rasgulla, Samosa","Mithai, Street Food"
4067,"Burgers, Mojito, Sea Food, Hot Dog, French Fries, Crab Burger, Peri Fries","Cafe, Burger, Beverages"
4068,"Chai, Lemon Tea, Ginger Tea, Rolls","Chinese, Fast Food"
4069,"Dj","North Indian, Continental, Chinese"
4070,"Beef Chilli, Salad, Cocktails, Pizza, Craft Beer, Potato Wedges, Mango Cider","Continental, Mediterranean, North Indian, Chinese, Finger Food"
4071,"Burgers, Mc Spicy Chicken, Chicken Burger, Maharaja Mac","Fast Food, Burger, Beverages, Cafe, Desserts"
4072,"Appletini, Wheat Beer, Lamb Tacos, Cocktails, Martini, Stout, Sangria","Modern Indian"
4073,"Cocktails, Chicken Satay, Nachos, Beer","Finger Food"
4074,"Ulvacharu Biryani, Gongura Biryani, Chicken Dum Biryani, Rice","Andhra, Biryani"
4075,"Breakfast Buffet, Cocktails, Noodles, Sunday Brunch, Mocktails, Veg Sushi, Pizza","Continental, North Indian, Japanese, Italian"
4076,"Biryani, Gulab Jamun, Naan","North Indian, Fast Food"
4077,"\N","North Indian, Chinese, Hyderabadi, Biryani"
4078,"Crispy Thread Paneer, Hakka Noodles, Momos, Clear Soup, Prawn, Mocktails, Chilli Chicken","Chinese, Momos"
4079,"Chicken Biryani, Hyderabadi Biryani, Butter Naan, Vegetable Biryani, Ulvacharu Biryani, Mutton Biryani, Raita","Andhra, Biryani, Chinese, Hyderabadi, North Indian, South Indian"
4080,"Biryani, Thali, Lemon Tea, Lassi, Coffee, Masala Paneer, Roti","Andhra, South Indian, North Indian, Biryani"
4081,"Cocktails, Mai Thai, Tiramisu Martini, Beer, Chilli Chicken, Beef Chilli, Long Island Iced Tea","Continental, North Indian, Chinese"
4082,"Paratha, Poha, Coffee, Chai, Sandwiches, Ginger Tea, Maggi","North Indian, Cafe, Fast Food, Beverages"
4083,"Lassi, French Fries, Cheese Balls, Paneer Pakora, Dal Makhani, Buttermilk, Masala Fries","North Indian"
4084,"\N","Andhra, Kerala, South Indian"
4085,"Naan, Sheermal, Phirni, Rasmalai, Chicken Tikka, Paneer Tikka, Galauti Kebab","Awadhi, Bengali, North Indian"
4086,"Salads, Breakfast Buffet, Rasmalai, Sunday Brunch, Omelette, Biryani, Pancakes","Continental, North Indian, Italian, Chinese"
4087,"Mutton Chops, Fish, Andhra Biryani, Thali, Hyderabadi Biryani, Chicken Biryani, Mutton Fry","North Indian"
4088,"\N","Bihari, North Indian, Chinese"
4089,"Chaat, Ginger Tea, Club Kachori, Samosa, Aloo Paratha, Dhokla, Thali","Street Food, Mithai, North Indian, Beverages, Desserts"
4090,"Naan, Pot Biryani, Chicken Guntur, Paneer Tikka, Tandoori Roti, Thali, Lassi","Andhra, South Indian, Chinese, North Indian"
4091,"\N","Continental, Burger, South Indian, Sandwich, Italian, Pizza, North Indian, Chinese"
4092,"\N","Seafood, Andhra"
4093,"Veg Thali, Salad","North Indian"
4094,"Momos, Salads, Lasagne, Risotto, Pesto Pasta, Pizza, Filter Coffee","Italian, American, Asian, Continental, Mexican, Momos"
4095,"Rolls, Beda Roti, Kathi Roll, Veggie Roll, Chicken Seekh Roll, Chicken Kalimirch, Mutton Kebab Roll","Fast Food, Rolls"
4096,"Chilli Chicken","North Indian, Chinese"
4097,"Mutton Biryani","Chettinad, South Indian"
4098,"Chicken Biryani","Chinese, North Indian"
4099,"Tandoori Chicken, Galauti Kebab, Mughlai Paratha, Kheer, Mutton Biryani, Rolls, Rumali Roti","Lucknowi, Mughlai"
4100,"Mojito, Beer, Cocktails, Chicken Wings, Nachos, Pasta, Potato Wedges","Continental, Chinese, North Indian"
4101,"Brownie Sundae, Nutella Waffle, Brownie Waffle, Choco Blast Waffles, Eggless Waffle, Chocolate Waffles, Crunchy Waffles","Desserts"
4102,"Masala Dosa, Pongal, Bisi Bele Bhaath, Curd Vadai, Rava Idli, Filter Coffee, Idli Vada","South Indian, Beverages"
4103,"Biryani, Pepper Chicken","North Indian, Mughlai, Chinese, Rolls"
4104,"Banana Cake, Ginger Tea, Masala Chai, Samosa, Ginger Chai, Poha, Egg Puff","Fast Food, Beverages"
4105,"Butter Chicken, Paneer Methi Malai, Lassi, Butter Naan, Sarso Da Saag, Paneer Punjabi, Tandoori Chicken","North Indian"
4106,"\N","South Indian, Chinese, Kebab"
4107,"\N","North Indian, South Indian, Fast Food, Momos"
4108,"\N","Kerala, Seafood, Biryani, South Indian"
4109,"\N","Street Food, Burger, Beverages, Fast Food, Sandwich, Finger Food"
4110,"\N","Biryani, Rolls, North Indian"
4111,"Rice, Mutton Biryani, Chicken Biryani, Haleem, Vegetable Biryani, Hyderabadi Biryani, Chicken Guntur","Biryani, North Indian"
4112,"Sea Food, Murgh Ghee Roast, Fish Fry, Neer Dosa, Bread Pudding, Caramel Custard, Crab Soup","Mangalorean, Seafood"
4113,"Egg Dosa","Chettinad"
4114,"Buttermilk, Pasta, Achari Mushroom, Paneer Tikka, Nachos, Noodles, Baked Nacho","North Indian, Continental, Mediterranean, Chinese"
4115,"Rolls, Paratha, Panneer Butter Masala","Chinese, Fast Food, North Indian, Rolls"
4116,"\N","Desserts, Fast Food, North Indian"
4117,"\N","Continental, Mughlai, North Indian, Chinese"
4118,"Burgers, Chicken Bbq Burger, Mojito, French Fries, Hot Dog, Lamb Burger, Paneer Burger","Cafe, Burger, Beverages"
4119,"Burgers","Burger, BBQ"
4120,"Waffles, Chocolate Coffee, Hot Chocolate, Caramel Coffee, Chocolate Overload, Banoffee Shake, Thick Shakes","Desserts, Beverages"
4121,"\N","Bakery, Sandwich, Juices"
4122,"\N","Kerala, North Indian, Chinese, Seafood"
4123,"Burgers, Waffles, Fries, Peri Peri Chicken Wings, Jumbo Royale Burger, Chicken Doner, Salad","Turkish, Arabian, Fast Food, Desserts, Healthy Food, Salad"
4124,"Barbeque Chicken Pizza, Paneer Pizza, Burgers, Crispy Chicken, Aglio Olio Pasta, Chicken Wings, Calzone","Cafe, Italian, Continental"
4125,"Andhra Meal, Cocktails, Chicken Biryani, Panneer Butter Masala, Mutton Biryani","Andhra, North Indian, Chinese"
4126,"Panipuri, Paratha, Badam Milk, Chaat, Chole Bhature, Raj Kachori, Rasmalai","Street Food, Mithai"
4127,"Burgers, Peri Peri Chicken Steak, Pasta, Pizza, Meat Balls, Hot Chocolate, Beef Burger","Cafe, Italian, Burger, American, Steak"
4128,"\N","Burger, Rolls, Sandwich, North Indian"
4129,"Rasgulla, Mutton Kosha, Fish, Chicken Curry, Egg Tadka, Mutton Curry, Prawn Curry","Oriya, North Indian, Bengali, Chinese"
4130,"Tandoori Chicken, Chicken Biryani, Paratha, Butter Chicken","North Indian, Biryani"
4131,"Rolls, Chicken Mayo, Bbq Chicken, Chocolate Fantasy, Paneer Roll, Fiery Paneer Tikka, Chicken Wrap","North Indian, Biryani, Fast Food"
4132,"Fish Curry, Fish Thali","Andhra, Chinese, North Indian, Seafood"
4133,"Mutton Biryani, Ghee Rice, Butter Chicken, Dal Tadka, Naan, Paya Soup, Bheja Fry","Biryani, North Indian, Mughlai"
4134,"Burgers, Fries, Mc Chicken, Mc Veggie Burger","Burger, Fast Food"
4135,"Shawarma","Arabian"
4136,"\N","Biryani, Chinese, Coffee, Desserts, Healthy Food, North Indian, South Indian"
4137,"Ambur Biryani, Mutton Biryani, Prawn, Raita, Brinjal Curry, Vegetable Biryani, Fish","Biryani, Kebab"
4138,"Butter Chicken, Mushroom Manchurian, Bhindi Fry","North Indian, Chinese"
4139,"Burgers, Orange Mojito, Pasta, Ferrero Rocher Shake, Cheese Burger, Coffee, Chaat","Cafe, American, Burger, Steak"
4140,"Garlic Bread, Salad, Salads, Pita Bread, Lamb Chops, Sea Food, Steak","Mediterranean, Continental, Italian, Salad"
4141,"Pasta, Cocktails, Pizza, Paneer Tikka, Mocktails, Fish, Fries","Finger Food, Continental, North Indian, Chinese"
4142,"\N","North Indian, South Indian, Mughlai, Andhra, Biryani, Chinese"
4143,"Panneer Butter Masala, Mocktails, Chicken Tikka, Dal Makhani, Salads, Chaat, Jalebi","North Indian, Mughlai"
4144,"Luchi, Fish Fry","Bengali"
4145,"Roast Pork, Biryani, Pork Ribs, Manchow Soup, Butter Garlic Prawns, Crispy Honey Chilli Chicken, Wonton Soup","Chinese"
4146,"Mutton Biryani, Nalli Nihari, Patthar Ka Gosht, Phirni, Paya Soup, Hyderabadi Biryani, Chicken Nihari","Mughlai, Biryani"
4147,"Coffee, Hot Chocolate, Sandwich, Shakshouka","Cafe, Continental, Desserts"
4148,"Pizza, Garlic Bread, Chocolava Cake","Pizza, Fast Food"
4149,"\N","North Indian, Fast Food, Burger, Momos"
4150,"Thali, Rolls, Rasgulla, Aloo Posto, Biryani, Mutton Kasha, Paratha","Bengali, North Indian, Chinese, Rolls"
4151,"Noodles, Manchow Soup, Chicken Lollipop, Momos, Chop Suey","Chinese"
4152,"Biryani, Rumali Roti, Chicken Noodle","North Indian, Chinese"
4153,"Lassi, Soya Chaap, Tandoori Chaap, Malai Chaap, Biryani, Laccha Paratha, Gulab Jamun","North Indian, Rolls"
4154,"Poha, Masala Tea, Hot Chocolate, Gulkand Chai, Dabeli, Iced Peach Tea, Bun Maskas","Cafe, Tea, North Indian"
4155,"Tandoori Chicken, Masala Tikka","North Indian, Chinese"
4156,"Sea Food, Ghee Rice, Hyderabadi Mutton Biryani, Chicken Biryani, Shawarma, Chicken Grill, Crispy Chicken","North Indian, Mughlai"
4157,"Sea Food, Biryani, Chilli Chicken, Neer Dosa, Curd Rice","North Indian, Chinese, Continental"
4158,"Lassi, Dal Makhani, Ajwaini Paratha, Mushroom Masala, Roti, Shahi Tukda, Shahi Paneer","North Indian, Chinese, Juices"
4159,"\N","Andhra, Hyderabadi, Biryani"
4160,"Paan Shot, Butter Chicken, Paratha, Veg Platter, Dal Makhani, Aam Panna, Multani Paneer Tikka","North Indian"
4161,"Chole Bhature, Paratha","North Indian"
4162,"Jumbo Prawns, Tai Pai Chicken, Singapore Noodles, Wine, Chilli Chicken, Cocktails, Chicken Dim Sum","Chinese"
4163,"Sea Food, Murgh Ghee Roast, Chicken Handi","Chinese, North Indian, Mangalorean"
4164,"Hot Chocolate Fudge, Fudge Cake, Apple Pie, Thick Shakes","Ice Cream, Desserts"
4165,"Tikka","Finger Food"
4166,"Chaat, Raj Kachori","North Indian"
4167,"Lassi, Dahi Vada, Aamras, Daal Baati Churma, Veg Thali, Malpua, Kadhi","North Indian"
4168,"Pasta, Appam, Pizza, Pancakes, Chaat, Fish, Masoor Dal","American, Continental, North Indian, South Indian"
4169,"Gajar Ka Halwa, Jalebi Rabri, Aamras, Pongal, Salads, Lauki Ka Halwa, Pasta","North Indian, South Indian"
4170,"Noodles, Garlic Butter Noodle, Momos, Chicken Soup, Mocktails, Vanilla Ice Cream, Jasmine Tea","Chinese, Momos"
4171,"Bhatti Chicken, Chole, Shahi Tukda","North Indian, Chinese"
4172,"Chicken Chettinad, Vegetable Stew, Lobster, Kulfi, Chicken Curry, Butter Naan, Papdi Chaat","North Indian, South Indian"
4173,"\N","Biryani, Chinese, Rolls"
4174,"Biryani, Murgh Ghee Roast, Cocktails","Andhra, Continental, Chinese"
76,"Thali, Mutton Fry, Mutton Biryani, Chicken Biryani, Andhra Meal, Chilli Chicken, Vegetable Biryani","Andhra"
77,"Bhindi Fry, Paneer Biryani, Bamboo Chicken, Vegetable Biryani, Mushroom Biryani, Sweet Corn Soup, Butter Naan","Andhra, Biryani, North Indian, Chinese"
78,"Nachos, Cocktails, Chicken Tikka, Nasi Goreng, Pav Bhaji Fondue, Tiramisu, Samosa","Modern Indian"
79,"Vada, Filter Coffee","South Indian"
80,"Aam Panna, Pasta, Chinese Bhel, Biryani, Paneer Tikka, Veg Pulao, Pav Bhaji","Continental, Biryani, Desserts, Italian, North Indian, Chinese, Modern Indian, Asian"
81,"Sandwiches, Sandwich","Desserts, Ice Cream, Beverages, Sandwich"
101,"Mutton Biryani, Drunken Chicken, Chicken Biryani, Beer, Pasta, Cocktails, Onion Rings","Continental, Finger Food, North Indian, Chinese"
102,"Momos, Mushroom Bruschettas, Jalapeno Cheeseballs, Pasta, Red Velvet Shake, Red Velvet Milkshake, Maggi","Cafe, Fast Food, Continental, Chinese, Momos"
103,"\N","Rolls, Chinese, Fast Food"
104,"Noodles","Bengali, North Indian, Chinese"
105,"Butter Chicken, Shawarma, Chicken Masala, Chicken Shawarama, Chicken Curry, Hot Wings, Butter Naan","Arabian, North Indian, Seafood, Chinese, Biryani"
106,"Sea Food, Chicken Biryani, Omelette, Masala Prawn, Fish Curry Rice, Buttermilk, Murgh Ghee Roast","Seafood, North Indian, Chinese"
107,"Chicken Wrap, Veggie Wrap, Paratha, Chicken Meatballs","North Indian, Biryani, Fast Food"
108,"Paratha, Dal Makhani, Biryani, Gulab Jamun, Salad, Sandwiches, Brownie Chocolate","North Indian, Mughlai, Fast Food"
109,"Chicken Biryani","North Indian, Chinese, Biryani"
110,"Shawarma, Appam, Tea, Chai, Thalassery Biryani, Chicken Grill, Vegetable Stew","Seafood, Biryani, South Indian, North Indian, Chinese, Arabian, Kebab, Kerala"
111,"Salads, Salad, Sandwich, Chicken Ham, Roast Chicken Sub","Salad, Fast Food"
112,"Kaaram Biryani","Andhra, Biryani"
113,"\N","South Indian, Biryani, Chettinad, Juices"
114,"\N","Continental, Beverages"
115,"Pizza, Cheesy Fries, Tiramisu, Ravioli Pasta, Salads, Cocktails, Burgers","Cafe, Italian, American"
116,"Kadai Paneer, Kulfi, Kadhai Paneer, Dahi Kebab, Butter Chicken, Murgh Lababdar, Lunch Buffet","North Indian"
117,"Pasta, Salads, Masala Chai, Brownie, Wine Sauteed Mushrooms, Salad, Apple Pie","Desserts, Asian, Beverages"
118,"Burgers, Ginger Tea, Sandwich, Protein Shake, Chai, Sandwiches, Fries","Cafe, Beverages"
119,"Vada, Kesari Bath, Idli, Coffee, Benne Masala Dosa, Kharabath, Tea","South Indian"
120,"Corn Soup, Chilli Garlic Noodles, Clear Soup, Veg Manchow Soup, Drums Of Heaven, Hunan Chicken, Momos","Chinese, Thai, Momos, Vietnamese"
121,"Butter Chicken, Shawarma Roll, Chicken Shawarama, Rolls, Chicken Grill, Al Faham Chicken, Roti","North Indian, Chinese"
122,"Liege Waffle, Hot Chocolate, Vanilla Ice Cream, Chocolate Waffles, Chocolate Drink, Crunchy Waffles, Chocolate Icecreams","Desserts, Belgian, Beverages"
123,"Cocktails, Badam Milk, Mutton Liver Fry, Paan Mojito, Neer Dosa, Veg Thali, Mocktails","Seafood, South Indian, Bar Food, Mangalorean, Konkan"
124,"Panneer Butter Masala, Dal Fry, Butter Kulcha, Shahi Paneer, Paneer Tikka, Roti, Vegetable Biryani","Desserts, North Indian, Chinese"
242,"Chocolate Momos, Thukpa, Momo Burger, Chicken Momo","Chinese, Momos"
243,"Burgers, Pasta, Chicken Sandwich, Chocolate Cake","Continental"
244,"Chicken Biryani, Hyderabadi Biryani","Hyderabadi, Andhra, Chinese, Biryani"
245,"\N","Street Food, Chinese, Fast Food"
246,"Cocktails, Mocktails, Pizza, Sweet Yogurt, Jujeh Kabab, Karela Chaat, Nachos","Asian, Continental, European, North Indian"
247,"Paneer Manchurian","North Indian, Biryani"
248,"\N","South Indian, Fast Food, Beverages"
249,"Butter Chicken, Noodles, Thali, Biryani","North Indian, Chinese, Biryani, Rolls"
250,"\N","Biryani, Rolls, Chinese"
251,"Pav Bhaji, Masala Dosa, Idli Vada, Filter Coffee, Pongal, Curd Rice, Kesari Bath","South Indian, North Indian, Chinese, Street Food"
252,"Fish Curry","Seafood, BBQ, Biryani"
253,"Lassi, Raita, Chole, Dal Makhani, Gulab Jamun, Buttermilk","North Indian"
254,"Dhokla, Tea, Lassi, Tiranga Paratha, Sandwich, Pizza Parantha, Rasgulla","North Indian"
255,"Chicken Noodle, Rice Noodles, Dragon Rolls, American Chopsuey, Fried Rice Chicken, Chowmein, Clear Chicken Soup","Chinese, Asian, American, Seafood"
256,"Masala Dosa, Filter Coffee, Ghee Rice, Tea","South Indian, Chinese, North Indian"
257,"Butter Chicken, Tawa Chicken, Kadhai Paneer, Chicken Curry, Murgh Lababdar, Vegetable Biryani, Dal Makhani","North Indian, Mughlai"
258,"Gulab Jamun, Vegetable Biryani, Paneer Biryani, Veg Starter, Subz Biryani, Buttermilk","Biryani"
259,"\N","North Indian, Chinese, Kebab, Biryani"
260,"Chocolate Waffles, Hot Chocolate, Vanilla Ice Cream, Nutella Waffle, Thick Shakes, Kit Kat Shake, Banana Caramel","Desserts, Beverages"
261,"Rasmalai, Salads, Breakfast Buffet, Pasta, Beer, Fish, Paratha","Italian, North Indian, Continental, BBQ"
262,"Coffee, French Fries, Hash Brown, Cappuccino, Maharaja Mac, Wings, Tea","Burger, Fast Food"
263,"Hyderabadi Chicken, Chicken Biryani, Hyderabadi Biryani, Andhra Biryani","Andhra, North Indian, Biryani"
264,"Chicken Biryani, Mutton Biryani, Vegetable Biryani, Mutton Seekh Kebab, Hyderabadi Dum Biryani, Chicken Tenders, Egg Biryani","Biryani, North Indian, Kebab"
265,"Veg Buffet, Salad, Pasta, Chaat, Noodle, Paneer Tikka, Momos","North Indian, South Indian"
266,"Faluda, Sweet Lassi, Mango Lassi, Chocolate Fudge, Fruit Salad","Beverages, Desserts"
267,"Sea Food, Appam, Creme Brulee, Fry Prawns, Dal Fry, Chicken Curry, Fish","Mangalorean, Seafood, Chinese, North Indian"
268,"\N","Beverages, Juices, Finger Food"
269,"Neer Dosa, Sea Food, Roast Pork, Fish, Murgh Ghee Roast, Biryani, Prawn Ghee Roast","Konkan, Mangalorean, Seafood"
270,"Peri Peri Chicken Burger, Cocktails, Pasta, Brownie, Mocktails, Chicken Fingers, Jalapeno Poppers","North Indian, Chinese, Continental, Italian"
271,"Pizza, Momos, Pasta, Brownie, Nachos, Waffles, Onion Rings","Asian, Chinese, Continental, Italian"
272,"Biryani","Biryani, Chinese, Andhra"
273,"Chicken Seekh, Mutton Samosa, Veg Samosa, Chicken Cutlet, Naan, Chicken Puff, Chicken Roll","Bakery, Fast Food"
274,"Chicken Gimbap, Sushi, Kimchi, Bulgogi, Beef Bibimbap, Sea Food, Wine","Korean"
275,"Sandwiches, Salad, Pasta, Beef Burger, Hot Chocolate, Chicken Schnitzel, Chicken Sandwich","Cafe"
276,"Wheat Beer, Cocktails, Singapore Noodles, Mushroom Dumpling, Dumplings, Spring Roll, Pork Ribs","Asian"
277,"Cheesy Pizza, Cheese Pasta, Brownie Milkshake, Peri Peri Chicken, Steak, Nachos, Omelette","Cafe, Continental"
278,"\N","Turkish, Fast Food, Biryani, Chinese"
279,"Garlic Bread, Chocolava, House Pizza, Spicy Paneer Pizza","Pizza"
280,"\N","South Indian, Burger, Fast Food"
281,"Burgers","Beverages, Fast Food"
282,"Masala Dosa, Filter Coffee, Tea, Onion Dosa, Vada Sambar, Badam Milk, Badam Halwa","South Indian"
283,"Chaat, Thali, Chole Bhature, Kulfi, Paneer Tikka, Lassi, Badam Milk","North Indian, Fast Food"
284,"Appam, Prawn, Vegetable Stew, Fish, Banana Dosa, Veg Thali, Paratha","South Indian"
579,"Filter Coffee, Masala Dosa, Upma, Aloo Palya, Crispy Vada, Kharabath, Idli Vada","South Indian"
580,"Shawarma, Appam, Chai, Tea, Thalassery Biryani, Chicken Grill, Vegetable Stew","Seafood, Biryani, South Indian, North Indian, Chinese, Arabian, Kebab, Kerala"
581,"Mutton Biryani, Roti","North Indian"
582,"\N","Belgian"
583,"Coffee, Sandwich, Fries, Pancakes, Pizza, Pasta, Hot Chocolate","Cafe"
584,"Hot Coffee","Cafe, Fast Food"
585,"Pizza","Pizza, Italian, Chinese, Rolls, Biryani"
586,"Vegetable Biryani, Dal Makhani, Matar Methi Malai, Pasta, Rasmalai, Gulab Jamun, Diwani Handi","Continental, Italian, North Indian, Chinese"
587,"Thick Shakes, Vanilla Ice Cream","Beverages, Desserts, Ice Cream"
588,"Prompt Service","North Indian, Continental, Italian"
589,"Masala Dosa, Tirupathi Pongal, Filter Coffee, Vada, Kharabath, Kali Dosa, Rava Idli","South Indian, North Indian, Chinese, Street Food"
590,"Poha, Coffee, Chai, Rolls, Ginger Tea, Aloo Paratha, Elaichi Tea","North Indian, Cafe, Fast Food, Beverages"
591,"Manchow Soup, Prawn, Chicken Noodle, Chicken Momo, Chop Suey","Chinese, Thai"
592,"Nachos, Sandwich, Coffee, White Sauce Pasta, Chicken Club Sandwiches, Pizza, Garlic Bread","Cafe"
593,"Salads, Butter Chicken Roll, Chocolate Cake, Dal Makhani, Brownie, Paratha, Pasta","North Indian, Continental"
594,"\N","Seafood, Chinese, South Indian"
595,"Butter Naan, Paratha, Kulcha, Butter Chicken, Shawarma, Roti, Thali","Chinese, North Indian"
596,"Dragon Chicken, Salad, Hakka Noodles, Chicken Momo, Chop Suey, Fish Chilli, Dragon Rolls","Chinese, Thai"
597,"Paratha, Chicken Curry, Biryani","South Indian"
598,"\N","Continental, North Indian, South Indian, Mangalorean"
599,"\N","Biryani, Rolls"
600,"Burgers, Waffles, Coffee, Chocolava, Pasta, Chocolate Cake, Brownie","Cafe, Italian, Fast Food, Desserts"
601,"Egg Noodles, Lamb Chops, Hyderabadi Chicken Dum Biryani, Gajar Ka Halwa, Al Faham Chicken, Fried Rice","North Indian, Chinese, Arabian"
602,"\N","South Indian, North Indian, Kerala, Chinese"
603,"Butter Chicken, Pasta, Gulab Jamun, Rolls, Fruit Custard, Masala Maggi, Gajar Ka Halwa","North Indian, South Indian, Chinese"
604,"Beer, Burgers, Sandwiches, Virgin Mojito, Beef Chilli, Pork Chilli, Chicken Nachos","Continental, American, Pizza, BBQ"
605,"Masala Dosa, Coffee, Pongal, Rava Idli, Badam Halwa, Thali, Vada","South Indian"
606,"Non Veg Thali, Biryani, Ghee Rice","Biryani, Kerala, Mughlai, Arabian, North Indian, Juices"
607,"Biryani","Cafe, Healthy Food, North Indian, Biryani, Continental, Desserts"
608,"Sushi, Ramen, Bibimbap, Salmon, Dumplings, Tempura, Yaki Soba","Asian, Japanese, Korean, Thai, Sushi"
732,"Chole, Paratha, Rajma","North Indian, Chinese, Biryani"
733,"Paratha, Pizza Parantha, Tea, Sandwich, Honey Chilli Potatoes, Pasta Alfredo, Coffee","North Indian, Sandwich"
734,"Zinger Burger, Crispy Chicken, Rice Bowl, Hot Wings, Pizza, Chicken Popcorn, Virgin Mojito","Burger, Fast Food"
735,"Naan, Memon Mutton Biryani, Mutton Kebab, Mutton Keema","North Indian"
736,"Dabeli, Faluda, Masala Poori, Sandwiches, Tokri Chaat, Pav Bhaji, Dahipuri","Street Food, Fast Food"
737,"Hot Chocolate Fudge, Vanilla Ice Cream, Fudge Cake, Chocolate Mousse","Ice Cream, Desserts"
738,"Masala Papad, Paneer Satay, Paneer Hyderabadi, Butter Naan, Roti","North Indian, Chinese"
739,"Salads, Sandwiches, Pasta, Mocktails, Corn Sandwich, Garden Salad, Miso Salad","Fast Food, Continental, Beverages, Salad, Healthy Food"
740,"Rice Bowl, Rice Bowls, California Burrito, Bbq Chicken, Nachos, Salads, Spicy Paneer","Mexican, Fast Food"
741,"Waffles, Nutella Waffle","Desserts"
742,"\N","North Indian, Street Food, Biryani"
743,"Chicken Biryani, Andhra Meal, Pepper Chicken, Andhra Thali, Mutton Biryani, Chilli Chicken, Roast Chicken","Andhra, Biryani"
744,"Brain Fry, Chicken Manchurian, Mutton Biryani, Butter Chicken, Chicken Tikka Masala, Chilli Chicken, Shaadi Ki Biryani","North Indian, Mughlai, South Indian, Chinese"
745,"Jal-jeera, Stuffed Kulcha, Punjabi Chicken Masala, Tandoori Chicken, Egg Curry, Sweet Lassi, Dal Makhani","North Indian"
746,"Nachos, Burrito, Rice Bowl, Pizza, Fiesta Potatoes, Chicken Burritos, Crispy Tacos","Mexican, American, Fast Food"
747,"\N","Andhra, North Indian, South Indian, Chinese"
748,"Chicken Biryani","South Indian, North Indian, Kerala"
749,"Naan, Shawarma, Chicken Grill, Noodles","Chinese, North Indian, Arabian, Biryani"
750,"Hyderabadi Chicken Dum Biryani","Biryani, Chinese, Mughlai, Andhra"
751,"Chicken Guntur","Andhra, North Indian, Chinese"
752,"Chicken Gimbap, Sushi, Beef Bibimbap, Bulgogi, Kimchi, Japchae, Sea Food","Korean"
753,"English Breakfast, Waffles, Chocolate Cake, Chicken Lasagne, Ginger Tea, Burgers, Chicken Thukpa","Cafe, Continental"
754,"Pasta, Schezwan Chicken, Burgers, Garlic Bread, Paneer Steak, Schezwan Sizzler","Continental, North Indian, Chinese, Steak"
755,"Ginger Tea, Maggi, Ice Tea, Ginger Chai, Samosa, Lemon Tea, Vada Pav","Fast Food, Beverages"
1236,"Duck Roast, Appam, Kadala Curry, Chicken Curry, Chicken Biryani, Fish Fry, Egg Curry","Kerala"
1237,"Appam, Paratha, Crab Masala, Tea, Mutton Stew, Fish, Chicken Masala","South Indian, North Indian, Kerala, Seafood"
1238,"Noodles, Hunan Chicken, Momos, Spring Roll, Wonton Soup, Chicken Butter Garlic, Chicken Satay","Chinese, Thai, Momos, Vietnamese"
1239,"Sandwiches, Sandwich","Ice Cream, Desserts, Beverages, Sandwich"
1240,"Burgers, Fries, Peri Peri Chicken Salad, Jumbo Royale Burger, Salads, Rolls, Chicken Peri Peri Wrap","Burger, Fast Food"
1241,"Shawarma, French Fries, Chicken Roll, Sandwich, Brosted Chicken, Falafel Roll, Chicken Fries","Fast Food, Juices"
1242,"Thick Shakes, Chocolate Hazelnut","Desserts, Beverages, Ice Cream"
1243,"Thali, Chole Bhature, Lassi, Gulab Jamun, Salad","North Indian"
1244,"Burgers, Caramel Milkshake, Iced Coffee, Iced Tea","Cafe, French, North Indian"
1245,"Tandoori Chicken, Beer, Pepper Chicken, French Chicken","North Indian, Chinese"
1246,"Ginger Tea, Ginger Chai, Banana Cake, Masala Chai, Egg Sandwich, Vada Pav","Tea, Beverages, Fast Food"
1247,"Pot Biryani, Raita, Mutton Biryani","Biryani, North Indian, Rolls"
1248,"Chaap, Matka Lassi, Paneer Tikka, Dal Makhani, Chole Kulche, Paneer Kulcha, Paratha","North Indian, Street Food"
1249,"Waffles, Nutella Waffle, Thick Shakes","Desserts, Beverages"
1250,"Chicken Boneless Biryani, Paneer Biryani, Andhra Style Biryani, Tandoori Chicken, Hyderabadi Biryani, Prawn Biryani, Raita","North Indian"
1251,"Pizza, Pasta, Mocktails, Tiramisu, Salads, Cocktails, Wine","Italian, Salad"
1252,"Pasta, Coffee, Mocktails, Pizza, Sandwiches, Macaroon, Croissants","European, French, Salad"
1253,"Sandwich, Salads, Pizza, Sandwiches, Salad, Pasta, Fish","Continental, Asian, Healthy Food, Burger, Biryani, Pizza, Italian, Fast Food"
1254,"Dal Makhani, Paratha, Salad, Rajma, Biryani, Brownie, Salads","North Indian, Mughlai, Fast Food"
1255,"Rolls, Shawarma, Beef Roll, Chicken Shawarama, Beef Shwarma, Haleem, Chicken Roll","Arabian, Biryani, Rolls, Kebab"
1256,"\N","Tea, Beverages, Street Food"
1257,"Chai, Keema Fries, Sandwiches, Chicken Keema, Rajma Chawal, Ginger Tea, Momos","Fast Food, Tea, Beverages"
1258,"Cotton Candy, Banana Split","Ice Cream, Desserts"
1259,"Paneer 65, Dragon Chicken, Lassi, Avakai Chicken Biryani, Chicken Tikka Masala, Kodi Vepudu, Fry Prawns","Biryani, Mughlai, Andhra"
1260,"Sandwich, Salad, Veggie Delight, Salads, Roasted Chicken","Salad, Fast Food"
1261,"Chicken Wings, Garlic Bread, Cheesy Pizza, Chocolava Cake, Paneer Tikka Pizza, Chicken Tikka Pizza, House Pizza","Pizza"
1262,"Latte, Chocolate Cake, Apple Pie, Steak, Chocolate Truffle, Cheesecake, Pasta","Desserts"
1263,"\N","North Indian, Chettinad, Chinese"
1264,"Dal Makhani, Tikka, Saag, Naan, Makke Ki Roti","North Indian"
1265,"Chicken Bharta, Basmati Rice, Luchi, Mutton Kosha, Basanti Pulao, Chicken Biryani, Chicken Wings","Biryani, Bengali"
1266,"Chicken Boneless Biryani, Hyderabadi Biryani, Paneer Biryani, Tandoori Chicken, Chicken Kebab, Vegetable Biryani, Raita","Biryani, North Indian, Chinese"
1267,"Hot Chocolate, Peri Peri Fries, French Fries, Chocolate Churros, Cheese Nuggets","Desserts, Bakery"
1268,"Sandwich, Salads, Sandwiches, Salad, Chicken Tikka","Healthy Food, Sandwich, Salad"
1269,"Tea, Filter Coffee, Curd Rice, Cheese Masala Dosa, Idli Vada","Chinese, North Indian, South Indian"
1270,"Raita, Roti, Chicken Grill, Mutton Biryani","Hyderabadi, Biryani, North Indian, Chinese"
1478,"Appam, Buttermilk, Idiyappam, Kerala Parotta, Chicken Curry, Paratha, Fish Fry","Kerala, Chinese"
1479,"Eggless Cake, Burgers, Red Velvet Cake","Bakery, Desserts"
1480,"Hot Chocolate Fudge, Chocolate Mousse, Thick Shakes, Vanilla Ice Cream, Brownie Chocolate, Chocolate Malt, Almond Fudge","Ice Cream, Desserts"
1481,"Thick Shakes","Beverages, Juices"
1482,"Stuffed Garlic Bread, Tacos, Golden Corn Pizza, Chocolava","Pizza, Fast Food"
1483,"Burgers, French Fries, Maharaja Chicken Burger, Mc Flurry","Fast Food, Burger"
1484,"Mushroom Biryani, Bamboo Chicken, Paneer Biryani, Mutton Biryani, Chicken Pot Biryani, Dum Biryani, Ragi Mudde","Andhra, Biryani, North Indian, Chinese"
1485,"Shawarma, Biryani, Bbq Chicken, Chicken Grill, Raita","BBQ, Arabian, Rolls, Chinese, North Indian, Juices, Kebab, Desserts"
1486,"\N","Continental, Burger, Beverages, Cafe, Italian, Rolls"
1487,"Chole Bhature, Pav Bhaji, Misal Pav","North Indian"
1488,"Rabri, Panipuri, Badam Milk, Kachori, Moong Dal Halwa","Fast Food"
1489,"Chicken Grill, Shawarma, Tandoori Chicken, Rolls, Chicken Kebab, Chicken Tikka, Butter Chicken","North Indian, Chinese, Kebab, Juices"
1490,"Rice Bowl, Salads, Burgers, Prawn, Pancakes, Salmon, Fish","Healthy Food, Continental, Juices, Salad, Burger, Beverages, Desserts"
1491,"Sandwiches, Fruit Juices, Choco Almond, Cheese Sandwich","Beverages, Fast Food"
1492,"\N","Bakery, Arabian"
1493,"Podi Masala Dosa, Crispy Masala Dosa, Idli, Vada, Coffee, Paper Plain Dosa, Aloo Palya","South Indian"
1494,"\N","Andhra, South Indian, Hyderabadi"
1495,"Cocktails, Mocktails, Mai Thai, Murgh Platter, Soya Chaap, Pizza, Keema Samosa","North Indian, Chinese, Continental, Momos"
1496,"Margarita, Pizza Burger, Garlic Bread","Pizza, Fast Food"
1497,"Pizza, Ravioli, Tiramisu, Panna Cotta, Bruschettas, Seafood Pasta, Virgin Sangria","Italian"
1498,"Pizza, Fish, Beer, Pasta, Wine","Finger Food, Continental, Pizza, Asian, North Indian"
1499,"Egg Biryani, Egg Chilli, Mutton Biryani, Hyderabadi Biryani, Naan, Raita, Shanmukha Biryani","Biryani, Andhra, North Indian, Chinese"
1500,"Wine, Manchow Soup, Sangria, Salsa, Mocktails, Pasta, Nachos","Continental, Chinese"
1501,"Paratha, Lassi, Chai, Dal Bati Churma Thali, Chole Bhature","Rajasthani, North Indian"
1502,"Rolls, Veggie Roll, Chicken Biryani, Paneer Tikka Roll, Wheat Roll","Fast Food, Biryani, Rolls"
1503,"Chaach, Sweet Lassi, Onion Paratha, Chicken Parantha, Vegetable Paratha, Aloo Methi","North Indian"
1504,"Vada, Idli, Pongal, Upma, Tea, Kesari Bath, Coffee","South Indian"
1697,"Cocktails, Paneer Tikka, Masala Papad, Rasmalai, Rabri, Chicken Curry, Biryani","North Indian, Mughlai, Afghan"
1698,"Pav Bhaji, Chaat, Paratha, Panipuri, Chole Bhature, Dhokla, Dahi Bhalle","Mithai, Street Food"
1699,"Puri Saagu, Idli Sambar, Filter Coffee, Plain Dosa, Idli Vada, Vada Sambar, Rava Idli","South Indian, North Indian, Chinese, Street Food"
1700,"Chicken Biryani, Fish Curry, Appam, Masala Prawn, Chicken Curry, Butter Chicken, Thali","Seafood, Biryani, South Indian, North Indian, Chinese, Arabian, Kerala"
1701,"Chicken Malai Tikka, Jalebi Rabri, Lunch Buffet, Paneer Tikka, Kulfi, Jumbo Prawns, Murgh Malai","North Indian, Mughlai"
1702,"Chicken Grill, Thalassery Biryani, Hyderabadi Chicken Biryani, Shawarma","North Indian, Kerala"
1703,"\N","Beverages, Juices, Desserts, Italian"
1704,"Chicken Guntur, Hyderabadi Chicken Biryani, Andhra Meal, Mutton Biryani, Vegetable Biryani, Andhra Style Chilli Chicken, Mojito","Andhra, Biryani, North Indian, Chinese"
1705,"Chocolava Cake, Pepperoni Pizza, Veggie Pizza, Bbq Chicken, Paneer Tikka, Cheesy Garlic Bread, Cheese Burst Crust","Pizza"
1706,"Sea Food, Tender Coconut Chicken, Pot Biryani, Prawn Ghee Roast, Fish Masala Fry, Neer Dosa","Seafood, North Indian, Chinese"
1707,"Liti Chokha","North Indian, Chinese"
1708,"Paneer Biryani, Calcutta Biryani, Raita, Pot Biryani, Paneer Tikka, Hyderabadi Biryani, Vegetable Biryani","Biryani, Kebab, Rolls, Mughlai"
1709,"Biryani","Seafood, BBQ, Biryani"
1710,"\N","Salad, Beverages, Juices"
1711,"Noodles, Paneer Manchurian, Chaat, Paratha, Paneer Fried Rice, Babycorn Manchurian","Street Food, Fast Food"
1712,"Wasabi Prawns","Chinese, Vietnamese, Thai, Malaysian"
1713,"Noodles","Chinese, Momos"
1714,"Paratha, Gulab Jamun, Thali, Lassi, Kheer, Roti, Palak Paneer","North Indian"
1715,"Chocolate Hazelnut, Red Velvet Shake, Thick Shakes, Mango Milkshake, Brownie Chocolate, Belgian Chocolate Milkshake, Oreo Shake","Beverages, Desserts, Ice Cream"
1716,"French Fries, Burgers, English Breakfast, Pancakes, Corn Sandwich, Chicken Burger, Bacon Fry","American, Sandwich"
1717,"Chicken Burger, Corn Sandwich, French Fries, Veg Burger","American, Sandwich"
1718,"Garlic Bread, Nachos, Pasta, Thin Crust Pizza, Hawaian Pizza, Manali Pizza","Pizza, Italian"
1719,"Jeera Rice, Idli Vada","South Indian, North Indian, Chinese"
1720,"Burgers, Doner Kebabs, Lamb Doner, Hummus Pita, Momos, Rolls, Chicken Doner","Turkish, Chinese"
1721,"Burgers, Masala Fries, Wings","Fast Food"
1722,"Aloo Tikki Chat","Mithai, Street Food"
1723,"\N","North Indian, Kebab, Chinese, Fast Food"
1724,"Blueberry Cheesecake, Lava Cake","Bakery"
1725,"Vada, Coffee, Idli, Masala Dosa","South Indian"
1842,"Chicken Curry, Biryani","Andhra, North Indian"
1843,"\N","Maharashtrian, Mughlai, Fast Food"
1844,"\N","American, Mexican, BBQ"
1845,"Filter Coffee, Vada, Masala Dosa, Pongal, Idli, Onion Uttapam, Kesari Bath","South Indian, Coffee"
1846,"Pizza, Pasta, Tiramisu, Cheesecake, Tomato Soup, Carbonara, Chicken Lasagne","Italian"
1847,"Burgers, Rice Bowl","Burger, Fast Food"
1848,"Gulab Jamun, Vegetable Biryani, Mint Raita","Biryani"
1849,"\N","American, Continental, Salad, Italian"
1850,"Chicken Kebab, Mutton Biryani","South Indian, Biryani"
1851,"Pav Bhaji, Gulab Jamun, Chaat, Paratha, Vada Pav, Buttermilk, Thali","North Indian, Fast Food, Street Food"
1852,"Burgers, Cheesy Chicken Burger, Chicken Chilli Pizza, Monster Burger, Butter Chicken Pizza, Peri Peri Chicken Burger, Mojito","Ice Cream, Cafe, Pizza, Burger, Desserts, Beverages"
1853,"Paneer Pasanda, Panneer Butter Masala, Murgh Platter, Veg Platter, Jeera Rice","North Indian, Chinese"
1854,"Pav Bhaji, Sandwiches, Gujarati Thali, Faluda, Noodles, Sandwich","South Indian, North Indian"
1855,"Dal Makhani, Galauti Kebab, Dum Biryani, Rasgulla, Fish, Garlic Kheer, Tandoori Broccoli","North Indian, Lucknowi, Afghan"
1856,"Sabudana Vada, Akki Rottis, Vegetable Biryani, Coffee, Bhel Puri, Vada Pav, Buttermilk","Fast Food, North Indian, Continental"
1857,"Steak, Garlic Bread, Burgers, Pasta, Chicken Wings, Salads, Mashed Potato","Steak, Continental, Burger, American, BBQ, European, Salad"
1858,"\N","Bakery, Desserts, Cafe, Italian, Pizza"
1859,"Almond Shake, Pizza Fries","Fast Food"
1860,"\N","Bakery, Juices"
1861,"Gulab Jamun, Lassi, Manchurian Roll","North Indian, Chinese"
1862,"Filter Coffee, Tea","North Indian, South Indian, Chinese"
1863,"Pasta, Seafood Pizza, Mocktails, Brownie, Tenderloin Burger, Burgers, Exotic Veg Pizza","Cafe, Continental, Italian, Burger, Pizza"
1864,"Banana Cake, Ginger Lemon Tea, Poha, Mango Shake, Masala Chai, Paneer Sandwich, Vada Pav","Fast Food, Beverages"
1865,"Donne Biryani, Chicken Biryani, Chilli Chicken","Biryani"
1866,"Beer, Cocktails, Prawn Ghee Roast, Chicken Nachos, Bbq Chicken Pizza, Appam, Chicken Steak","Finger Food, Continental, Italian, Salad"
1867,"Chicken Stromboli, Pasta, Potato Wedges, Garlic Bread, Chicken Pepperoni, Stuffed Chicken Pizza, Veg Supreme","Pizza"
4175,"\N","Biryani, Kebab"
4176,"Tandoori Chicken, Cocktails, Noodles, Paneer Tikka, Beer, Nachos, Pasta","Finger Food, North Indian"
4177,"Berryblast, Gourmet Pizza, Mocktails, Ravioli, Bacon Pizza, Pasta, Prawn Pizza","Pizza, Cafe, Italian"
4178,"\N","South Indian, North Indian"
4179,"Pasta, Biryani, Cocktails, Mocktails, Pizza, Nachos, Blueberry Cheesecake","Finger Food, Continental, Asian, North Indian"
4180,"Peri Peri Chicken, Fries, Lemongrass Chicken, Margherita Pizza","Cafe, Chinese, Continental"
4181,"Onion Kulcha, Hyderabadi Chicken Dum Biryani, Butter Naan, Veg Seekh Kebab, Mushroom Manchurian, Wings, Mutton Biryani","Biryani, Andhra, North Indian, Chinese"
4182,"\N","Desserts, Ice Cream"
4183,"\N","Ice Cream, Desserts"
4184,"\N","Beverages"
4185,"\N","Tea"
4186,"Thali, Chicken Lollipop, Gundappa Donne Biryani, Mutton Biryani","Biryani"
4187,"\N","Momos, Fast Food"
4188,"\N","Asian, Salad, Italian"
4189,"Lassi, Mutton Kosha, Thali, Chicken Handi, Chicken Curry, Buttermilk, Rasgulla","Oriya"
4190,"Pyaz Kachori, Chaat, Gajar Ka Halwa, Shrikhand, Jalebi Rabri, Churma, Boondi Raita","Street Food, Desserts, North Indian, Mithai, Rajasthani"
4191,"\N","Bakery, Desserts, Sandwich"
4192,"\N","Andhra, Chinese, North Indian, Biryani"
4193,"\N","Fast Food, Desserts"
4194,"\N","Cafe, American, Italian, Continental"
4195,"Tandoori Chicken, Biryani, Chettinad Thali, Elaneer Payasam, Crab Soup, Fish, Pepper Chicken","Chettinad, South Indian"
4196,"Waffles","Desserts"
4197,"\N","Chinese, North Indian, South Indian, Hyderabadi"
4198,"\N","South Indian, Biryani, Chinese, North Indian"
4199,"Tea, Fish, Thalassery Biryani, Garlic Naan, Chicken Curry, Ghee Rice, Sea Food","Kerala, Biryani, South Indian, North Indian, Chinese, Seafood, Juices"
4200,"Margherita Pizza, Cheesy Bites","Cafe, Italian, Pizza"
4201,"\N","Chinese, Kerala, North Indian, South Indian"
4202,"\N","Andhra, North Indian, Chinese, Seafood"
4203,"\N","South Indian, Biryani, Chinese"
4204,"\N","Street Food, Juices"
4205,"Mutton Biryani, Dal Makhani, Chicken Malai Tikka, Paneer Makhani, Faluda, Jal-jeera, Cocktails","North Indian"
4206,"\N","South Indian, Chinese, Street Food"
4207,"Cocktails, Breakfast Buffet, Croissants, Lassi, Salads, Caramel Cake, Waffles","European, Continental, Chinese, Thai"
4208,"\N","Arabian, North Indian, Fast Food"
4209,"Cocktails, Dal Makhani, Paneer Tikka, Butter Chicken, Garlic Naan, Tequila, Fish","Finger Food, Mediterranean, North Indian"
4210,"Sangria, Chole, Cocktails, Pizza, Nachos, Noodles, Fish","Continental, Chinese, North Indian, Finger Food"
4211,"\N","Juices, Beverages, Ice Cream"
4212,"\N","South Indian, North Indian, Beverages"
4213,"Tandoori Chicken, Thali","North Indian, Chinese, Bengali"
4214,"\N","North Indian, Biryani, Chinese"
4215,"Pasta, Fruit Parfait","Healthy Food, Sandwich"
4216,"\N","Mithai, Fast Food"
4217,"\N","Fast Food, Street Food"
4218,"Pasta, Pizza, Garlic Bread, Wine, Salad, Salads, Ravioli","Italian, Pizza, Salad"
4219,"\N","North Indian, Healthy Food"
4220,"\N","South Indian, North Indian, Street Food"
4221,"\N","Biryani, Chinese, North Indian"
4222,"Cocktails, Mai Thai, Pizza, Lemon Basil Chicken","North Indian, Mediterranean, Chinese"
4223,"\N","North Indian, Fast Food, Street Food"
4224,"Dal Makhani","North Indian"
4225,"Paneer Tikka, Biryani, Hara Bhara Kebab, Gulab Jamun, Mocktails, Roti, Fish","North Indian"
4226,"\N","Beverages, Tea"
4227,"Murgh Ghee Roast, Beer","South Indian, Finger Food"
4228,"\N","Biryani, South Indian"
4229,"Waffles","Cafe, Desserts"
4230,"\N","South Indian, Fast Food"
4231,"Filter Coffee, Badam Milk, Idli, Hot Coffee, Samosa, Lemon Tea, Mini Idlis","South Indian, Beverages"
4232,"Paneer Peri Peri, Pancakes, Fajitas, Sweet Crepe, Peri Peri Chicken, Chicken Breast, Nutella Crepe","Cafe, Desserts, Continental"
4233,"\N","North Indian, Bihari"
4234,"Donut, Coffee","Desserts, Beverages"
4235,"\N","North Indian, Fast Food, Chinese"
4236,"\N","Burger"
4237,"Plain Rice, Hyderabadi Biryani, Panneer Butter Masala, Mutton Biryani, Tandoori Chicken, Chicken Boneless Biryani, Vegetable Biryani","Biryani, North Indian, Chinese, Seafood"
4238,"\N","North Indian, Mughlai, Chinese"
4239,"Chole, Lassi, Paratha","North Indian"
4240,"Cheesecake, Key Lime Pie","Desserts, Bakery"
4241,"\N","Continental"
4242,"Gulab Jamun, Buttermilk, Egg Bhurji, Sprout Salad, Roti","North Indian"
4243,"Pie, Thin Crust Pizza, Cheesy Pizza, Pepperoni Pizza, Paneer Pizza","Italian, Pizza"
4244,"\N","Desserts, Bakery"
4245,"Butter Chicken, Dal Makhani, Roti, Tangdi Kabab, Panneer Butter Masala","North Indian"
4246,"\N","South Indian, North Indian, Coffee, Juices, Tea"
4247,"\N","Ice Cream, Juices, Beverages"
4248,"Mutton Curry, Tender Coconut Payasam, Mutton Seekh Kebab, Kulfi, Kheer, Chicken Biryani, Brownie","North Indian, European, Mediterranean, BBQ, Kebab"
4249,"\N","North Indian, Chinese, South Indian, Seafood"
4250,"\N","Chinese, South Indian"
4251,"\N","Bihari, North Indian, Fast Food"
4252,"Momos, Thick Shakes, Sandwiches, Veg Maggi, Burgers","Beverages, Fast Food"
4253,"\N","Bengali"
4254,"\N","North Indian, Biryani, Fast Food"
4255,"\N","Andhra, South Indian"
4256,"\N","Continental, Cafe"
4257,"Tandoori Broccoli, Dal Makhani, Tamatar Ka Shorba, Kadhai Paneer, Raan, Kulfi, Biryani","North Indian"
4258,"\N","Salad, Sandwich, Tea, Coffee"
4259,"Pasta, Bamboo Biryani, Noodles, Chicken Guntur, Andhra Meal, Andhra Style Biryani, Babycorn Manchurian","Andhra, Biryani, Chinese, North Indian, Seafood, South Indian"
4260,"Burgers, Beef Steak, Mutton Biryani, Pie, Mudpie, Cheesecake, Chicken Wings","Continental, Chinese, Steak"
4261,"\N","Continental, North Indian, Desserts, Beverages"
4262,"Noodles, Chicken Dim Sum, Pad Thai Noodle, Jumbo Prawns, Cocktails, Prawn Sushi, Treasure Soup","Asian, Chinese, Thai, Momos"
4263,"Mocktails, Dal Tadka, Paneer Lababdar, Stuffed Kulcha, Vegetable Biryani, Sea Food, Wine","North Indian, Chinese, Seafood"
4264,"\N","Kebab, North Indian, Arabian, Chinese"
4265,"Pasta, Coffee, Chaat, Paneer Pizza, Tawa Pulav, Aloo Biryani, Paratha","Modern Indian, North Indian, Pizza, Continental, Beverages"
4266,"\N","Chinese, Arabian, Fast Food"
4267,"Rolls, Rice, Biryani","Fast Food, Chinese, Rolls"
4268,"Poha, Vada Pav, Tea, Sandwiches, Chicken Sandwich, French Omelette, French Fries","Continental, Chinese, Fast Food, Rolls, Momos"
4269,"\N","Kerala, North Indian, Chinese"
4270,"Dal Makhani, Cocktails, Lunch Buffet, Breakfast Buffet, Pasta, Noodles, Fish","Finger Food"
4271,"Beer, Mocktails, Cocktails, Margherita Pizza, Supreme Pizza, Fish Chilli, Margarita","Finger Food, North Indian"
4272,"Chocolate Cake, Cup Cake","Bakery, Desserts"
4273,"Paratha, Pasta","North Indian, Chinese, Momos, Rolls"
4274,"Masala Papad, Paneer Satay, Vegetable Biryani, Panneer Butter Masala, Tomato Soup, Manchow Soup, Roti","North Indian, Chinese, Beverages"
4275,"\N","Biryani, Chinese, South Indian, North Indian"
4276,"Prawn Biryani, Andhra Meal, Veg Thali, Fry Piece Biryani, Gongura Chicken, Paratha","North Indian, Chinese, Biryani, Andhra, Mangalorean"
4277,"Filter Coffee, Masala Dosa, Idli, Vada","South Indian, North Indian, Chinese, Beverages"
4278,"Noodles, Pasta, Schezwan Momos, Chicken Momo, Teriyaki Chicken, Thukpa, Fries","Chinese, Fast Food"
4279,"Roti, Butter Kulcha, Fried Rice, Tomato Soup, Curd Rice, Lunch Buffet, Paneer Tikka","North Indian, Chinese, South Indian"
4280,"\N","South Indian, Healthy Food"
4281,"\N","North Indian, Seafood, Chinese"
4282,"\N","South Indian, North Indian, Chinese, Fast Food"
4283,"Waffles, Sandwiches, Maggi, Thick Shakes, Chocolate Sandwich","Ice Cream, Beverages, Fast Food"
4284,"Rava Dosa, Roti, Masala Dosa, Kulcha, Sandwiches, Vada Pav, Idli","South Indian, North Indian, Chinese"
4285,"Ginger Chai, Ginger Tea, Banana Cake, Samosa, Masala Chai, Banana Walnut","Tea, Beverages, Fast Food"
4286,"Cantonese Noodles, Basil Chicken, Hunan Chicken Gravy, Manchow Soup, Dragon Chicken, Chicken Grill","Chinese, Thai"
4287,"Thai Chicken, Chicken Lollipop, Cocktails, Jeera Rice, Rolls, Draught Beer, French Fries","North Indian, Chinese, Thai"
4288,"Khali Dosa, Kali Dosa, Upma, Filter Coffee, Kesari Bath, Set Dosa, Masala Dosa","South Indian"
4289,"\N","South Indian, Chinese, Desserts, Beverages"
4290,"Gajar Ka Halwa, Chilli Chicken, Hara Bhara Kebab, Custard, Brownie, Sev Puri, Pasta","North Indian, Italian"
4291,"Tandoori Chicken, Biryani, Paneer Tikka, Chicken Curry, Plain Rice, Cheese Naan, Malaysian Noodles","North Indian, Chinese, Thai, Mughlai, Seafood"
4292,"Chaat, Custard, Fish, Pepper Chicken, Lunch Buffet, Chicken Tikka, Salads","North Indian, Chinese, Continental"
4293,"\N","Finger Food, Wraps, Cafe, Continental, Healthy Food"
4294,"\N","Kebab, North Indian, Fast Food, Beverages"
4295,"Chicken Boneless Biryani, Lemon Chicken, Dum Biryani","Biryani, Andhra, North Indian"
4296,"Noodles, Shawarma, Brownie, Chicken Nachos, Veg Platter, Manchurian, Onion Rings","Continental, Lebanese, Middle Eastern, North Indian, Chinese, BBQ, Cafe"
4297,"Lassi, Amritsari Kulcha, Punjabi Kulcha, Paneer Kulcha, Punjabi Chole, Aloo Kulcha, Paratha","North Indian"
4298,"Appam, Chicken Biryani, Kuluki Sarbat, Panneer Butter Masala, Meen Pollichathu, Vellarikka Pattanam, Sea Food","Kerala, North Indian"
4299,"Pork Chops, Craft Beer, Chicken Biryani, Chowmein, Drunken Chicken Wings, Cocktails, Mocktails","Continental, American"
4300,"\N","Street Food, Sandwich, Rolls, Beverages"
4301,"Chicken Lollipop, Vegetable Biryani, Noodles, Chicken Noodle, Clear Soup, Hot Pot, Coriander Chicken","Chinese"
4302,"\N","Maharashtrian, Seafood"
4303,"\N","Momos"
4304,"Beer, Pizza, Veg Starter, Martini, Mojito, Cocktails, Crispy Corn","Finger Food, Chinese, Continental"
4305,"\N","Cafe, Chinese, Fast Food, Burger, North Indian"
4306,"\N","South Indian, Chinese, North Indian, Seafood"
4307,"\N","North Indian, Biryani, Chinese, Seafood"
4308,"Prompt Service","North Indian, Chinese"
4309,"Biryani, Manchow Soup, Naan","North Indian, Chinese"
4310,"\N","North Indian, Biryani, Desserts"
4311,"\N","Continental, Finger Food"
4312,"Coffee Shake, Pasta, Buffalo Wings, Sandwich, Chicken Wings, Burgers, Fries","Cafe, Continental, Asian"
4313,"\N","Healthy Food, Fast Food"
4314,"Pizza, Vegetarian, Momo Platter, Momos, Nachos, Salsa, Salad","Cafe, Continental, Beverages, Healthy Food, Desserts, Sandwich, Pizza, Salad"
4315,"Chocolate Shake, Nachos, Babycorn Manchurian, Cheese Maggi, French Fries, Tea, Oreo Shake","Cafe, Fast Food, Beverages"
4316,"Paratha, Thali","North Indian, Beverages"
4317,"Rolls, Biryani, Mutton Seekh, Egg Roll, Chicken Tikka, Chicken Roll","Fast Food, Rolls"
4318,"Pizza","Pizza, Fast Food"
4319,"\N","South Indian, Indian"
4320,"\N","Mughlai, Biryani"
4321,"Hot Chocolate, Masala Lemonade, Gourmet Pizza, Nutella Pizza, Jalapeno Poppers, Thin Crust Pizza, Wood Fire Pizza","Pizza, Salad"
4322,"Raita, Chicken Curry, Fish, Mutton Biryani, Beer, Chicken Guntur, Chicken Biryani","Biryani, North Indian, Andhra"
4323,"Beer, Pasta, Burgers, Biryani, Masala Peanuts, Noodles, Au Gratin","Continental, Italian, Chinese, North Indian"
4324,"Noodles, Chicken Momo, Momos, Lunch Buffet, Garlic Butter Noodle, Crab Soup, Jasmine Tea","Chinese, Thai, Momos"
4325,"Salads, Chicken Tikka, Veg Shammi, Teriyaki Chicken, Sandwich, Veggie Delight, Aloo Patty","Salad, Fast Food"
4326,"Shami Kebab, Kadhai Murgh, Butter Chicken, Chicken Biryani, Mughlai Paratha, Paneer Lababdar, Mughlai Chicken","Mughlai, North Indian"
4327,"Egg Roast, Appam, Fish, Sea Food, Chicken Curry, Chicken Stew, Beef Fry","Kerala, Seafood, South Indian, North Indian, Chinese"
4328,"Chocolate Pani Puri, Butter Chicken, Gajar Halwa, Keema Pav, Mocktails, Raj Kachori, Biryani","North Indian"
4329,"Butter Chicken Pizza, Lamb Burger, Chicken Bao, Vegetable Moussaka, Peri Chicken, Pasta, Pink Lemonade","Cafe, Continental, Italian, Burger"
4330,"Butter Garlic Prawns, Mocktails, Noodles, Salads, Brownie, Pasta Sizzler, Chicken Steak","Continental, Chinese, Thai, Italian, BBQ, Steak"
4331,"\N","Beverages, Fast Food, Desserts"
4332,"Dahi Kebab, Lamb, Mocktails, Lassi, Vegetable Biryani, Galauti Kebab, Mutton Biryani","North Indian, Mughlai, Biryani"
4333,"Chicken Biryani, Shawarma","North Indian, Mughlai"
4334,"Paratha, Chaat, Pav Bhaji, Rasmalai, Lassi, Masala Poori, Samosa","Mithai, Street Food"
4335,"\N","North Indian, South Indian, Bengali"
4336,"\N","Italian, Fast Food"
4337,"Ghee Rice, Mutton Biryani, Haleem, Lassi, Chicken Biryani, Chicken Kebab, Dal Fry","North Indian, BBQ, Kebab, Rolls"
4338,"Watermelon Juice, Burgers, Pasta, Faluda, Fruit Salad, Coffee, Sandwich","Cafe, Beverages, Healthy Food, Juices"
4339,"\N","Fast Food, Tea, Beverages"
4340,"Masala Dosa, Vada, Filter Coffee","North Indian, South Indian, Chinese, Fast Food"
4341,"Cocktails, Fish, Mocktails, Momos, Burgers, Pizza, Chicken Lollipop","Cafe, American, Asian, North Indian"
4342,"Rolls, Tandoori Momos, Soya Chaap, Peri Peri Chicken Roll, Chicken Biryani, Fries, Paneer Roll","Biryani, Fast Food, Rolls, Momos"
4343,"Tandoori Chicken, Chicken Boneless Biryani, Hyderabadi Biryani, Lemon Chicken, Mutton Biryani, Raita","Biryani, Hyderabadi, Chinese"
4344,"Chole Bhature, Tea, Kachori","South Indian, Street Food, Fast Food, Desserts, Beverages"
4345,"Burgers, Wings, Whopper Burger, Cheesy Fries, Italian Fries","Burger, Fast Food, Beverages"
4346,"Nachos, Pasta, Cocktails, Khamiri Roti, Beer, Lamb, Burgers","Continental, North Indian"
4347,"Dal Makhani, Phirni, Kheer, Chicken Butter Masala, Murgh Lababdar, Chicken Tikka, Paneer Tikka","North Indian"
4348,"Manchow Soup, Momos, Chicken Hakka Noodles, Chilli Chicken, Roast Chicken, Thai Wings, Malaysian Noodles","Chinese, Thai"
4349,"\N","Biryani, Fast Food, North Indian"
4350,"\N","Desserts, Paan"
4351,"Waffles, Burgers, Hot Chocolate, Chocolate Avalanche, Fries, Brownie","Cafe, Desserts, Bakery"
4352,"Paratha, Mutton Curry","North Indian, Chinese"
4353,"\N","Chinese, Arabian, Rolls"
4354,"Tandoori Chicken, Fish Chilli, Cocktails, Pizza, Craft Beer, Chaat, Long Island Iced Tea","North Indian, Continental, Chinese"
4355,"Chicken Boneless Biryani, Hyderabadi Biryani, Egg Chilli, Butter Chicken, Tomato Soup, Mutton Biryani, Paneer Biryani","Biryani, Chinese, Mughlai, Fast Food, Kebab"
4356,"\N","Fast Food, Burger, Sandwich"
4357,"Veg Thali, Paratha, Kadhi, Shrikhand, Buttermilk, Sweet Lassi, Bati Churma","North Indian"
4358,"\N","North Indian, Chinese, South Indian, Fast Food"
4359,"Rabri, Tandoori Roti, Mutton Roganjosh, Shahi Tukda, Naan, Mutton Seekh, Malai Kofta","Mughlai, North Indian, Turkish, Afghan"
4360,"Seafood Soup, Mocktails, Mushroom Salad, Thai Salad, Wine, Jasmine Rice, Thai Red Curry","Thai"
4361,"Coffee, Fruit Tart, Croissants, Eclair, Sandwich, Nachos, Tiramisu","Salad, Bakery, Cafe, Sandwich, Italian, Burger"
4362,"Pie, Salted Caramel","Cafe, Desserts, Beverages"
4363,"Peri Peri Chicken, Shikanji, Peri Peri Pizza, Burgers, Steak, Bun Maskas, Pasta","Cafe, Continental, Fast Food, Pizza, Italian, Burger, Chinese, Desserts"
4364,"Donut","Bakery, Desserts, Beverages"
4365,"Mutton Biryani, Shawarma, Mutton Chops, Pahadi Kebab, Chicken Kebab, Mango Shake, Rolls","Mughlai, North Indian, Chinese"
4366,"Biryani, Custard, Paratha, Poha, Breakfast Buffet, Thali, Dal Makhani","North Indian, Lucknowi"
4367,"Burgers, Pasta, Cheesy Fries, Beef Burger, Ice Tea, Steak Burger, Lamb","Cafe, Fast Food, Burger"
4368,"\N","Continental, South Indian, Fast Food"
4369,"Waffles, Liege Waffle, Ice Cream Sandwiches, Salted Caramel Ice Cream, Ice Cream Sandwich","Desserts, Ice Cream"
4370,"Pasta, Pizza, Mojito, Nachos, Lamb, Fries, Orange Juice","Continental, European, Mediterranean, Cafe, Steak"
4371,"Donne Biryani, Chicken Kebab, Chicken Lollipop, Mutton Biryani, Chicken Biryani Combo","Biryani, Kebab"
4372,"Ginger Tea, Cup Cake, Sandwich, Pasta, Pizza, Cappuccino, Cheese Sticks","Cafe, Italian, Continental, Beverages"
4373,"Filter Coffee, Mini Idlis","South Indian, Fast Food"
4374,"Sushi, Kimchi, Pork Sizzler, Chicken Donburi, Shrimp Donburi, Crab Roll, Bulgogi","Korean, Chinese, Japanese"
4375,"Salads, Jalebi, Pasta, Rabri, Fish Curry, Salad, Mysore Pak","Chinese, North Indian, Pizza"
4376,"Wine, Beer, Chicken Pakora, Masala Corn, Pakoda, Garlic Chicken, French Fries","Finger Food"
4377,"\N","Andhra, Biryani, North Indian, Chinese"
4378,"Mocktails, Beer, Chips, Pizza, Salsa, Nachos, Roti","Continental, Chinese"
4379,"\N","Italian, Fast Food, Pizza"
4380,"Cocktails, Pizza, Murgh Platter, Draught Beer, Veg Platter, Chicken Wings, Fries","Continental, Chinese"
4381,"Lemon Chicken, Hyderabadi Biryani","Hyderabadi, North Indian, Chinese, Biryani"
4382,"Coffee, Wedges, Broccoli Soup, Chicken Ceaser Salad, Chicken Burger, Pancakes, Chicken Steak","Cafe"
4383,"Egg Pepper Fry, Egg Curry, Chicken Biryani, Jeera Rice, Ghee Rice, Chicken Kheema Dosa, Fish Fry","Chettinad, South Indian, Biryani"
4384,"Andhra Meal, Mutton Soup, Vegetable Biryani, Non Veg Thali, Chicken Boneless Biryani, Mutton Biryani, Chilli Chicken","Andhra, Biryani, North Indian, Chinese"
4385,"Butter Chicken, Biryani, Pepper Chicken, Chilli Chicken, Kalmi Kabab, Tandoori Chicken, Chicken Malai Tikka","North Indian, Mughlai, Biryani, Chinese, Kebab"
4386,"Peri Peri Chicken, Beer, Pasta, Nachos, Cocktails, Pizza, Dragon Prawn","Finger Food, Continental, Chinese"
4387,"Chicken Tikka, Paneer Tikka, Brownie, Biryani, Mocktails, Tea, Dal Makhani","North Indian, Continental"
4388,"Shahi Paneer, Custard, Rajma, Sweet Lassi, Protein Chapati, Biryani, Jeera Rice","North Indian"
4389,"Burgers, Pasta, Cheese Burger, Mocktails, Ferrero Rocher Milkshake, Peri Chicken, Chicken Paprika","Cafe, American, Burger, Steak"
4390,"Coffee, Pizza, Pasta, Burgers, Tomato Soup, Eggs Benedict, Brownie Fudge","BBQ, Continental, Burger, Wraps, Pizza, Cafe"
4391,"Pav Bhaji, Panipuri, Chaat","South Indian, Chinese, North Indian"
4392,"Sandwiches, Paratha, Fruit Lassi, Gulab Jamun","Beverages, Juices, Ice Cream, Fast Food, Sandwich"
4393,"\N","Desserts, Bakery, Beverages"
4394,"Chaat, Burgers, Cheese Maggi, Tea, Chocolate Shake, Lassi, Cheese Vada Pav","Street Food, Burger, Fast Food"
4395,"Pasta, Pizza, Garlic Bread","Pizza, Italian"
4396,"Noodles, Hunan Chicken, Momos, Spring Roll, Wonton Soup, Chicken Butter Garlic, Fried Rice Chicken","Chinese, Thai, Momos, Vietnamese"
4397,"Tea, Upma, Coffee, Pongal, Podi Idli, Masala Vada, Mini Idlis","South Indian"
4398,"Burgers, Chicken Popcorn, Peri Peri Chicken, Peri Peri Burger, Fries, Chicken Wings, Crunchy Veg Burger","American, Burger, Fast Food"
4399,"Dal Makhani, Rice, Buttermilk","North Indian, Chinese"
4400,"Noodles, Fish","North Indian, Continental, Italian"
4401,"Burgers, Crispy Chicken, Chicken Zinger Burger, French Fries, Chicken Fries, Hot Wings","Burger, Fast Food"
4402,"Burgers, Cocktails, Mushroom Nuggets, Draught Beer, Fish Fingers","Continental"
4403,"Halwa, Waffles, Chaat, Pasta, Coffee, Creme Brulee, Salads","European, Asian"
4404,"Chole, Kulcha, Mutton Curry, Paratha, Mint Raita, Chicken Curry, Dal Makhani","North Indian"
4405,"Beer, Steak, Burgers, Fritters, Caramel Custard, Pasta Alfredo, Pizza","Italian, Chinese, Continental, Steak"
4406,"Goan Thali, Sol Kadhi, Prawn, Pork Vindaloo, Plain Rice, Fish, Beef Fry","Goan, Chinese, Biryani"
4407,"Thali, Duck Curry, Fish, Brinjal Fry, Aloo Pitika, Chicken Curry, Lime Soda","Assamese"
4408,"\N","South Indian, Kerala, Chinese"
4409,"Cappuccino, Fish, Burgers, Pizza, Coffee, White Sauce Pasta, Fries","Cafe"
4410,"Chicken Grill, Burgers, Garlic Bread, Mocktails, Fries, Salads, Pudding","African, Burger"
4411,"Biryani, Galauti Kebab, Tandoori Chicken, Phirni, Tundey Paratha, Rolls, Rumali Roti","North Indian, Kebab"
4412,"Rolls, Tandoori Murgh Masala, Legendary Arsalan, Firni, Phirni, Mutton Biryani, Chicken Roll","North Indian, Mughlai"
4413,"Nachos, Rice Bowl, California Burrito, Rice Bowls, Chicken Quesadilla, Bbq Chicken, Pink Lemonade","Mexican, Fast Food"
4414,"\N","South Indian, North Indian, Chinese, Desserts, Fast Food, Ice Cream"
4415,"\N","Beverages, Fast Food, Street Food"
4416,"\N","American, Cafe, Chinese, Italian, Desserts"
4417,"Coffee, Sandwiches, Mushroom Pasta, Mocktails, Creme Brulee, Burgers, Salads","European, French, Salad"
4418,"Cut Fruits, Pasta, Sunday Brunch","North Indian"
4419,"\N","North Indian, Asian, Mediterranean"
4420,"\N","North Indian, Chinese, South Indian, Street Food"
4421,"Cup Cake, Waffles","Bakery, Desserts"
4422,"Beer, Cocktails, Garden Pizza, Chicken Tikka, Spring Roll, Chips, Chicken Wings","Finger Food, North Indian, Italian"
4423,"Veg Platter, Chicken Kebab Roll, Chai, Aloo Samosa, Chicken Samosa","Street Food, Fast Food, Rolls, Desserts"
4424,"Lunch Buffet","Mughlai, North Indian, Continental"
4425,"Palak Paneer, Chicken Boneless Biryani, Tandoori Chicken, Butter Naan, Buttermilk, Dal Fry, Roti","North Indian, South Indian, Chinese, Andhra, Biryani"
4426,"Biryani, Irani Chai, Tea, Lemonade, Mezze Platter, Shawarma, Plain Rice","Arabian, Middle Eastern"
4427,"Hyderabadi Biryani, Haleem, Andhra Biryani, Chicken Biryani, Mutton Biryani, Ghee Rice, Butter Chicken","Biryani, North Indian, Chinese"
4428,"\N","North Indian, Chinese, Finger Food"
4429,"Paratha, Tikka, Rajma, Sweet Lassi, Murgh Patiala, Paneer Lababdar, Dal Makhani","North Indian, Chinese"
4430,"Hot Chocolate, Chocolate Pastry, Cheesecake, Coffee, Chocolate Sundae, Chips, Mumbai Sandwich","Desserts, Cafe, Beverages"
4431,"Samosa, Poha, Chaat, Ginger Tea, Chhole Bhature, Chole, Aloo Tikki","Fast Food"
4432,"Paratha, Panneer Butter Masala, Dal Tadka, Shahi Paneer, Sweet Lassi, Dal Makhani, Biryani","North Indian"
4433,"Coconut Ice Cream, Custard Apple, Choco Almond","Ice Cream, Beverages"
4434,"French Chicken, Roti, Biryani","North Indian, Chinese, Kebab"
4435,"Sushi, Noodles, Khao Suey, Momos, Vegetarian, Thukpa Soup, Thai Green Curry","Vietnamese, Thai, Burmese, Japanese"
4436,"Cocktails, Pasta, Pizza, Vegetable Biryani, Nachos, Chicken Achari Tikka, Mocktails","Finger Food, Continental, North Indian, Italian, Japanese"
4437,"Butterscotch Ice Cream, Sandwiches, Milk Shake, Hot Chocolate Fudge, Brownie, Vanilla Ice Cream, Burgers","Desserts, Fast Food, Beverages"
4438,"Paneer Tikka, Dal Bati, Gulab Jamun, Thali, Tandoori Mushrooms, Chole, Chinese Bhel","North Indian, South Indian, Italian, Chinese, Fast Food"
4439,"Pasta, Apple Pie, Sandwich, Chocolate Cake, Burgers, Hot Chocolate, Donut","Bakery, Fast Food, Pizza, Burger"
4440,"Manchow Soup, Tandoori Chicken, Paratha","North Indian, Chinese"
4441,"Fruit Cake, Blueberry Cake, Brownie, Chocolate Walnut Cake, Carrot Cake, Chocolate Blueberry, Meetha Paan","Bakery, Desserts, Healthy Food"
4442,"Burgers, Wings","Roast Chicken, Burger"
4443,"Beer, Chicken Tikka, Cosmopolitan, Burgers, Cocktails, Mocktails, Pudding","British, Continental, BBQ"
4444,"\N","South Indian, North Indian, Chinese, Biryani, Beverages"
4445,"Laccha Paratha, Butter Naan, Roti, Vegetable Biryani","North Indian, Biryani, Chinese"
4446,"Pizza, Chicken Kebab, Mocktails, Burgers, Pasta, Chicken Biryani, Salad","North Indian, Continental, BBQ"
4447,"Paneer Tikka Biryani, Chicken Biryani, Bamboo Chicken, Chicken Kebab, Vegetable Biryani","Biryani, Andhra, North Indian, Chinese"
4448,"Rolls, Egg Roll, Chai, Ginger Tea, Biryani, Rasgulla, Luchi","Fast Food, Bengali, Rolls"
4449,"\N","Juices, Fast Food, Beverages"
4450,"Jalebi, Lunch Buffet, Dal Kichadi, Panneer Butter Masala, Crispy Corn, Dal Makhani, Gulab Jamun","North Indian, Chinese, South Indian"
4451,"Ghee Rice, Mutton Biryani, Seekh Kebab, Paratha, Tandoori Chicken, Kalmi Kebab","North Indian, Chinese"
4452,"Cocktails, Burgers, Chicken Chunks, Crispy Chicken","Continental, Asian, North Indian, South Indian"
4453,"Masala Peanuts, Beer, Chicken Lollipop, Pepper Chicken, Chilli Chicken, French Fries, Egg Bhurji","North Indian, Chinese, Fast Food"
4454,"Biryani, Chilli Chicken","Andhra, South Indian, Hyderabadi"
4455,"\N","North Indian, Bengali, Biryani, Mughlai"
4456,"Tea, Paratha, Poha, Coffee, Chai, Sandwiches, Maggi","North Indian, Cafe, Fast Food, Beverages"
4457,"Beer, Onion Pakoda, Long Island Iced Tea, Peri Peri Chicken, Cocktails, Veg Platter, Stout","Continental, American, Italian, Modern Indian, Pizza, Burger"
4458,"\N","Cafe, Italian, Desserts"
4459,"Lassi, Aloo Paratha, Jalebi, Palak Paneer, Cheese Naan","North Indian"
4460,"Poricha Kozhi, Chicken Curry","South Indian, Kerala, North Indian, Chinese"
4461,"Hyderabadi Biryani, Paneer Biryani","Biryani"
4462,"\N","Kerala, North Indian, Chinese, Kebab"
4463,"Tandoori Chicken","North Indian, Chinese"
4464,"Chicken Sukha, Butter Chicken, Panneer Butter Masala, Masala Prawn, Chicken Curry, Biryani, Paratha","Chettinad, Chinese, South Indian"
4465,"\N","Japanese"
4466,"Chocolate Cookies, Cocktails, Fudge Sundae, Jasmine Rice, Gong Bao Chicken, Date Pancakes, Golden Fried Prawns","Chinese"
4467,"Beer, Pasta, Pepper Chicken, Onion Rings, Mocktails, Supreme Pizza, Fish Finger","Continental, North Indian, Chinese"
4468,"\N","Pizza, Burger, Coffee, Beverages"
4469,"Chicken Lasagne, Chocolate Cake, Mushroom Quiche, Sandwiches, Pizza, Steak","Bakery, Fast Food"
4470,"Shawarma, Burgers, Beef Burger, Potato Wedges, Vegetable Noodles, Cheese Fatayer, Garlic Fries","Fast Food"
4471,"Coffee, Appam, Kadala Curry, Onion Pakoda, Paneer Roll, Sweet Pongal, Kokum Juice","Cafe, Healthy Food, South Indian"
4472,"\N","Seafood, South Indian"
4473,"Sandwiches, Spinach Corn Sandwich, Tiramisu, Brownie, Burgers, Chocolava, Banana Split","Desserts, Ice Cream, Beverages, Sandwich"
4474,"Beer, Cocktails, Tiramisu, Tawa Chicken, Mocktails, Chicken Satay, Sea Food","American, Continental, North Indian, Mediterranean"
4475,"Sandwiches, Coffee, Burgers, Chicken Wrap, Rolls, Ginger Tea, Chicken Sandwich","Cafe, Continental, Fast Food"
4476,"Chaat, Dabeli, Pav Bhaji, Sandwiches, Farsan, Sandwich, Vada Pav","Street Food, Gujarati"
4477,"Paneer Pizza, Sizzler Brownie, Hot Chocolate, Pancakes, Pasta, Coffee, Nutella Waffle","Desserts, Cafe, Italian, Beverages"
4478,"\N","North Indian, Chinese, Mangalorean"
4479,"\N","Chinese, Street Food, Rolls"
4480,"Chaat, Pav Bhaji, Vada, Vegetarian, Masala Dosa, Idli, Brownie","North Indian, Chinese, Continental, South Indian"
4481,"\N","Biryani, Chettinad, South Indian, Chinese"
4482,"Calcutta Paan, Malai Kulfi, Tender Coconut Kulfi, Kesar Pista Kulfi, Mango Kulfi","Ice Cream"
4483,"Cocktails, Chicken Kebab, Murgh Ghee Roast, Virgin Mojito, Honey Chilli Fries, Ice Tea, Shawarma","American, North Indian, Chinese, Finger Food, Momos"
4484,"\N","Bengali, Chinese, North Indian"
4485,"\N","North Indian, Chinese, Biryani, Rolls"
4486,"\N","Arabian, Chinese, Kerala, North Indian"
4487,"Corn Balls, Cocktails, Mocktails, Sunday Brunch, Fish, Chicken Wings, Nachos","Continental, Pizza, North Indian, Goan, Cafe"
4488,"Pot Biryani, Boneless Biryani, Raita, Paneer Biryani, Mutton Biryani, Sea Food, Ghee Roast Mutton","North Indian, Chinese, Biryani, Seafood"
4489,"Biryani, Cocktails, Mushroom Pasta, Dragon Chicken, Beer, Noodles, Steak","North Indian, Chinese, Continental, Bengali"
4490,"\N","South Indian, North Indian, Chinese, Street Food, Beverages"
4491,"Momos, Pizza, Nachos, Burgers, Pasta","Fast Food, Beverages, Momos"
4492,"Biryani, Mutton Chops, Pepper Chicken, Chilli Chicken, Brain Fry","South Indian, North Indian, Seafood, Chinese"
4493,"Cocktails, Pizza","Continental"
4494,"Aloo Paratha, Panneer Butter Masala","North Indian, Mughlai, Biryani, Chinese"
4495,"Cocktails, Pizza, Buttermilk","Finger Food"
4496,"Dal Halwa","North Indian, South Indian, Continental, American, Asian"
4497,"\N","North Indian, Chinese, Seafood, Mangalorean"
4498,"Thukpa, Hakka Noodles","Chinese, Tibetan, North Indian"
4499,"\N","Steak, Mediterranean, Grill"
4500,"\N","Biryani, South Indian, Mangalorean"
4501,"Pasta, Veg Sushi, Biryani, Lunch Buffet, Waffles, Grilled Lamb, Sunday Brunch","North Indian, Continental, Japanese, Chinese, South Indian"
4502,"\N","Beverages, Desserts, Juices"
4503,"Shawarma, Tea, Chai, Coffee","Cafe"
4504,"Paratha, Veg Thali, Chole Bhature, Gulab Jamun, Lassi, Dal Fry, Roti","North Indian"
4505,"Blackcurrant Shake, Nutella Shake","Beverages"
4506,"Chaat, Pav Bhaji, Kheer, Aloo Paratha, Rabri, Sweet Lassi","North Indian"
4507,"Biryani, Fried Rice","Chinese, North Indian, South Indian"
4508,"Mutton Nalli, Andhra Meal, Bamboo Chicken, Chicken Boneless Biryani, Vada, Chicken Kebab, Mutton Biryani","Andhra, Biryani, North Indian, Chinese"
4509,"Sandwiches, Blueberry Waffles, Fruit Pancake, Blueberry Pancakes, Belgian Waffles, Chocolate Chip Waffle, Banana Caramel","Cafe, Desserts"
4510,"\N","Pizza, Beverages"
4511,"\N","American"
4512,"Thali","Mithai, Street Food"
4513,"Panneer Butter Masala, Rolls, Chicken Roll, Paneer Roll, Tandoori Chicken, Naan, Egg Bhurji","North Indian, Chinese, Biryani, Fast Food"
4514,"Sandwich, Coffee, Sandwiches, Brownie, Pizza","Bakery, Cafe"
4515,"Burgers, Beef Steak, Cocktails, Chips, Chicken Soup, Onion Rings, Chicken Wings","Continental"
4516,"Rasgulla, Mutton Kosha, Fish, Chicken Curry, Egg Tadka, Prawn Curry, Dahi Baigan","Oriya, North Indian, Bengali, Chinese"
4517,"Filter Coffee, Vada","South Indian, Beverages"
4518,"Vada, Set Dosa, Thali, Masala Dosa, Roti, Idli","South Indian, North Indian, Chinese"
4519,"Waffles, Coffee, Pizza, Burgers, Hot Chocolate, Brownie, Fries","Desserts, Cafe"
4520,"\N","North Indian, Street Food, Kebab"
4521,"Appam, Buttermilk, Idiyappam, Kerala Parotta, Chicken Curry, Paratha, Roast Beef","Kerala, Chinese"
4522,"\N","North Indian, Chinese, Mughlai, Biryani, Kebab"
4523,"Tandoori Chicken, Rumali Roti, Butter Chicken, Malai Kofta, Chicken Curry, Palak Paneer, Chicken Biryani","North Indian"
4524,"\N","Chinese, North Indian, Mangalorean"
4525,"Hyderabadi Biryani, Mutton Biryani, Vegetable Biryani","Biryani, Hyderabadi, Chinese"
4526,"Mutton Biryani, Paya Soup, Bheja Masala, Phirni, Brain Fry, Chicken Kebab, Chicken Grill","Biryani, North Indian, Mughlai"
4527,"Thali, Aamras, Malpua, Lassi, Plain Rice, Buttermilk, Chaat","Rajasthani, North Indian"
4528,"Waffles, Pie, Corn Dog","Cafe, Fast Food, Desserts, Beverages"
4529,"Mocktails, Cocktails, Pizza, Butter Chicken Burger, Paan Ice Cream, Sangria, Margarita","European, North Indian, Mediterranean, Asian, Salad"
4530,"Masala Papad","Chinese, North Indian, Thai"
4531,"\N","BBQ, Biryani, Continental"
4532,"Raita, Gosht Dum Biryani, Dum Ghost Biryani, Paneer Biryani","Biryani"
4533,"Pasta, Pizza, Sandwiches, Chilli Cheese Garlic Bread, Hazelnut Latte, Tea, Cappuccino","Cafe, Continental, Salad, Italian"
4534,"Burgers, Chai, Paratha, Sandwich, Ginger Tea, Chaat, Oreo Shake","Tea, Beverages, Fast Food"
4535,"Lassi, Aloo Gobhi, Butter Chicken, Roti, Afghan Chicken, Matar Paneer, Laccha Paratha","North Indian"
4536,"Chicken Curry, Mutton Biryani, Paratha, Kothu Parotta, Mutton Fry, Pallipalayam Chicken, Chicken Biryani","Chettinad, South Indian"
4537,"Fish, Kosha Mangsho, Chicken Curry, Luchi, Chingri Malaikari, Biryani, Bhetki Fry","Bengali, Seafood"
4538,"\N","Cafe, Italian, French"
4539,"Sandwich","Desserts, Juices, Fast Food"
4540,"Pizza, Garlic Bread, Beer, Tiramisu, Vanilla Ice Cream, Ravioli, Coffee Ice Cream","Italian, Pizza, Beverages"
4541,"Margarita, Masala Peanuts, Cocktails, Momos, Pizza, Chilli Chicken, Beer","Continental, North Indian, Italian"
4542,"\N","Asian, Thai"
4543,"Burgers, Fries, Hot Dog, Chicken Hotdog, Cuban Mojito, Cheese Burger, Grilled Burger","Cafe, Burger, Fast Food"
4544,"Lassi, Panneer Butter Masala, Paratha, Thali","North Indian, Chinese"
4545,"\N","Bakery, Healthy Food"
4546,"Noodles, Veg Buffet, Mango Juice, White Pasta, Panipuri, Thin Crust Pizza, Dal Makhani","North Indian, South Indian"
4547,"\N","Mithai, Street Food, Rajasthani"
4548,"Dal Makhani, Thali, Matka Lassi","North Indian"
4549,"Pizza, Salads, Pasta, Sandwiches, Veg Quiche, Coffee, Tea","Cafe, Continental, Italian"
4550,"Salad","Salad, Fast Food"
4551,"Paratha, Salads, Dal Makhani, Salad, Masala Lemonade, Paneer Biryani, Sandwiches","North Indian, Mughlai, Fast Food"
4552,"\N","Chinese, North Indian, Fast Food, Momos"
4553,"Alfam Chicken, Ghee Rice, Chicken Curry, Mutton Biryani, Chicken Grill, Shawarma, Fruit Salad","North Indian, Mughlai, South Indian, Chinese"
4554,"Sandwiches, Sausage Roll, Garlic Bread","Bakery, Fast Food, Desserts"
4555,"Momos, Manchow Soup, Fish, Clear Soup, Chop Suey, Hakka Noodles","Chinese, Thai, Seafood"
4556,"Cocktails, Peri Peri Chicken, Meat Pizza, Mojito, Buffalo Wings, Beer, Burgers","Continental, American, Chinese, BBQ, Salad, Italian"
4557,"Waffles, Hot Chocolate, Brownie, Pizza, Coffee, Pancakes, Pasta","Desserts, Cafe, Italian, Beverages"
4558,"Brain Fry, Non Veg Thali, Peri Peri Chicken, Egg Biryani, Fruit Salad, Lassi, Jumbo Shawarma","North Indian, Mughlai, South Indian, Chinese"
4559,"Salads, Lamb, Sandwiches, Ice Tea, Chicken Salad, Steak, Chicken Shashlik","American, Continental, Fast Food, Steak"
4560,"Pizza, Mocktails, Coffee, Nachos, Salad, Pasta, Sandwiches","Cafe, Italian, Continental"
4561,"\N","Fast Food, Beverages, Sandwich"
4562,"Mutton Biryani, Cocktails, Dal Makhani, Naan, Fish, Roti, Lamb","North Indian, Afghan"
4563,"Mocktails, Pizza, Pasta Alfredo, Burgers, Nachos, Exotic Garlic Bread, Milk Shake","Cafe, Chinese, Continental, Italian"
4564,"Cocktails, Mutton Seekh, Tangdi Chicken, Mango Ice Cream, Biryani, Malai Kulfi, Fish","North Indian, European, Mediterranean, BBQ, Kebab"
4565,"Sandwiches, Club Chicken Sandwich, Pizza, White Sauce Pasta, Coffee, Tomato Basil Pasta, Garlic Bread","Cafe"
4566,"Rasmalai, Salads, Pasta, Pizza, Mutton Biryani, Cocktails, Coffee","North Indian, American, Italian"
4567,"\N","Biryani, Seafood, South Indian"
4568,"Gulab Jamun, Lassi, Dal Makhani, Buttermilk, Thali, Paratha","North Indian"
4569,"Manchurian, Chop Suey, Chilli Paneer, Hunan Chicken","Chinese"
4570,"\N","Finger Food, North Indian, Continental"
4571,"Chicken Fry, Mutton Fry, Mutton Biryani, Chicken Biryani, Chicken Kebab, Donne Biryani, Chilli Chicken","Biryani, Kebab"
4572,"\N","Beverages, Bakery"
4573,"\N","North Indian, South Indian, Andhra, Cafe"
4574,"Burgers, Strawberry Shake, Fries, Pancakes, Chicken Salad, Lamb","Burger, Fast Food, Beverages"
4575,"\N","Beverages, Ice Cream, Sandwich, Fast Food"
4576,"\N","Beverages, Juices, Ice Cream, Sandwich"
4577,"Salads, Gulab Jamun, Pasta, Fish, Rasgulla, Coffee, Lunch Buffet","North Indian, Italian, Chinese, Asian"
4578,"Craft Beer, Stout, Cocktails, Chicken Wings, Brewed Beer, Mysore Pak, Cheesecake","Modern Indian"
4579,"Burgers, Ginger Chicken, Virgin Mojito, Popcorn, Rice Bowl","Burger, Fast Food"
4580,"Burgers, Pav Bhaji, Paneer Tikka, Salad, Sandwiches, Pasta, Pizza","North Indian, Continental, Italian, Cafe"
4581,"Gongura Chicken Biryani","Andhra, South Indian, North Indian, Biryani"
4582,"\N","Bihari, North Indian"
4583,"Rava Idli, Filter Coffee, Tea, Vada, Paper Masala Dosa, Donne Biryani","South Indian, North Indian, Chinese, Juices, Ice Cream"
4584,"\N","Cafe, Burger, Sandwich, Beverages"
4585,"\N","Burger, Fast Food, Desserts, Sandwich"
4586,"Vada","North Indian, South Indian, Chinese, Street Food"
4587,"Waffles, Burgers, Pizza, Tea","Fast Food, Continental, Desserts"
4588,"Biryani","Healthy Food, North Indian, Biryani"
4589,"Biryani, Raita","North Indian, Chinese, Seafood, Biryani"
4590,"\N","Cafe, Continental, Coffee"
4591,"Paratha, Fish Fry","Kerala, Konkan"
4592,"Chinese Bhel, Noodles, Butter Garlic Momos","Chinese"
4593,"Kharabath, Crispy Vada, Filter Coffee, Idli Vada, Idli Chutney, Kesari Bath, Gulab Jamun","South Indian"
4594,"Spring Dosa, Coffee, Spring Roll, Masala Papad, Rava Idli, Panneer Butter Masala, Chaat","North Indian, South Indian, Chinese, Fast Food, Juices"
4595,"Pesto Pizza","Pizza, Italian, Salad"
4596,"Chicken Grill, Biryani, Roti, Chicken Masala","North Indian, Chinese, Biryani, Kebab"
4597,"Salads, Veg Pulao, Sea Food, Popcorn Chicken, Karachi Naan, Rabri, Butter Chicken","Arabian, North Indian, Beverages"
4598,"Cocktails, Lasagne, Martini, Mocktails, Mutton Pepper, Long Island Iced Tea, Mojito","Asian, North Indian, Thai"
4599,"Poha, Aloo Paratha","Bihari, North Indian, South Indian"
4600,"Pizza, Cheesecake, Burgers, Pasta, Waffles, Chocolate Cake, Veg Burger","American, Cafe, Continental, French, Burger, Mexican, Desserts, Pizza"
4601,"\N","Fast Food, North Indian, Sandwich"
4602,"\N","South Indian, Chinese, Chettinad"
4603,"Beer, Chicken Guntur, Paneer Tikka, Fish, Noodles, Cocktails, Gulab Jamun","North Indian, Continental, Mediterranean"
4604,"Chole Bhature, Jalebi, Chaat, Puri Sabzi, Buttermilk, Dhokla, Panipuri","North Indian, South Indian, Chinese, Street Food, Mithai"
4605,"Spicy Chicken","Andhra, North Indian"
4606,"Pizza, Coffee, Pasta, Sandwiches, Chicken Lasagne, Pepper Chicken, Bruschettas","Cafe, Continental, Pizza, Italian, Beverages"
4607,"Ghee Roast Paneer, Murgh Ghee Roast, Fish Fry, Neer Dosa, Appam, Sea Food, Chicken Sukha","Mangalorean, Seafood, South Indian"
4608,"Tandoori Chicken","Chinese, North Indian, Mughlai"
4609,"Paratha","Biryani, Fast Food, North Indian, Chinese"
4610,"Fries, Lunch Buffet, Appam, Manchow Soup, Paneer Tikka, Vegetable Stew","South Indian, North Indian, Chinese, Biryani"
4611,"Pasta, Pizza, Pancakes, Fish, Salads, Chaat","American, Continental, North Indian, South Indian"
4612,"Salads, Mint Masala, Breakfast Buffet, Pasta, Lunch Buffet, Spring Roll, Roti","North Indian, Chinese"
4613,"Chicken Grill, Paan Kulfi, Mocktails, Crispy Corn, Pasta, Fish Grill, Noodles","North Indian, European, Mediterranean, BBQ, Kebab"
4614,"Rooftop Ambience","North Indian, Thai, Chinese, Continental"
4615,"Beer, Lasagne, Cocktails, Pizza, Churros, Chicken Pepper Fry, Chicken Tikka","Continental, Mexican, Burger, Desserts, Italian, Pizza, North Indian, Chinese"
4616,"Salads, Gulab Jamun","North Indian, Chinese, Thai, Continental"
4617,"\N","Arabian, North Indian, Chinese, Biryani"
4618,"\N","North Indian, Rajasthani, Street Food"
4619,"Chicken Biryani, Hyderabadi Dum Biryani, Raita","Biryani"
4620,"Brownie","North Indian, Chinese"
4621,"Mutton Biryani, Tandoori Chicken, Butter Naan, Fish, Butter Chicken, Chicken Boneless Biryani, Vegetable Biryani","Biryani, North Indian, Chinese, Seafood"
4622,"\N","Biryani, Fast Food, North Indian, Chinese"
4623,"\N","Fast Food, Burger, Pizza"
4624,"Fries, Whole Meat Shawarma, Rolls","Arabian"
4625,"Dragon Chicken, Salad, Hakka Noodles, Chicken Momo, Chop Suey, Dragon Rolls, Fish Chilli","Chinese, Thai"
4626,"Kadhai Paneer, Paratha","North Indian"
4627,"\N","Burger, Chinese, Fast Food, Pizza, Sandwich"
4628,"Fish Thali, Aloo Paratha","North Indian"
4629,"Apple Pie Ice Cream, Nolen Gur, Paan Ice Cream, Chocolate Fudge, Gur Ice Cream","Ice Cream, Desserts"
4630,"\N","North Indian, Chinese, Rolls, Bakery, Arabian, Charcoal Chicken, Desserts"
4631,"Dahi Vada, Masala Dosa, Coffee, Chaat, Roti","Fast Food, North Indian, Chinese, South Indian"
4632,"\N","North Indian, BBQ"
4633,"Hyderabadi Biryani, Dum Ka Chicken, Rice","North Indian, South Indian, Biryani"
4634,"\N","Chinese, Andhra, Mangalorean"
4635,"\N","Chinese, Italian, Fast Food, Momos"
4636,"Pasta, Honey Chilli Chicken, Noodles, Tandoori Chicken, Chicken Biryani, Fish, Murgh Patiala","Continental, North Indian, Chinese"
4637,"Rolls, Jumbo Chicken Roll, Falafel Roll, Chicken Kudu Roll, Mutton Roll, Shawarma, Spicy Roll","Middle Eastern, Fast Food, Rolls"
4638,"\N","Turkish, Chinese"
4639,"English Breakfast, Healthy Breakfast, Waffles, Chicken Sandwich, Pancakes, Pork Sausage, Eggs Benedict","Cafe, Continental"
4640,"\N","Mughlai, Chinese, South Indian"
4641,"\N","Chinese, Mangalorean, Seafood, North Indian"
4642,"Paratha, Sea Food, Appam, Malabari Biryani","Kerala"
4643,"\N","North Indian, Cafe, Chinese"
4644,"Paneer Tikka Pizza, Veggie Pizza, Chocolate Tart, Peri Peri Chicken Pizza, Pasta, Kit Kat Shake, Burgers","Pizza, Italian, Beverages"
4645,"Rava Idli, Tea, Coffee, Rava Dosa, Biryani, Masala Dosa, Pav Bhaji","North Indian, South Indian, Chinese"
4646,"Chicken Biryani, Kastoori Chicken, Rice, Mushroom Biryani, Mutton Biryani, Paneer Biryani, Tandoori Chicken","North Indian, Biryani, Chinese"
4647,"Pasta, Pizza, Burgers, Sandwiches, Greek Salad, Sandwich, French Fries","Cafe, European, Beverages, Italian"
4648,"Coffee","Cafe, Fast Food"
4649,"Appam","Kerala"
4650,"Mutton Biryani","Biryani, North Indian, Charcoal Chicken, Chinese, Seafood, Rolls"
4651,"Chaat, Pav Bhaji, Tea, Samosa, Vada Pav, Panipuri, Bhel Puri","Street Food, North Indian"
4652,"\N","Beverages, Fast Food, Ice Cream, Sandwich"
4653,"Waffles, Chocolate Avalanche, Chocolate Volcano, Lava Cake","Desserts, Ice Cream"
4654,"Tandoori Chicken, Chicken Biryani, Naan, Dum Biryani, Sweet Lassi, Dal Tadka, Hyderabadi Biryani","Biryani, North Indian, Chinese"
4655,"Neer Dosa, Coffee, Pav Bhaji, Khali Dosa, Panipuri, Masala Dosa, Tea","South Indian, North Indian, Chinese"
4656,"Pancakes, Waffles, Popcorn, Nachos, Tea, Savoury Crepe, Hot Chocolate","Desserts, Beverages"
4657,"Fish Curry","Biryani, Chinese, Continental, North Indian, Kerala, South Indian"
4658,"Thick Shakes, Maggi, Peri Peri Fries, Sandwich, Momos","Beverages, Fast Food"
4659,"Andhra Thali, Mutton Biryani, Mutton Fry, Lassi, Chicken Curry, Ragi Mudde, Ulavacharu","Andhra, Seafood, Biryani"
4660,"\N","Fast Food, Pizza, Desserts"
4661,"Chai, Masala Tea, Samosa, Banana Cake, Egg Puff, Ginger Tea","Tea, Beverages, Fast Food"
4662,"\N","Fast Food, North Indian, Rolls"
4663,"Kulcha, Chole, Mutton Curry, Paratha, Mint Raita, Chicken Curry, Dal Makhani","North Indian"
4664,"Mutton Biryani, Shawarma, Bheja Fry, Pahari Chicken, Butter Chicken, Mutton Chops, Butter Naan","Mughlai, North Indian, Chinese"
4665,"Sushi, Noodles","Japanese, Chinese, Thai"
4666,"Gulab Jamun, Chaat, Jalebi, Samosa, Chole, Sev Puri, Rasgulla","Street Food, Mithai"
4667,"\N","Andhra, Chinese, Continental"
4668,"Chole Bhature, Veg Thali","North Indian"
4669,"Dal Fry","North Indian, Chinese, Biryani, Seafood"
4670,"Charcoal Chicken, Biryani, Shawarma, Pulpy Grape Juice, Tandoori Chicken, Lime Soda, Seekh Kebab","North Indian, Chinese, Mughlai"
4671,"Mutton Biryani, Raita, Firni, Chicken Biryani, Rolls, Chicken Tikka Kebab, Naan","North Indian, Kebab, Biryani, Rolls"
4672,"Burgers, Pizza, Peri Peri Chicken Burger, Sandwiches, Pasta, Sandwich, Potato Wedges","Continental, Cafe, Desserts, Italian, Bakery"
4673,"Mojito, Orange Lemonade, Masala Shikanji, Lassi, Dahi Kebab, Chicken Wings, Biryani","North Indian"
4674,"Pita Bread, Rolls, Shawarma Roll, Lebanese Shawarma, Chicken Grill, Barbeque Chicken","Arabian, BBQ, Rolls, Lebanese"
4675,"Chicken Biryani","Andhra"
4676,"Cocktails, Sunday Brunch, Rasmalai, Lunch Buffet, Biryani, Ravioli, Sunday Brunches","Goan, Asian, North Indian, European, Continental"
4677,"Pasta, Wine, Mocktails, Coffee, Virgin Mojito, Salads, Sangria","Cafe, Continental, Italian, German, French, Spanish"
4678,"Ramen, Cocktails, Crab Sushi, Maki Roll, Creme Brulee, Thai Chicken Salad, Beef Salad","Asian, Thai, Vietnamese, Malaysian, Beverages"
4679,"Chips, Cocktails, Biryani, Pinacolada, Almond Soup, Mocktails, Tomato Soup","Modern Indian"
4680,"Lassi, Bhindi Masala, Chicken Butter Masala, Dal Makhani, Achari Paneer, Chicken Bharta, Malai Kofta","North Indian"
4681,"Mojito, Beer, Cocktails, Chicken Wings, Pasta, Nachos, Potato Wedges","Continental, Chinese, North Indian"
4682,"Rose Tea, Hibiscus Tea, Masala Chai, Ginger Tea","Cafe"
4683,"Farmhouse Pizza, Chocolate Banana, Virgin Mojito, Pasta, Paneer Tikka, Lime Soda, Prawn Pizza","Pizza, Cafe, Italian"
4684,"Paratha, Vada Pav, Chaat, Pav Bhaji, Panipuri, Masala Poori, Dhokla","North Indian, Street Food, Juices"
4685,"Paneer Sandwich, Sandwiches, Burgers, Momos, Maggi, Ferrero Rocher Shake, Thick Shakes","Beverages, Fast Food"
4686,"Biryani, Fries, Thick Shakes","Fast Food, Desserts, Beverages"
4687,"Mughlai Paratha, Laccha Paratha, Rolls","North Indian, Chinese"
4688,"\N","Andhra, North Indian, Chinese, Biryani"
4689,"Biryani","Andhra, Seafood, North Indian, Chinese"
4690,"Rolls, Chicken Roll, Biryani, Panneer Butter Masala, Ghee Rice, Rumali Roti","North Indian, Chinese, Seafood, Rolls"
4691,"Tea, Sandwiches, Coffee, French Fries, Cheese Sandwich, Hot Chocolate","Cafe, Continental, American, Beverages"
4692,"Patisserie Nitash, Brownie, Chocolate Cake, Chocolate Ganache, Macaroon, Cheesecake","Bakery"
4693,"Sabudana Vada, Masala Dosa, Filter Coffee, Pesarattu Upma, Podi Idli, Mirchi Bajji, Pongal","South Indian, Fast Food"
4694,"\N","Beverages, Fast Food, Ice Cream"
4695,"Liti Chokha, Chilli Chicken, Chicken Litti, Paratha, Lassi, Pan Fried Momos, Egg Curry","North Indian, Chinese"
4696,"Pasta, Mezze Platter, Momos, Pizza, Waffles, Chocolate Milkshake, Pancakes","Chinese, American, Continental, Italian, North Indian"
4697,"Burgers, Peri Peri Chicken, Spicy Chicken, Grilled Lamb Burger, Chicken Burger, French Fries","Burger, Fast Food"
4698,"Egg Tadka, Roti, Veg Thali","Oriya"
4699,"Chicken Curry","South Indian, North Indian, Biryani"
4700,"\N","Assamese, North Indian, Chinese"
4701,"\N","Chinese, Hyderabadi, Mughlai, South Indian"
4702,"Sea Food, Neer Dosa, Murgh Ghee Roast, Chicken Sukha, Beer, Butter Chicken, Fish Masala Fry","North Indian, Chinese"
4703,"Paratha, Sea Food, Fish Biryani, Duck Roast","Kerala, North Indian"
4704,"\N","Beverages, North Indian, Chinese, Italian"
4705,"\N","Mexican, Italian"
4706,"Coffee, Pasta, Sandwiches, Pizza, Nachos, Blueberry Cheesecake, Burgers","Cafe, Italian, Pizza, Chinese"
4707,"Veg Thali","North Indian"
4708,"Burgers, Pasta, Noodles, Shawarma, Tea, Cappuccino, Kit Kat Shake","Cafe, Burger, Chinese, Fast Food, Beverages"
4709,"Tandoori Chicken, Chicken Boneless Biryani, Paneer Biryani","North Indian, Chinese, Biryani, Andhra"
4710,"Kheer, Paneer Chatpata, Mango Lassi, Thali, Paratha, Gulab Jamun, Buttermilk","North Indian, Street Food"
4711,"\N","Andhra, South Indian, Chinese"
4712,"Lemon Chicken, Egg Curry, Malai Kofta, Veg Starter, Biryani, Gajar Ka Halwa, Dal Tadka","North Indian"
4713,"Masala Dosa, Tea, Onion Dosa, Vada, Rava Idli, Kesari Bath","North Indian, South Indian, Chinese"
4714,"Chaat, Ginger Tea, Club Kachori, Samosa, Aloo Paratha, Thali, Dhokla","Street Food, Mithai, North Indian, Beverages, Desserts"
4715,"Chai","North Indian, Street Food"
4716,"Chaat, Gulab Jamun, Raj Kachori, Chole, Bhel Puri, Biryani, Veg Thali","North Indian"
4717,"Gulab Jamun, Chaat, Raita, Chole, Soya Chaap, Panipuri, Dal Makhani","Street Food, North Indian, Mithai, Chinese, Beverages"
4718,"\N","North Indian, Steak, South Indian"
4719,"Chole, Kheer, Biryani, Litti, Liti Chokha, Churma, Raita","North Indian"
4720,"Badam Milk, Chaat, Rasmalai, Mysore Pak, Samosa, Paneer Cutlets, Kachori","Mithai, Street Food"
4721,"Ratatouille, Pizza, Tiramisu, Pasta, Wild Mushroom Risotto, Cocktails","Italian, Mediterranean"
4722,"Chicken Grill, Shawarma, Coconut Juice","North Indian, Chinese, Biryani"
4723,"\N","Juices, North Indian"
4724,"Pizza, Craft Beer, French Fries","Bar Food, Finger Food, Pizza"
4725,"Pot Biryani, Paneer Biryani, Tandoori Chicken, Chicken Chettinad, Egg Biryani, Chicken Dum Biryani, Kulcha","North Indian, Chinese, Biryani, Seafood"
4726,"Biryani","Biryani, Kebab, Continental"
4727,"Pita Bread, Shawarma, Falafel, Baklava, Chicken Kebab, Rice Pudding, Fattoush","Lebanese, Arabian, Middle Eastern, Salad, Beverages"
4728,"Brownie, Paneer Manchurian, Chocolate Sizzler, Nachos, Filter Coffee, Panneer Butter Masala, Pizza","Chinese, North Indian, Fast Food, Street Food, Desserts"
4729,"\N","Street Food, Fast Food, Chinese, Momos"
4730,"Chicken Boneless Biryani","Andhra, South Indian, North Indian"
4731,"Coorg Pandi Pizza","Pizza, Italian"
4732,"Burgers, Spicy Fries, Cosmopolitan, Cocktails, Custard, Pepperoni Pizza, Peri Peri Chicken","Continental, Salad, Burger, Finger Food, Pizza"
4733,"Bbq Chicken Pizza, Cocktails, Sangria, Beer, Chicken Nachos, Mai Thai, Burgers","Continental, Chinese, Italian"
4734,"Spring Roll, Manchow Soup, Babycorn Manchurian, Mint Cooler, Roti, Panneer Butter Masala","North Indian, Chinese, Continental"
4735,"Chilli Babycorn, Egg Chilli, Chicken Curry, Sweet Lassi, Palak Paneer, Chaach, Butter Chicken","North Indian"
4736,"Cheese Sandwiches, Cheese Sandwich, Chocolate Sandwich, Chicken Sandwich, Chocolate Sandwiches, French Fries, Teriyaki Chicken","Fast Food"
4737,"Shawarma, Chicken Shawarama, Kerala Parotta, Lemon Tea, Fish, Ghee Rice, Appam","Kerala, North Indian, Chinese, Arabian"
4738,"Chaat, Paratha, Vada Pav, Dal Makhani, Paneer Bhurji, Rabri, Kulcha","North Indian, Fast Food, Street Food"
4739,"Rice Kheer, Dhaniya Chutney, Rabri, Aloo Paratha, Chole, Cheese Paneer Paratha, Dal Makhani","North Indian"
4740,"Hot Chocolate, Chocolate Overload, Belgian Waffles, Nutella Waffle, Thick Shakes, Caramel Coffee, Vanilla Ice Cream","Desserts, Beverages"
4741,"Garlic Bread, Pasta, Veggie Pizza, Salsa, Nachos, Nawabi Pizza, Sicilian Pizza","Pizza, Italian"
4742,"Thukpa, Chocolate Momos, Schezwan Momos, Momos Burger, Burgers, Chicken Momo, Veg Momos","Tibetan, Momos"
4743,"\N","Continental, Desserts, Italian, Japanese, Mexican"
4744,"Paratha, Chole Bhature, Matar Paneer, Baingan Bartha","North Indian, South Indian"
4745,"Pav Bhaji, Filter Coffee, Onion Dosa, Rava Dosa, Mysore Pak, Vada, Filter Kaapi","South Indian, North Indian, Chinese, Street Food, Fast Food"
4746,"Peri Peri Chicken, Shikanji, Peri Peri Pizza, Burgers, Steak, Bun Maskas, Pasta","Cafe, Continental, Fast Food"
4747,"\N","Italian, Pizza, Fast Food"
4748,"\N","Thai, Vietnamese, Indonesian, Asian"
4749,"Paratha, Chicken Biryani, Butter Chicken, Lassi, Chilli Paneer, Tandoori Chicken, Naan","North Indian, Chinese"
4750,"\N","North Indian, Chinese, Biryani, Fast Food"
4751,"Vada, Masala Dosa, Filter Coffee, Kesari Bath, Kharabath, Open Dosa","South Indian"
4752,"\N","North Indian, Rolls, Biryani"
4753,"Mocktails, Dal Makhani, Masala Papad, Kulcha, Panneer Butter Masala, Chilli Paneer, Chicken Biryani","Chinese, Seafood, North Indian, Biryani, Desserts"
4754,"\N","South Indian, North Indian, Arabian"
4755,"Masala Dosa, Vada, Set Dosa, Filter Coffee, Raita, Idli Sambar, Crispy Dosa","South Indian"
4756,"Burgers, Popcorn, Pancakes, Brownie, Nachos, Pasta, Terminator Burger","Cafe, Burger, Italian, Desserts"
4757,"\N","North Indian, Italian, South Indian"
4758,"Mutton Curry, Dal Makhani, Lassi, Chicken Butter Masala, Pav Bhaji, Chicken Curry, Paneer Tikka","BBQ, Mughlai, Biryani"
4759,"\N","Continental, Healthy Food, Beverages"
4760,"Margarita, Cheesy Pizza","Italian, Pizza"
4761,"Choco Fudge Brownie, Sandwich, Tiramisu, Vanilla Ice Cream","Desserts, Ice Cream, Beverages, Sandwich"
4762,"\N","Chinese, South Indian, North Indian, Biryani"
4763,"Tea, Coffee, Sabudana Khichdi, Samosa, Sandwiches, Khichda, Onion Pakoda","Beverages, Fast Food, Tea"
4764,"Cocktails, Khao Suey, Mocktails, Salad, Malacca Curry, Beer, Beef Pho","Asian, Thai"
4765,"Burgers, Salads, Pizza, Sandwiches, Pesto Pasta, Pasta Alfredo, Chocolate Brownie Bowl","Bakery"
4766,"Biryani, Kerala Parotta, Chilli Chicken, Paratha","North Indian, Chinese"
4767,"Mutton Biryani, Ambur Biryani, Chicken Biryani","Biryani, Kebab"
4768,"Kit Kat Shake, Thick Shakes, Rasmalai, Oreo Shake, Chocolate Hazelnut, Milk Shake, Choco Hazelnut","Desserts, Beverages, Ice Cream"
4769,"Pizza, Pasta","Italian, Pizza"
4770,"\N","North Indian, South Indian, Chinese, Continental, Italian"
4771,"Salads, Noodles, Prawn Dim Sums, Brownie, Dumplings, Wine, Chicken Wonton Soup","Chinese, Asian"
4772,"Vada Pav, Dabeli, Pav Bhaji, Samosa Pav","Street Food"
4773,"Chaat, Mysore Masala Dosa, Onion Dosa, Vegetable Biryani, Filter Coffee, Panipuri, Pav Bhaji","North Indian, Chinese, South Indian"
4774,"Donne Biryani, Raita","South Indian"
4775,"Mosambi Juice","Juices"
4776,"Gajar Ka Halwa, Tandoori Chicken, Gulab Jamun, Mutton Seekh Kebab, Al Faham Chicken, Mutton Biryani, Fish","Arabian, Lebanese, Mughlai, North Indian, BBQ, Chinese"
4777,"Paratha, Lassi, Panneer Butter Masala, Tandoori Roti","North Indian, Chinese"
4778,"Cocktails, Mushroom Pizza, Pork Ribs, Mocktails, Nachos, Sea Food, Long Island Iced Tea","Italian, BBQ, Asian, Fast Food"
4779,"\N","Italian, Fast Food, Burger"
4780,"Biryani, Chicken Kebab","North Indian, South Indian, Chinese"
4781,"Shawarma, Rolls, Chicken Grill, Kathi Roll, Chicken Biryani, Paneer Roll, Chicken Shawarama","Chinese, North Indian, Rolls"
4782,"\N","North Indian, Chinese, Seafood, Rolls"
4783,"Noodles, Momos, Sweet Corn Soup, Egg Fried Rice, Manchurian, Chowmein","Chinese, Momos"
4784,"Dal Makhani, Salads, Chaat","North Indian, South Indian, Chinese"
4785,"Pasta, Pizza, Sandwiches, Lasagne, Burgers, Bruschettas, Cup Cake","Continental, Italian, Cafe, Beverages, Desserts"
4786,"Beer, Chilli Chicken, Naan, Chicken Biryani, Tandoori Chicken, Chicken Guntur, Neer Dosa","Andhra, North Indian, Chinese"
4787,"Pizza, Bamboo Biryani, Pasta, Cheese Balls, Noodles, Butter Chicken, Butter Naan","Continental, North Indian, Chinese, Pizza"
4788,"Saffron Kahwa, Phirni, Mutton Kanti, Tea, Tabakh Maaz, Mutton Roganjosh, Meat Balls","Kashmiri, Cafe"
4789,"Masala Dosa, Roti, Curd Rice","South Indian, North Indian, Chinese, Fast Food"
4790,"Mutton Biryani, Hyderabadi Biryani, Chicken Biryani, Bamboo Chicken, Bbq Chicken, Vegetable Biryani, Tandoori Roti","Hyderabadi, Andhra, North Indian, Chinese, South Indian"
4791,"Mocktails, Cocktails, Pizza, Chicken Tikka, Nachos, Biryani, Beer","Continental, North Indian, Italian"
4792,"Sea Food, Lunch Buffet, Sushi, Cappuccino, Mutton Biryani, Noodles, Salads","North Indian, Italian, Chinese, Japanese"
4793,"\N","Juices, Healthy Food"
4794,"Paneer Biryani","Andhra, South Indian"
4795,"\N","Biryani, Andhra, Chinese, North Indian"
4796,"Chicken Grill, Salad, Ghee Rice","Kerala, Seafood, South Indian, Chinese, North Indian, Charcoal Chicken, Beverages"
4797,"Matar Paneer","North Indian, Chinese"
4798,"\N","Modern Indian, American, Chinese"
4799,"Rasmalai, Kheer Kadam","Mithai, Street Food"
4800,"\N","Mughlai, Awadhi, Kebab"
4801,"Cocktails, Chicken Bbq Wings, Pasta, Feta Salad, Mocktails, Peri Peri Chicken Steak, Thai Green Curry","North Indian, Continental, Fast Food, Beverages, Pizza"
4802,"Sizzler Brownie, Ice Tea, Paneer Steak, Sangria, Momos, Pizza, Tomato Soup","American, Continental, Fast Food, Steak"
4803,"Basil Chicken, Lunch Buffet, Chicken Tom Yum Soup, Sweet Corn Soup, Singapore Noodles, Chicken Dim Sum, Chicken Wings","Chinese, Momos"
4804,"Samosa, Chicken Chettinad, Murgh Makhani","Street Food, Fast Food, Rolls, Desserts"
4805,"Chicken Manchow Soup, Hunan Chicken, Hakka Noodles, Momos, Prawn, Spring Roll, Crabmeat Soup","Chinese, Momos"
4806,"Kulfi, Masala Vada Pav","Street Food"
4807,"Hakka Noodles, Pork Momo, Veg Momos, Chicken Manchurian, Chicken Momo, Chop Suey, Chilli Chicken","Chinese, Momos"
4808,"\N","South Indian, BBQ"
4809,"Chicken Fries, Burgers, Zinger Burger","Cafe, Continental, Beverages"
4810,"Sandwich, Salads, Sandwiches, Salad, Chicken Tikka","Salad, Fast Food"
4811,"Raita, Sarson Ka Saag, Paneer Tikka Masala, Paratha, Sarso Da Saag, Chole, Dal Fry","North Indian, Biryani"
4812,"Gulab Jamun, Chicken Guntur, Mushroom Biryani, Chicken Kolhapuri, Paneer Biryani, Chicken Biryani, Raita","Biryani, Kebab, Fast Food"
4813,"Raita","Biryani, Kerala, Mughlai, Street Food, North Indian, Chinese, South Indian, Andhra"
4814,"Veg Pulao, Sarso Da Saag, Chicken Curry, Murgh Makhani, Makkai Roti, Tandoori Chicken, Dal Makhani","Biryani, North Indian"
4815,"Poha, Bun Maskas, Ginger Chai, Sabudana Khichdi, Vada Pav, Samosa Bun, Sandwiches","Street Food, Fast Food"
4816,"Pizza, Nachos, Garlic Maggi, Cheese Maggi, Burgers, Bruschetta Bites, Cottage Cheese Sandwich","Cafe, Beverages"
4817,"Rolls, Veggie Roll, Paneer Achari Roll, Keema Roll","Rolls, Fast Food"
4818,"Neer Dosa, Biryani, Malabari Paratha, Thali, Chicken Curry","South Indian, Mangalorean, Kerala"
4819,"Burgers, Lamb Burger, Sandwiches, Brownie, Churros, Hot Dog, Chocolate Cake","Beverages, Fast Food, Bakery"
4820,"Biryani, Lemon Chicken, Laccha Paratha, Kashmiri Pulao, Kulcha, Cocktails, Beer","Chinese, Continental, North Indian"
4821,"Dal Makhani, Butter Chicken, Makke Ki Roti, Kulcha, Tandoori Chicken, Garlic Naan, Palak Paneer","North Indian"
4822,"\N","Chinese, Mangalorean"
4823,"Coffee, Sandwich, Mudpie, Sandwiches, Rainbow Cake, White Sauce Pasta, Rainbow Pastry","Cafe, Italian"
4824,"Chicken Biryani, Hyderabadi Biryani, Butter Naan, Ulvacharu Biryani, Vegetable Biryani, Mutton Biryani, Raita","Andhra, Biryani, Chinese, Hyderabadi, North Indian, South Indian"
4825,"Chicken Noodle, Momos","Chinese, Momos"
4826,"Chocolate Momos, Thukpa, Momo Burger, Chicken Momo","Tibetan, Momos"
4827,"Raj Kachori, Paan Kulfi, Churros, Butter Chicken, Momos, Bbq Prawns, Pudding","European, Mediterranean, North Indian, BBQ"
4828,"Tandoori Chicken, Chicken Biryani","Chettinad, South Indian, North Indian"
4829,"Noodles, Watermelon Mint Mojito, Rendang Curry, Laksa, Momos, Dimsum Platter, Mocktails","Thai, Asian, Indonesian"
4830,"Burgers, Peri Peri Chicken, Fries, Jumbo Royale Burger, Falafel Roll, Shawarma, Chicken Jumbo Burger","Burger, Fast Food"
4831,"Badam Milk, Kulfi, Rasmalai, Rasgulla, Masala Poori","Street Food"
4832,"Sandwiches, Pasta, Poha, Fruit Parfait","Healthy Food, Sandwich"
4833,"Mutton Chops, Pepper Chicken, Filter Coffee, Donne Biryani, Beer, Pork Ribs, Roast Beef","South Indian, Finger Food"
4834,"Cheesecake, Chocolate Fantasy, Chocolate Decadence","Bakery, Desserts"
4835,"Burgers, Pita Bread, Fries, Charcoal Chicken, Falafel Wrap, Barbeque Chicken, Saffron Rice","Cafe, Arabian, Continental, Turkish, Fast Food, Burger, Beverages"
4836,"\N","Biryani, Andhra, North Indian, Chinese"
4837,"\N","Biryani, Rolls, Middle Eastern, Arabian"
4838,"\N","North Indian, Mughlai, Fast Food"
4839,"Masala Tea, Coffee, Croissant, Hot Chocolate, Masala Chai, Fruit Cake","Desserts"
4840,"Hyderabadi Biryani, Chicken Kebab, Shanmukha Biryani, Butter Chicken, Gulab Jamun, Chicken Dum Biryani, Lassi","Biryani, Andhra, North Indian, Chinese"
4841,"\N","North Indian, Chinese, Mughlai, Hyderabadi"
4842,"Bamboo Chicken Biryani","Kerala, South Indian, Chinese"
4843,"Chocolate Cake, Sunday Brunch, Mutton Biryani, Pasta, Pizza, Croissants, Cocktails","North Indian, Continental"
4844,"Veggie Pizza, Pasta, Peri Peri Pizza, Garlic Bread, Margherita Pizza","Pizza, Italian, Beverages"
184,"Chicken Dum Biryani, Egg Curry, Gajar Halwa, Honey Cake, Hakka Noodles, Carrot Halwa, Rabri","North Indian, Continental, Chettinad, Andhra, Bengali"
185,"Rava Idli, Benne Masala Dosa, Filter Coffee, Tea, Pav Bhaji, Pongal, Curd Vadai","South Indian"
186,"Tandoori Chicken, Butter Chicken, Shahi Paneer","North Indian"
187,"\N","Fast Food, Sandwich, Salad, Healthy Food"
188,"\N","Fast Food, Sandwich, Juices"
189,"Panneer Butter Masala, Manchurian, Fruit Salad, Idli, Filter Coffee, Dhokla, Kashmiri Pulao","South Indian, Street Food, Fast Food"
190,"Chaat, Pizza, Gol Gappe, Lassi, Rolls, Vada Pav, Dabeli","Fast Food, Street Food, Beverages, Chinese"
191,"Biryani, Shawarma","North Indian, Chinese, Street Food"
192,"Pizza, Nachos, Rolls, Veggie Roll, Sandwiches, Red Velvet Shake, Burgers","Cafe, Fast Food, Beverages"
193,"Cappuccino, Sausage Roll, Chicken Sandwich, Chocolate Muffin, Hot Chocolate, Hot Coffee, Americano","Cafe, Fast Food"
194,"Jowar Roti, Buttermilk, Manchurian, Brinjal Curry, Jolada Rotti, Coffee, Panneer Butter Masala","South Indian, Fast Food"
195,"Chicken Boneless Biryani, Mutton Biryani, Hyderabadi Biryani, Andhra Style Biryani, Vegetable Biryani, Fry Prawns, Paneer Biryani","Biryani, Andhra, North Indian, Seafood"
196,"Belgian Waffles, Chocolate Overload, Triple Chocolate, Belgian Chocolate Waffle, Chocolate Icecreams","Desserts, Beverages"
197,"Momos, Chicken Momo, Chilli Pork, Chicken Thukpa, Noodles, Manchow Soup, Pork Momo","Chinese, Momos, Seafood"
198,"Momos, Lunch Buffet, Chocolate Nirvana, Thai Green Curry, Paneer Tikka, Dum Biryani, Chicken Biryani","Chinese, North Indian, Thai"
199,"Pizza, Potato Wedges, Country Feast, Pasta, Garlic Bread, Lemonade","Pizza, Fast Food"
200,"Paratha, Chole Bhature, Lassi, Thali, Paneer Parantha","North Indian"
201,"Murgh Ghee Roast, Neer Dosa, Sea Food, Fish, Prawn Ghee Roast, Prawn Curry, Buttermilk","Konkan, Mangalorean, North Indian, Seafood"
202,"Neer Dosa, Murgh Ghee Roast, Thali, Sea Food, Prawn Biryani, Chicken Biryani, Fish","Seafood, Mangalorean, South Indian"
203,"Coffee, Fried Rice","North Indian, South Indian, Chinese"
204,"\N","South Indian, North Indian, Mughlai, Chinese, Street Food, Beverages"
205,"Chocolate Waffles, Hot Chocolate, Nutella Waffle, Vanilla Ice Cream, Thick Shakes, Kit Kat Shake, Banana Caramel","Desserts, Beverages"
206,"Chicken Quesadilla, Naan, Breakfast Buffet, Cheesecake, Cocktails, Lunch Buffet, Biryani","North Indian, Continental, Asian"
207,"Belgian Dark Chocolate","Ice Cream, Desserts"
208,"Pasta, Garlic Bread, Pizza, Burgers, Salad, Chicken Burger, Baked Chicken","Fast Food, Italian, Pizza"
209,"Salads, Masala Chai, Brownie, Wine Sauteed Mushrooms, Salad, Apple Pie, Pasta Alfredo","Desserts, Asian, Beverages"
210,"Guava Ice Cream, Coffee Walnut, Tender Coconut Ice Cream, Waffle Cone, Mango Ice Cream, Fruit Ice Cream, Waffles","Ice Cream, Beverages"
211,"Hot Chocolate Fudge, Chocolate Fudge Sundae, Fruit Salad","Ice Cream, Desserts"
212,"Chicken Biryani, Paneer Chatpata, Butter Chicken","North Indian, Chinese"
213,"Charcoal Chicken, Shawarma, Biryani, Pulpy Grape Juice, Veg Fried Rice, Fish, Mutton Seekh","North Indian, Chinese, Arabian"
214,"Burgers, Momos, Sandwiches, Chicken Seekh Roll, Sandwich","Fast Food, Bakery"
215,"Pasta, Thin Crust Pizza, Cheesy Garlic Bread, Salsa, Brownie, Manali Pizza, Masala Garlic Bread","Pizza, Italian"
216,"Mojito, Pasta, Bbq Chicken Pizza, Butter Chicken Pizza, Farmhouse Pizza, Ricotta Ravioli, Roast Chicken Pizza","Pizza, Cafe, Italian"
217,"Paratha","Mexican, Italian"
218,"Pizza, Garlic Bread, Lava Cake","Pizza"
219,"Rolls, Butter Chicken, Tandoori Momos, Tangdi Kabab, Tandoori Roti, Paratha, Soya Chaap","Mughlai, North Indian, Biryani"
220,"Chole Bhature, Panipuri, Pav Bhaji, Chaat","Mithai, Street Food"
221,"Pasta, Potato Wedges, Ice Tea, Thin Crust Pizza, Supreme Pizza, Farm Pizza","Pizza, Fast Food"
222,"Paratha, Salad, Vegetable Biryani, Dal Makhani, Gajar Halwa, Salads, Sandwiches","North Indian, Mughlai, Fast Food"
431,"\N","Biryani, North Indian, Beverages"
432,"Biryani, Chicken Tikka","Chinese, North Indian, Arabian"
433,"Momos, Pizza Sandwich, Manchow Soup, Spring Roll, Noodles, Fried Rice, Fries","Chinese, Continental, Fast Food, Healthy Food"
434,"Pizza, Waffles, Pasta, Sushi, Roti, Salads, Fish","North Indian, European, Thai"
435,"Pizza, Beef Chilli, Craft Beer, Apple Crumble, Pork Chilli, Chips, Wheat Beer","American, Continental, Pizza"
436,"Pizza, Pasta, Salads, Calamari, Ravioli, Pumpkin Soup, Wine","Italian, Salad"
437,"Burgers, Fries, Mojito, Chicken Burger","Cafe, Burger, Beverages"
438,"\N","South Indian, North Indian, Desserts"
439,"\N","South Indian, North Indian, Fast Food, Chinese, Street Food"
440,"Samosa, Egg Puff, Paneer Puff, Chocolate Truffle","Desserts, Bakery"
441,"Pepper Chicken, Panneer Butter Masala, Andhra Biryani, Andhra Thali, Chicken Biryani, Andhra Meal, Chicken Fry","Andhra, Biryani"
442,"Biryani, Roast Beef, Chicken Curry, Tea, Pazham Pori, Fish Fry, Beef Fry","South Indian, Kerala, Biryani"
443,"Thalassery Biryani, Chicken Fry, Chicken Biryani","Biryani"
444,"Brain Fry, Mutton Biryani, Bamboo Chicken, Chicken Biryani, Mutton Curry, Kulcha, Butter Naan","Andhra, Biryani, North Indian, Chinese"
445,"Pizza, Pasta, Cocktails, Churros, Mushroom Soup, Mocktails, Long Island Iced Tea","Pizza, Italian, Chinese, Thai"
446,"Tacos, California Burrito, Salsa, Nachos, Rice Bowl, Pink Lemonade","Mexican, Fast Food"
447,"Cocktails, Fish, Momos, Mocktails, Burgers, Pizza, Chicken Lollipop","Cafe, American, Asian, North Indian"
448,"Chocolate Waffles, Hot Chocolate, Nutella Waffle","Desserts, Beverages"
449,"Noodles, Jumbo Prawns, Lunch Buffet, Crispy Corn, Chicken Dim Sum, Brownie, Sea Food","Chinese, Momos"
450,"Rasgulla, Samosa","Mithai, Street Food"
451,"Clear Soup, Hunan Chicken, Lamb, Chowmein, Sweet Corn Soup, Hakka Noodles, Chicken Lollipop","Chinese, Thai, Momos, Vietnamese"
452,"Wine, Salad, Panna Cotta, Phad Thai, Fish, Salads, Sunday Brunch","Continental, Thai, Malaysian, Burmese, Korean, Vietnamese, Chinese, North Indian"
453,"Badam Milk, Masala Dosa, Filter Coffee, Pav Bhaji, Sweet Pongal, Vada","South Indian, North Indian, Chinese, Street Food, Fast Food"
454,"\N","Thai, Chinese, Momos"
455,"Punjabi Chicken Masala, Tandoori Chicken, Jal-jeera, Sweet Lassi, Masala Soda, Stuffed Kulcha, Lemon Chicken","North Indian"
664,"Panipuri, Blueberry Cheesecake","Ice Cream"
665,"Vegetable Biryani, Dum Biryani, Kheer","Biryani, Andhra"
666,"Garlic Bread, Sandwiches, Veg Burger, Pizza Sandwich, Burgers, French Fries, Wedges","Fast Food"
667,"Rajasthani Thali, Paratha, Gulab Jamun, Paneer Tikka Masala, Sweet Lassi, Buttermilk, Gatte Ki Subzi","North Indian, Chinese, Rajasthani"
668,"Tiramisu, Chocolate Pastry, Coffee, Cup Cake, Macaroon","Desserts"
669,"Mocktails, Burgers, Pesto Pasta, Pavbhaji Pizza, Paneer Tikka, Sandwiches, Salad","North Indian, Continental, Italian, Cafe"
670,"Rajma, Dal Makhani, Paneer Thali","North Indian"
671,"Cocktails, Corn Fritters, Paneer Steak, Butter Chicken, Burgers, Chicken Steak, Chocolate Mousse","Asian, Burger, Chinese, Finger Food"
672,"\N","North Indian, Biryani, Seafood, Chinese, Mangalorean"
673,"Chicken Burger, Popcorn Chicken, Burgers, Sandwich, Fries","Fast Food, Beverages"
674,"Mutton Biryani, Butter Chicken, Ghee Rice, Dal Tadka, Naan, Paya Soup, Bheja Fry","Biryani, North Indian, Mughlai"
675,"Mutton Curry, Stuffed Mushroom, Laccha Paratha, Prawn, Multani Paneer Tikka, Butter Chicken, Murgh Patiala","North Indian, Mughlai"
676,"\N","Mediterranean, Italian"
677,"Sandwiches, Thick Shakes, Nutella Shake, Sandwich, Coffee, Choco Almond","Beverages, Fast Food"
678,"Hyderabadi Biryani, Vegetable Biryani, Raita, Chicken Dum Biryani","Biryani, Hyderabadi"
679,"Chicken Grill","South Indian, North Indian, Chinese, Biryani"
680,"Biryani, Thali","Andhra, North Indian, Chinese, Mangalorean"
681,"Rolls, Beef Kabab, Seekh Kebab, Seekh Roll","Kebab, Rolls"
682,"\N","Chinese, Continental, North Indian, South Indian"
683,"Liti Chokha, Chilli Chicken, Pan Fried Momos, Noodles, Chicken Litti, Paratha, Lassi","North Indian, Chinese"
684,"Sandwiches, Salads, Chicken Curry, Dal Makhani, Paratha, Noodles, Apple Mojito","Healthy Food, North Indian, Biryani, Continental, Desserts"
685,"Mutton Biryani, Chicken Biryani, Chicken 65, Mutton Pepper, Hyderabadi Biryani, Andhra Biryani, Mutton Keema Balls","Andhra, Biryani"
686,"\N","Street Food, Chinese"
687,"Chole, Paratha, Rajma, Dal Makhani","North Indian, Chinese, Biryani"
688,"\N","Bengali, South Indian, Bihari, Oriya, North Indian"
689,"\N","Chinese, Mughlai, Hyderabadi, North Indian"
690,"Ginger Tea, Smoothie Bowl, Waffles, Egg Salad, Chicken Satay, Pancakes, Salads","Continental, Thai, Arabian, Mexican"
691,"Biryani, Rolls, Tandoori Chicken, Chicken Egg Roll, Laccha Paratha","North Indian, Mughlai, Biryani, Rolls"
692,"Roti, Jalebi, Pav Bhaji, Panipuri, Fish Tikka","North Eastern, Street Food"
693,"Pizza, Craft Beer, Apple Crumble, Pork Chilli, Mojito, Chips, Stuffed Chicken Breast","American, Continental, Pizza"
694,"Chaat, Cocktails, Grilled Eggplant, Salads, Mousse, Sunday Brunch, Iced Tea","North Indian, Continental, Chinese"
695,"\N","Continental, American, Chinese, Finger Food"
696,"Rolls, Butter Naan, Shawarma, Tandoori Chicken, Biryani, Rumali Roti, Sweet Corn Soup","North Indian, Chinese, Mughlai, Rolls"
697,"Hot Chocolate Fudge, Mango Sorbet, Brownie Fudge","Desserts, Ice Cream, Beverages, Sandwich"
698,"Pasta, Pizza, Salads, Tiramisu, Wine, Sangria, Bruschettas","Italian"
699,"Decor","Cafe"
1174,"Fish, Dumplings, Paneer Tikka Masala, Biryani, Chicken Wings, Chop Suey, Manchow Soup","Chinese, North Indian, Biryani, Kebab"
1175,"Kheer, Panipuri, Rajasthani Thali, Fruit Cream, Kulfi, Dal Bati, Shrikhand","Rajasthani"
1176,"\N","Desserts, Street Food"
1177,"\N","North Indian, Italian"
1178,"Cocktails, Paneer Tikka, Rasmalai, Rabri, Masala Papad, Vegetable Biryani, Chicken Curry","North Indian, Mughlai, Afghan"
1179,"Mango Lassi, Dhokla, Khichda, Rajdhani Thali, Rabri, Buttermilk, Sweet Dal","North Indian"
1180,"Tea, Vada, Fruit Juices, Filter Coffee","South Indian"
1181,"Jowar Roti, Buttermilk, Sabudana Vada, Thali, Mirchi Bajji, Brinjal Curry","South Indian"
1182,"\N","South Indian, Continental, North Indian"
1183,"Cheesy Pizza","Pizza"
1184,"Butter Naan, Kadhai Mushroom","North Indian, Chinese, Thai"
1185,"Burgers, Bun Nippat Masala, Masala Cola, Pizza, Masala Pepsi, Masala Soda, Sandwiches","Fast Food, Pizza, Sandwich"
1186,"Cocktails, Mocktails, Beer, Biryani, Long Island Iced Tea, Pizza, Drunken Prawn","Continental, Finger Food, Asian, North Indian"
1187,"Mocktails, Cocktails, Pasta, Beer, Tacos, Pizza, Chicken Guntur","North Indian, Continental, Cafe"
1188,"Lassi, Aloo Gobhi, Butter Chicken, Roti, Chaap, Afghan Chicken, Matar Paneer","North Indian"
1189,"Beer, Burgers, Pizza, Pasta, Mocktails, Salads, Sangria","Cafe, Italian, Continental"
1190,"Palak Paneer, Idli, Aloo Paratha, Rajma Chawal, Salads, Salad, Detox Smoothie","North Indian, Healthy Food, Beverages"
1191,"\N","Bengali, North Indian, Oriya"
1192,"Omelette, Mocha Coffee, Chicken Mayo Sandwich, Sandwiches, English Breakfast","Bakery, Desserts"
1193,"Veg Puff, Egg Puff","Bakery"
1194,"Rava Masala Dosa, Chaat, Dal Tadka, Onion Dosa, Thali, Tomato Soup, Tea","North Indian, South Indian, Chinese, Beverages"
1195,"Tea, Pasta, Chocolate Bomb, Waffles, Fries, Burgers, Chocolate Lava Cake","Cafe, Italian, Desserts"
1196,"Chocolava","Pizza, Fast Food"
1197,"Tea, Coffee, Rasmalai, Raj Kachori, Masala Dosa, Vegetable Biryani, Vada Sambar","South Indian, North Indian, Chinese, Street Food, Fast Food"
1198,"Noodles, Rolls, Maggi","North Indian, Momos"
1199,"Sea Food, Jumbo Prawns, Malabar Fish Curry, Crab Soup, Mocktails, Ghee Rice, Veg Starter","Seafood, Continental, North Indian, South Indian"
1200,"Mocktails, Chicken Wings","Pizza, Fast Food"
1201,"Sandwiches, Pizza, Fries, Veg Burger, Sandwich, Nachos, Chicken Burger","Cafe"
1202,"Beer, Cocktails, Pasta, Chicken Lollipop, Jalapeno Cheeseballs, Nachos, Chicken Fingers","Continental, American, Pizza, North Indian, Chinese, Finger Food, Asian, Thai"
1203,"Biryani, Andhra Meal, Chicken Curry","Andhra, North Indian, Biryani, Seafood"
1204,"\N","North Indian, Mughlai, Chinese, Seafood, South Indian"
1205,"Churros, Tacos, Salad, Nachos, Chips, Wet Burrito, Avocado Toast","Mexican, Tex-Mex"
1206,"\N","Fast Food, Continental, Italian, Rolls, Sandwich"
1207,"Aloo Paratha, Poha, Samosa, Kachori, Chaat","Fast Food, North Indian"
1529,"Dal Makhani, Paneer Thali","North Indian"
1530,"Banana Cake, Chai, Lemon Tea, Ginger Tea, Masala Tea","Tea, Beverages, Fast Food"
1531,"\N","Fast Food, Beverages, North Indian, South Indian"
1532,"Chips, Cocktails, Veg Platter, Steak, Murgh Platter, Draught Beer, Long Island Iced Tea","Continental, North Indian, Chinese, Italian"
1533,"Pane Pizza, Lava Cake, Pasta, Stuffed Garlic Bread, Chocolava Cake, Tacos","Pizza, Fast Food"
1534,"\N","Cafe, Fast Food, Chinese, Continental"
1535,"Chicken Stew, Ghee Rice, Biryani, Chai","Biryani"
1536,"Salad, Macaroon, Steak, Rasgulla, Pizza, Salads, Waffles","North Indian, Italian, Asian, Continental, Mediterranean"
1537,"Matar Paneer, Pasta, Pizza, Sandwiches, Calzone, Mocktails, Vegetarian","Continental, North Indian, Beverages"
1538,"Cocktails, Pizza, Fish, Gooey Brownie, Chips, Apple Pie, Nachos","Continental, Modern Indian"
1539,"\N","Seafood, South Indian, Chinese"
1540,"Garlic Bread, Pasta, Chicken Wings, Chocolava, Spicy Chicken, Cheesy Pizza","Pizza, Fast Food"
1541,"Pasta, Pizza, Tiramisu, Minestrone Soup, Mushroom Risotto, Clear Soup, Wine","Italian"
1542,"Mousse, Cheesecake, Cup Cake, Veg Puff, Chocolate Truffle, Chocolate Cheese, Burgers","Bakery"
1543,"Noodles, Pork Chops, Momos, Chicken Noodle, Mixed Fried Rice, Corn Soup, Roast Pork","Chinese, Thai, Momos"
1544,"Butter Chicken, Rumali Roti, Ghee Rice, Chicken Biryani, Panneer Butter Masala, Sweet Lassi, Lemon Chicken","North Indian, Chinese"
1545,"Noodles, Momos, Honey Chilli Potatoes, Wonton, Bbq Pork, Pork Momo, Chilli Basil Chicken","Chinese, Thai, Momos"
1546,"Mutton Biryani, Hyderabadi Biryani, Bamboo Chicken, Chicken Biryani, Vegetable Biryani, Bbq Chicken, Tandoori Roti","Hyderabadi, Andhra, North Indian, Chinese, South Indian"
1547,"Burgers, Cheesecake","Bakery, Desserts"
1548,"Biryani, Butter Naan, Tikka, Kadhai Paneer","North Indian, Mughlai, Chinese"
1549,"Rasgulla, Kulfi, Lunch Buffet, Pasta, Biryani, Fish Curry, Fish Grill","Chinese, Continental, North Indian"
1550,"Biryani","North Indian, Chinese, South Indian, Beverages"
1726,"Satay Kai, Fish, Vegetable Noodles","Chinese, Thai, Momos"
1727,"Coffee, Pasta, Donut, Salads, Tiramisu Cheesecake, Sandwiches, Burgers","Cafe"
1728,"Chicken Cheese Sandwich, Cheese Sandwiches, Chocolate Sandwich, Chocolate Sandwiches, French Fries, Teriyaki Chicken","Fast Food"
1729,"Momos, Pizza Sandwich, Manchow Soup, Spring Roll, Noodles, Fries, Fried Rice","Chinese, Continental, Fast Food, Healthy Food"
1730,"Chicken Curry, Beer, Chicken Tikka, Cocktails, Long Island Iced Tea","Biryani, North Indian"
1731,"Biryani, Mutton Sukha, Neer Dosa, Chicken Curry, Akki Rottis, Fish Curry","South Indian, North Indian, Chinese"
1732,"Burgers, Zinger Burger, Ginger Chicken","Burger, Fast Food"
1733,"\N","Andhra, Fast Food"
1734,"Coffee, Pongal, Tea, Chaat, Vada, Idli, Masala Poori","South Indian, North Indian, Chinese, Street Food, Fast Food"
1735,"Burgers, Lassi, Chicken Grill, Naan, Momos, Chicken Burger, Biryani","North Indian, Fast Food, Chinese, Burger"
1736,"\N","Ice Cream, Desserts, Juices"
1737,"Tea","South Indian"
1738,"Vada Pav, Dabeli, Pav Bhaji, Chaat, Masala Papad, Jalebi, Sev Puri","North Indian, Chinese, Street Food, Juices"
1739,"Craft Beer, Bbq Platter, Cocktails, Nachos, Pizza, Cosmopolitan, Wheat Beer","Continental, North Indian, BBQ, Steak"
1740,"\N","Oriya, North Indian"
1741,"Coffee, Masala Dosa, Masala Poori, Kadhai Paneer, Thali","South Indian, North Indian, Chinese, Street Food"
1742,"Burgers, Peri Peri Chicken Burger, Pizza, Sandwiches, Pasta, Sandwich, Potato Wedges","Continental, Cafe, Desserts, Italian, Bakery"
1743,"Cut Fruits, Pasta, Sunday Brunch, Chilli Chicken, Curd Rice","North Indian"
1744,"Rolls, Chicken Grill","Mughlai, Chinese, Kebab"
1745,"Mutton Biryani","Biryani, Kebab"
1746,"Dragon Chicken, Salad, Hakka Noodles, Chicken Momo, Chop Suey, Fish Chilli, Golden Fried Prawns","Chinese, Thai"
1747,"Sea Food, Neer Dosa, Crab Ghee Roast, Thali, Jumbo Crab, Crab Butter, Jumbo Prawns","Seafood, Mangalorean, North Indian, Chinese"
1748,"Noodles","Chinese, North Indian, Fast Food"
1749,"Coffee, Chicken Sandwich, Brownie, Hot Chocolate, Cappuccino, Corn Sandwich","Cafe, Fast Food"
1750,"Momos","Chinese, North Indian"
1751,"Chocolava, Burgers, Chocolate Truffle, Rolls, Rainbow Cake, Mousse, Veg Puff","Bakery, Desserts"
1752,"Zinger Burger, Hot Wings, Chicken Wings, Crispy Chicken, Fries","Burger, Fast Food"
1753,"\N","North Indian, Biryani, Asian"
1754,"Tex Mex Burger, Pizza, Chicken Stroganoff, Burgers, Fish, Pasta Alfredo, Mojito","Cafe, Continental, Italian, Burger"
1755,"Chicken Quesadilla, Lasagne","Mexican, Italian"
1756,"Roast Chicken, Thalassery Biryani","Kerala, North Indian"
1757,"Zinger Burger, French Fries, Choco Lash, Hot Wings, Virgin Mojito","Burger, Fast Food"
1758,"Spaghetti, Pizza, Wheat Beer, Cocktails, Risotto, Nachos, Draught Beer","Continental, Italian"
1759,"\N","Continental, Asian, Healthy Food, Burger, Biryani, Pizza, Italian, Fast Food"
1760,"Mutton Fry, Mutton Keema, Mutton Biryani, Chicken Biryani, Mutton Chops, Ragi Mudde, Mutton Curry","South Indian, Biryani"
1761,"Butter Chicken, Shawarma, Chicken Biryani, Vegetable Biryani, Babycorn Manchurian, Dum Biryani, Noodles","Biryani, North Indian, Chinese"
1762,"Pongal, Filter Coffee, Bonda Soup, Thali, Neer Dosa, Biryani, Masala Dosa","North Indian, South Indian, Chinese"
1896,"Masala Dosa, Filter Coffee, Buttermilk, Salad, Thali, Badam Halwa, Plain Dosa","South Indian"
1897,"Chole Bhature, Chaat, Kulfi, Kachori, Pav Bhaji, Samosa, Barfi","Mithai, Street Food, Fast Food"
1898,"Sandwiches, Sandwich, French Fries, Creme Caramel, Onion Rings, Potato Fries","French, Sandwich, Salad"
1899,"Dabeli, Faluda, Masala Poori, Tokri Chaat, Sandwiches, Pav Bhaji, Basket Chat","Street Food, Fast Food"
1900,"Hyderabadi Biryani, Mutton Biryani, Dal Fry","Biryani, Mughlai, Chinese, North Indian"
1901,"Corn Balls, Cocktails, Mocktails, Sunday Brunch, Fish, Tikka, Chicken Wings","Continental, Pizza, North Indian, Goan, Burger, Cafe"
1902,"Sandwiches, Chaat, Chicken Ham, Salads, Salad, Tea, Sandwich","Salad, Fast Food"
1903,"Pasta, Iced Tea","Italian, Fast Food, Cafe, European"
1904,"Rolls, Momos, Fries, Veggie Roll, Chicken Kebab Roll, Paneer Roll, Cheese Roll","Fast Food, Rolls, Momos"
1905,"\N","Street Food, Burger"
1906,"Guava Ice Cream, Coffee Walnut, Tender Coconut Ice Cream, Waffle Cone, Mango Ice Cream, Fruit Ice Cream, Waffles","Ice Cream, Desserts"
1907,"Gulab Jamun, Roti, Dahi Ke Kabab, Mocktails, Dumplings, Biryani, Paneer Tikka","North Indian, Mughlai, Lucknowi"
1908,"Rolls, Egg Roll, Chai, Ginger Tea, Biryani, Luchi, Rasgulla","Fast Food, Bengali, Rolls"
1909,"Hot Chocolate, Jalapeno Poppers, Masala Lemonade, Gourmet Pizza, Nutella Pizza, Thin Crust Pizza, Wood Fire Pizza","Pizza, Salad"
1910,"Rice Bowl, Burgers, French Fries, Popcorn Chicken","Burger, Fast Food"
1911,"Burgers, Egg Salad, Pasta, Lasagne, Pancakes, Paneer Fingers, Lime Soda","Cafe, Asian, Burger, Continental, Italian, Salad"
1912,"Chicken Tikka, Chilli Chicken, Butter Naan, Roti","Andhra, Chinese, North Indian"
1913,"Sattu Paratha, Rajma, Masala Papad, Onion Paratha, Aloo Paratha","North Indian"
1914,"Burgers, Masala Fries, Wings","Fast Food, Burger"
1915,"Sea Food, Anjal Tava Fry, Murgh Ghee Roast, Chicken Curry","Biryani, Seafood"
1916,"Pizza, Pasta, Mocktails, Tiramisu, Salads, Cocktails, Sea Food","Italian, Salad"
1917,"Thai Noodles, Singapore Noodles, Manchow Soup, Momos, Clear Soup, Spring Roll, Vegetarian","Chinese, Thai"
1918,"Chaat, Panipuri, Lassi, Gol Gappe, Paratha, Pav Bhaji, Samosa","Street Food, Mithai"
1919,"Sea Food, Neer Dosa, Anjal Fry, Murgh Ghee Roast, Prawn Ghee Roast, Beer, Chicken Sukha","Seafood, Mangalorean"
1920,"Mutton Mandi, Laccha Paratha, Mutton Nihari, Chicken Curry, Tawa Chicken, Rabri, Raan","Arabian, North Indian, Beverages"
1921,"\N","Biryani, North Indian, Chinese, Kebab"
1977,"\N","South Indian, Chinese, North Indian, Beverages"
1978,"Peri Peri Chicken, Chilli Chicken, Butter Chicken, Ghee Rice, Mutton Biryani, Corn Paratha, Chicken Curry","North Indian, Mughlai, South Indian, Chinese"
1979,"Noodles, Cocktails, Nasi Goreng, Apple Fritters, Panna Cotta, Nalli Nihari, Vanilla Ice Cream","Asian, Thai, North Indian"
1980,"Palak Khichdi, Hyderabadi Biryani, Seekh Kebab, Chole, Naan, Chaat, Fries","Street Food, Chinese, Italian, North Indian"
1981,"\N","Chinese, Charcoal Chicken, North Indian"
1982,"Sandwiches, Salads, Gol Gappe, Panipuri, Pizza Sandwich, Cheesy Pizza, Lychee Juice","Cafe, Beverages, Fast Food, Street Food"
1983,"Chicken Wrap, Rolls, Potato Wrap, Veggie Wrap, Cheesy Chicken, Thali, Kheer","North Indian, Biryani, Fast Food"
1984,"Malgoum Shawarma, French Fries","Arabian, Fast Food"
1985,"Lassi, Tandoori Chicken, Paratha, Punjabi Chicken, Aloo Tikki, Butter Chicken, Aam Panna","North Indian"
1986,"\N","Healthy Food, Juices, Sandwich"
1987,"Kadhai Paneer, Ghee Rice, Chicken Grill, Shawarma, Paratha, Biryani, Butter Chicken","North Indian, Chinese, Biryani, Beverages"
1988,"Paratha, Boondi Raita, Roti, Kulfi, Panneer Butter Masala, Sweet Lassi, Dal Tadka","North Indian"
1989,"\N","Seafood, North Indian, Chinese, Andhra, Biryani, Kebab"
1990,"Coffee","Cafe"
1991,"Liege Waffle, Vanilla Ice Cream, Chocolate Waffles, Chocolate Drink, Crunchy Waffles, Chocolate Icecreams, Belgian Waffles","Desserts, Belgian, Beverages"
1992,"\N","Pizza, Italian, Desserts"
1993,"\N","Arabian, Chinese, Kerala"
1994,"\N","North Indian, Chinese, Italian, South Indian"
1995,"Pizza, Lava Cake, Chocolava Cake","Pizza"
1996,"Ghee Dosa, Chai, Mysore Pak, Filter Coffee, Vada, Salad, Masala Dosa","South Indian, North Indian, Chinese, Street Food, Fast Food"
1997,"Thick Shakes, Oreo Milkshake, Gelato, Coffee, Oreo Shake, Protein Shake, Choco Brownie","Beverages"
1998,"\N","Oriya, South Indian, Fast Food"
1999,"\N","South Indian, North Indian, Fast Food, Chinese"
2000,"Mocktails, Fish, Biryani, Dal Makhani, Wine, Risotto, Chaat","Modern Indian"
2001,"Ferrero Rocher, Belgian Chocolate, Brownie, Milk Shake, Cake Jar, Salted Caramel, Chocolate Hazelnut","Beverages, Desserts, Ice Cream"
2002,"Beer, Beef Chilli, Chicken Dry Fry","Finger Food"
2003,"Cheese Burst Pizza","Pizza, Fast Food"
2004,"Milk Shake, Thick Shakes","Desserts, Beverages, Ice Cream"
2005,"Andhra Thali, Rice, Mango Dal, Salad, Chicken Meal, Aloo Matar, Chicken Curry","South Indian, North Indian, Biryani"
2006,"\N","Italian, Pizza, Fast Food, Salad"
2007,"Idli Sambar, Bisi Bele Bhaath, Podi Masala Dosa, Tea, Filter Coffee, Curd Rice, Vada","South Indian"
2008,"Chocolate Popcorn","Fast Food"
2009,"Momos, Thukpa, Noodles, Honey Chilli Potatoes, Clear Soup, Chicken Noodle, Crispy Noodle","Tibetan, Asian, Thai, Chinese, Momos"
2010,"\N","Fast Food, Street Food, Juices"
2011,"\N","Desserts, Ice Cream, Beverages, Sandwich"
2012,"Vada, Filter Coffee, Masala Dosa","South Indian"
2013,"Burgers, Plum Cake","Bakery, Fast Food"
2014,"Choco Fudge Brownie, Sandwich, Ice Cream Pizza, Tiramisu, Sandwiches, Chocolate Icecreams, Hot Chocolate","Ice Cream, Desserts, Beverages, Sandwich"
2015,"Biryani, Chicken Noodle, Butter Naan, Fried Rice Chicken, Chicken Manchurian, Noodles, Paratha","North Indian, Chinese, Mughlai, Biryani"
2016,"Tandoori Momos, Pasta, Afghani Momos, Chicken Wings, Chowmein, Roasted Chilli","Momos, Chinese, Fast Food"
2017,"Burgers, Pasta, Pizza, Chicken Wings, Fries, Salads, Shawarma","Fast Food"
5552,"\N","Arabian"
5553,"Beef Chilli, Salad, Cocktails, Pizza, Craft Beer, Mango Cider, Potato Wedges","Continental, Mediterranean, North Indian, Chinese, Finger Food"
5554,"\N","Finger Food"
5555,"Cocktails, Apple Cider, Craft Beer, Burgers, Stout, Seafood Salad, Sabudana Vada","Modern Indian, European, Asian"
5556,"\N","Healthy Food"
5557,"Coffee, Cappuccino, Sandwiches, Chicken Sandwich","Cafe"
5558,"Burgers, Crispy Chicken, Fiery Chicken, Chicken Wings, Chicken Grill, Rice Bowl, Hot Wings","Burger, Fast Food"
5559,"\N","Beverages, Juices"
5560,"Lassi, Raita, Dal Makhani, Jalebi Rabri, Chaach, Hara Bhara Kabab, Lime Soda","North Indian"
5561,"Icecream Cake, Brownie, Waffles, Chocolate Icecreams, Thick Shakes","Ice Cream"
5562,"Dal Makhani, Amritsari Kulcha","North Indian"
5563,"Burgers, Pasta, Caramel Custard, Carbonara, Crispy Corn, Mutton Curry, Lemonade","Cafe, Continental"
5564,"\N","North Indian"
5565,"\N","Chinese, Tibetan, Momos"
5566,"\N","Fast Food, Sandwich, Burger"
5567,"\N","Italian, Pizza"
5568,"\N","Chinese"
5569,"Bingsu, Mocktails, Custard, Chocolate Oreo, Sandwiches, Brownie, Korean Ice Cream","Desserts, Ice Cream, Beverages"
5570,"\N","Bengali, Chinese, North Indian, Oriya"
5571,"Rolls, Bbq Chicken, Paneer Makhanwala, Jumbo Chicken Roll, Veggie Wrap, Sabudana Vada, Chicken Wrap","North Indian, Biryani, Fast Food"
5572,"\N","Momos, Chinese"
5573,"Chicken Biryani, Chicken Kebab","Biryani, Kebab"
5574,"Paratha, Shahi Paneer","North Indian"
5575,"\N","Chinese, North Indian"
5576,"\N","Andhra, Biryani"
5577,"Veg Momos, Brownie Chocolate, Palak Chaat, Mutton Biryani, Dahipuri, Fish, Sea Food","North Indian, Chinese, BBQ"
5578,"\N","Fast Food, Biryani, Rolls"
5579,"\N","Desserts, Fast Food"
5580,"\N","Beverages, Ice Cream"
5581,"\N","Mughlai"
5582,"Cup Cake, Chocolate Truffle, Dutch Truffle, Blueberry Cheesecake","Bakery, Desserts"
5583,"Pizza, Healthy Breakfast, Salads, Frittata, Salad, Carrot Halwa, Potato Fries","Cafe"
5584,"Beef Steak, Cocktails, Mojito, Paneer Ke Sholay, Caramel Custard, Prawn Ghee Roast, Stuffed Mushroom","Chinese, Continental, North Indian, Burger, Pizza, Seafood"
5585,"\N","Awadhi, Bihari, Fast Food, Ice Cream, Mithai"
5586,"Saag, Veg Thali","North Indian"
5587,"Thali","North Indian"
5588,"Momo Platter, Thali, Noodles, Chicken Sekuwa, Chicken Thukpa, Jhol Momos, Veg Momos","Chinese, Singaporean, Thai, Asian, Nepalese, Momos"
5589,"Chole Bhature, Omelette","North Indian, Chinese, South Indian, Fast Food"
5590,"Burgers, Salad, Mocktails, Pasta Arrabiata, Fries, Nutella Cheesecake, Teriyaki Chicken Wings","Burger, Continental, Italian, Beverages"
5591,"\N","Sandwich, Beverages"
5592,"\N","Seafood, Mangalorean, Chinese"
5593,"Coffee, Paratha, Chaat, Masala Dosa, Dahipuri, Pav Bhaji, Tea","North Indian, South Indian"
5594,"\N","North Indian, Continental, Finger Food"
5595,"Thick Shakes, Chocolate Oreo, Chocolate Hazelnut, Kit Kat Shake","Desserts, Beverages, Ice Cream"
5596,"\N","Desserts, Beverages"
5597,"\N","Healthy Food, Continental, North Indian, Chinese"
5598,"Plum Cake","Bakery, Fast Food"
5599,"Burgers, Sandwiches, Momos, Chicken Seekh Roll, Sandwich","Fast Food, Bakery"
5600,"\N","Italian, North Indian, Biryani"
5601,"Brownie Chocolate, Ice Cream Sandwich, Brownie Sundae, Waffles","Ice Cream, Desserts"
5602,"Tea, Biryani","South Indian, North Indian, Chinese, Street Food"
5603,"\N","Seafood, Biryani, South Indian, North Indian, Chinese, Kebab"
5604,"\N","Salad, Fast Food"
5605,"\N","Ice Cream, Bakery, Desserts"
5606,"\N","Mithai, Street Food"
5607,"Cocktails, Shakshouka, Beer, Margherita Pizza, Blueberry Cheesecake, Fries, Bellini","Continental, South Indian, Italian, North Indian, Chinese"
5608,"\N","North Indian, South Indian, Gujarati"
5609,"Lassi, Soya Chaap, Fish, Masala Papad","North Indian"
5610,"Rolls, Chicken Wings, Shawarma, Chicken Tikka Roll, Burgers, Fries, Pasta","Burger, Beverages, Rolls"
5611,"\N","Chinese, Fast Food, Momos"
5612,"Cocktails, Long Island Iced Tea, Draught Beer, Masala Peanuts, Pizza, Mocktails, Chicken Tikka","Finger Food, North Indian, Continental"
5613,"Pizza, Pasta, Salads, Masala Chai, Soya Buttermilk, Burgers, Chocolate Icecreams","Italian, North Indian, Healthy Food, Desserts"
5614,"\N","Biryani, Fast Food"
5615,"\N","Fast Food, Biryani"
5616,"Cocktails, Pizza, Craft Beer, Nachos, Stout, Cheesecake, Chilli Chicken","Continental, North Indian, Chinese, European, BBQ, Finger Food, Asian"
5617,"Coffee, Veg Puff, Latte","Bakery, Desserts, Sandwich"
5618,"Sandwiches, Rose Faluda, Pizza, Custard Apple Cream, Pav Bhaji","Fast Food, Pizza, Rolls, Beverages, Juices"
5619,"\N","American, Finger Food"
5620,"Coffee, Roti, Vada Pav","South Indian, North Indian, Chinese, Juices"
5621,"Pizza, Burgers, Cheese Burger, Garlic Bread","Italian, Pizza"
5622,"Cocktails","Finger Food, Continental, Chinese"
5623,"Tandoori Chicken, Onion Rings, Masala Peanuts, Draught Beer, Panneer Butter Masala, Cocktails","North Indian, Chinese"
5624,"Spicy Crispy Corn, Mocktails, Chicken Wings, Pasta, Virgin Mojito, Pizza, Blueberry Mojito","Cafe, Italian, Continental, Beverages"
5625,"\N","North Indian, Chinese, Continental, South Indian"
5626,"\N","Kerala, North Indian, Chinese, South Indian"
5627,"\N","Continental, North Indian, Chinese, Arabian"
5628,"\N","North Indian, BBQ, Biryani, Kebab"
5629,"\N","Andhra, North Indian, Chinese"
5630,"Panna Cotta, Pasta, Steak, Lamb Chops, Chocolate Tart, Chocolate Mousse, Fish","Healthy Food, Beverages, European, Salad"
5631,"Coffee, Dal Makhani","North Indian, Chinese, South Indian, Street Food"
5632,"\N","Biryani, Chinese"
5633,"Palak Paneer, Mango Lassi, Panner Tikka, Veg Platter, Dal Makhani, Chicken Rara, Malai Tikka","North Indian, Mughlai, Kebab"
5634,"\N","Bakery, Fast Food, Fast Food"
5635,"Tiramisu, Wine, Lamb, Baked Salmon, Chicken Pasta, Ravioli, Gnocchi","Italian, Salad"
5636,"Cocktails, Beer, Pizza, Long Island Iced Tea, Peri Peri Fries, Chilli Chicken, Potato Wedges","Finger Food, American, Asian, Italian"
5637,"Coffee, Chocolate Donut, Chocolate Dreamcake, Cookie Crunch, Double Chocolate Cake, Hot Chocolate","Desserts, Beverages"
5638,"Chicken Guntur, Thali, Prawn Pepper Fry, Chicken Biryani, Gulab Jamun, Mutton Biryani, Halwa","Andhra, Hyderabadi, Biryani, Chinese, North Indian"
5639,"Waffles, Sandwiches, Burgers, Pasta Primavera, Veg Burger, Omelette, Chicken Sausages","Cafe, Italian, Continental, Burger"
5640,"\N","Asian, Chinese, Momos, Fast Food, Indonesian, Korean"
5641,"Chicken Kebab, Butter Chicken, Papdi Chaat, Pizza, Dahipuri, Cocktails, Rice Kheer","BBQ, North Indian"
5642,"Mutton Biryani, Salads, Fish, Sandwiches, Breakfast Buffet, Cheesecake","Italian, European"
5643,"Masala Papad, Malai Kofta, Panneer Butter Masala, Fish, Vegetable Biryani, Paneer Tikka, Lassi","North Indian, Chinese"
5644,"Filter Coffee, Idli","South Indian"
5645,"Lemon Chicken, Egg Curry, Malai Kofta, Veg Starter, Biryani, Paneer Tikka, Gajar Ka Halwa","North Indian"
5646,"Dhokla, Raj Kachori, Rabri","Fast Food, Mithai"
5647,"Rava Dosa, Filter Coffee, Masala Dosa, Pongal, Rava Idli, Vada","North Indian, South Indian, Fast Food, Chinese"
5648,"Cocktails, Appam, Beer, Murgh Ghee Roast, Mocktails, Pizza, Cheese Balls","North Indian, Mangalorean, Seafood"
5649,"Burgers, Biryani","North Indian, Chinese, Fast Food"
5650,"Pizza, Seafood Pasta, Panna Cotta, Tiramisu, Lasagne, Ravioli, Virgin Sangria","Italian"
5651,"\N","Mughlai, North Indian, Chinese, Biryani, Seafood"
5652,"\N","South Indian, Mughlai"
5653,"\N","Fast Food, Street Food, Beverages"
5654,"Burgers, Fries","Burger, Fast Food"
5655,"Naan, Chicken Biryani, Butter Chicken, Pasta, Noodles, Rajma Chawal, Maggi","North Indian, South Indian, Chinese, Continental"
5656,"\N","Tibetan, Chinese, Momos"
5657,"Rolls, Chicken Shawarama, Chicken Shwarma Roll, Abbabi Chicken, Shawarma Roll","Fast Food"
5658,"\N","Chinese, North Indian, Arabian"
5659,"Beer, Wedges, Pizza, Nachos, Salads, Papaya Salad, Buffalo Wings","Continental, Italian, Mexican, North Indian, Chinese, Steak"
5660,"\N","Burger, American, Beverages, Cafe"
5661,"Pasta, Pancakes, Pizza, Fish, Chaat","American, Continental, North Indian, South Indian"
5662,"Sea Food, Craft Beer, Cocktails, Tempura Prawns, Dahi Ke Kebab, Tandoori Platter, Mocktails","Continental, Italian, North Indian"
5663,"Chicken Curry, Lunch Buffet, Chicken Biryani, Paratha, Lassi, Gajar Halwa, Chicken Grill","North Indian"
5664,"\N","Hyderabadi, Biryani"
5665,"\N","Biryani, Andhra, North Indian"
5666,"Beer, Cocktails, Burgers, Mini Tacos, Sweet Corn Pizza, Fries, Sea Food","European, American"
5667,"Rolls, Biryani, Dum Aloo","Bengali, Rolls, Chinese"
5668,"Rolls, Beda Roti, Veggie Roll, Chicken Seekh Roll, Chicken Kalimirch, Kathi Roll, Mutton Kebab Roll","Fast Food, Rolls"
5669,"\N","Seafood, Fast Food"
5670,"Burgers, Coffee, Chocolate Donut, Bagel, Chocolate Drink, Dunkaccinos, Hot Chocolate","Burger, Desserts, Fast Food"
5671,"Biryani, Mutton Chops","South Indian, North Indian, Fast Food"
5672,"Paratha, Tea, Pasta, Omelette, Rolls, Sandwich","North Indian, Chinese, European"
5673,"Waffles, Chocolate Bomb, Belgium Chocolate, Chocolate Sundae, Chocolate Icecreams, Strawberry Cheesecake","Ice Cream, Desserts"
5674,"Thali, Dhokla, Chaat, Samosa, Panipuri, Jalebi, Pav Bhaji","Mithai, North Indian, Street Food"
5675,"Misal Pav, Mutton Fry, Malwani Food, Mutton Thali, Chicken Fry, Sabudana Vada, Chicken Handi","Maharashtrian, Seafood"
5676,"Coffee, Chocolate Mocha, Hot Chocolate, Chocolate Cake, Sandwiches, Pizza, Bannoffee Pie","Cafe, Italian, Fast Food"
5677,"Salad, Salads, Peri Peri Chicken, Broccoli Soup, Burgers, Steak, Brownie","Cafe, Salad"
5678,"Gelato, Strawberry Sundae, Hot Chocolate, Brownie, Wedges, Peri Peri Fries, Thick Shakes","Desserts, Cafe"
5679,"Rolls, Burgers, Sandwiches, Nachos, Sweet Lassi, Fries, Methi Paratha","Fast Food, North Indian, Rolls"
5680,"\N","Biryani, Mughlai, North Indian"
5681,"Prawn, Shahi Tukda, Barfi, Veg Mushroom, Pizza, Momos, Masala Lemonade","Continental, North Indian, Asian, Italian"
5682,"Biryani","Biryani, North Indian"
5683,"Paneer Tikka, Bhuna Gosht, Andhra Meal, Chicken Biryani, Chicken Guntur, Chicken Sholey Kebab, Andhra Biryani","Andhra, North Indian"
5684,"Momos, Chilli Chicken, Chicken Manchow Soup, Spicy Chicken Wings, Thukpa, Chicken Noodle, Tai Pai Chicken","Chinese, Momos"
5685,"\N","Arabian, North Indian"
5686,"Chicken Grill, Fish, Shawarma, Rolls, Tandoori Chicken, Biryani, Hyderabadi Chicken","North Indian, Chinese"
5687,"\N","Street Food, North Indian"
5688,"Waffles, Pasta Alfredo","Continental, Beverages, Burger, Coffee, Desserts"
5689,"\N","North Indian, Chinese, Hyderabadi"
5690,"\N","Biryani, South Indian, North Indian, Chinese, Andhra"
5691,"Biryani, Sea Food, Egg Masala, Barbeque Chicken, Fish Grill, Appam, Raita","North Indian, South Indian, Chinese, Seafood, Kerala, Arabian, Juices"
5692,"Mushroom Masala, Thali, Aloo Paratha, Roti, Samosa, Panneer Butter Masala","North Indian"
5693,"Bannoffee Pie, Pasta, Sandwiches, Salsa, Sandwich, Salads, Pita Bread","Cafe, Continental, Salad"
5694,"Butterscotch Ice Cream, Sandwiches, Milk Shake, Brownie, Hot Chocolate Fudge, Vanilla Ice Cream, Burgers","Desserts, Cafe, Fast Food"
5695,"Paneer Lababdar, Sandwiches, Oysters, Paratha, Coffee, Jeera Rice, Biryani","North Indian, Italian, South Indian, Continental, Cafe, Salad"
5696,"Cocktails, Pasta, Fish, Dal Makhani, Salads, Coffee, Babaganush","North Indian, South Indian, Asian, Italian, Continental"
5697,"\N","Street Food, Beverages, North Indian"
5698,"\N","Biryani, North Indian, Chinese, Fast Food"
5699,"\N","Continental, Mexican, Biryani, Italian, Chinese, Arabian, Steak"
5700,"Salads, Sandwiches, Chicken Salad, Chicken Grill","Cafe, Healthy Food, Salad"
5701,"Kulcha, Cocktails, Peri Peri Chicken, Masala Peanuts, Virgin Colada, Apple Pie, Sea Food","Continental, Asian, Italian, North Indian"
5702,"Coffee, Pizza, Cheesecake, Pasta, Potato Salad, Sandwiches, Chicken Pot Pie","Bakery, Cafe, Italian, Desserts"
5703,"Coffee, Cheesecake, Chicken Baguette, Pasta, Mudcake, Wedges, Hot Chocolate","Cafe, Mediterranean, Bakery, Greek"
5704,"Thali, Lassi, Litti, Pav Bhaji, Chole Bhature, Aloo Paratha","North Indian"
5705,"Pizza, Ice Cream Roll","Italian, Fast Food, Pizza"
5706,"Roast Chicken, Thalassery Biryani","Kerala, Chinese"
5707,"\N","Chinese, North Indian, Seafood"
5708,"Jowar Roti, Akki Rottis, Buttermilk, Idli, Thali, Vada, Bajji","South Indian, North Indian, Chinese"
5709,"Paratha, Kheer, Lassi, Buttermilk, Paneer Bhurji, Custard, Bhindi Masala","North Indian"
5710,"Brownie, Fries, English Breakfast, Cinnamon Roll, Brewed Coffee, Wings, Cappuccino","Cafe, Bakery, French, Jewish, Sandwich, Vegan, Coffee"
5711,"Chicken Sandwich, Salads, Butter Chicken, Sandwiches, Salad, Biryani, Ice Tea","North Indian, Mughlai, Fast Food"
5712,"\N","Fast Food, Tea"
5713,"\N","Italian"
5714,"Dance Floor, Dj","Finger Food"
5715,"Raita, Tandoori Chicken, Egg Chilli, Hakka Noodles, Chicken Taka Tak, Palak Paneer, Veg Pulao","North Indian, Chinese, Biryani"
5716,"\N","Burger, American, Beverages, Desserts, Italian, Salad, Ice Cream, Finger Food"
5717,"Fish Curry, Appam, Paratha, Sea Food, Beef Biryani, Beef Curry, Beef Fry","Kerala, South Indian"
5718,"Naan, Sea Food, Biryani, Lime Soda","North Indian, Chinese, Andhra"
5719,"\N","North Indian, Chinese, Kebab, Rolls"
5720,"\N","Biryani, Hyderabadi, Kebab"
5721,"Vada, Butter Masala Dosa, Coffee","South Indian, North Indian, Chinese"
5722,"Chicken Grill, Biryani, Shawarma Roll, Rolls, Arabian Pulpy Grape Juice","North Indian, Kebab, Fast Food"
5723,"Coffee, Vada, Chaat, Rava Idli","South Indian, North Indian, Chinese, Street Food, Juices"
5724,"Cocktails, Chicken Nachos, Pizza, Peri Peri Fries, Hush Puppies, Beer, Tiramisu","Finger Food, Asian, European, Italian"
5725,"Veg Burger, Pork Ribs, Pizza, Chicken Sandwich, Steak, Burgers, Mushroom Soup","Cafe, Continental, Salad, Steak"
5726,"\N","Beverages, Salad"
5727,"Tandoori Chicken, Dal Makhani, Butter Chicken, Roti, Veg Thali","North Indian"
5728,"\N","Cafe, Chinese"
5729,"Pan Cake, Waffles, Nutella Pancakes","Desserts, Cafe"
5730,"\N","Ice Cream, Desserts, Fast Food"
5731,"Brownie, Veg Puff, Chocolate Truffle, Chocolava, Choco Truffle, Chocolate Cake","Bakery, Desserts"
5732,"Blueberry Cheesecake, Oreo Cheesecake","Desserts"
5733,"Chaat, Panipuri, Lassi, Aloo Paratha, Chai, Gulab Jamun","North Indian, Street Food"
5734,"Beef Fry, Fish Fry, Appam, Masala Prawn, Egg Roast, Chicken Curry, Biryani","South Indian, Seafood, Biryani"
5735,"Badam Milk, Potato Twister, Pav Bhaji, Panipuri, Tikki Chaat, Cheese Cutlet","Fast Food"
5736,"Pasta, Pizza, Nachos, Gelato, Ravioli, Jalapeno Poppers, Cocktails","Italian, Fast Food, Salad, BBQ"
5737,"\N","Healthy Food, Beverages, Salad"
5738,"Chicken Biryani, Mutton Biryani","Biryani, North Indian"
5739,"Chicken Curry, Mocktails, Biryani, Halwa, Beer, Pasta, Fish Tikka","North Indian, Mughlai, Mediterranean"
5740,"\N","Beverages, Desserts, Ice Cream"
5741,"Noodles, Coriander Soup, Chicken Lollipop, Honey Potato, Momos, Schezwan Fried Rice, Chicken Drumstick","Chinese"
5742,"Sandwiches, Chicken Sandwich, Oreo Shake, Irish Coffee Cream","Beverages, Fast Food"
5743,"Hyderabadi Biryani, Masala Poori, Butter Masala Dosa, Mughlai Biryani, Kulcha, Coffee, Chaat","North Indian, Chinese, Continental, South Indian, Street Food, Juices"
5744,"Cocktails, Pizza","Spanish"
5745,"Hyderabadi Biryani, Chicken Kebab, Corn Paratha, Chicken Dosa, Butter Chicken, Fish, Malabari Biryani","North Indian, Arabian, Mughlai, Biryani, Seafood, Beverages"
5746,"French Fries, Peri Peri Fries","Fast Food"
5747,"\N","Juices, Ice Cream, Fast Food"
5748,"Neer Dosa, Biryani, Chicken Curry, Murgh Ghee Roast, Manchow Soup, Chicken Sukha","North Indian, Andhra, BBQ, Seafood, Chinese"
5749,"Kerala Parotta, Appam, Ghee Rice, Sea Food, Paratha, Chicken Dum Biryani, Beef Fry","Kerala, Seafood, Chinese"
5750,"Mushroom Bruschettas, Mocktails, Blueberry Smoothie, Opera Cake, Beef Burger, Pasta Arrabiata, Burgers","Cafe, Continental, Burger, Salad, Healthy Food, Italian"
5751,"Beer, Momos, Pizza, Coffee, Dragon Chicken, Hot Pot, Mocktails","North Indian, Chinese, Pizza, BBQ"
5752,"Andhra Meal, Vegetable Biryani, Veg Thali, Chicken Chettinad, French Chicken, Manchurian","Andhra, North Indian, Chinese"
5753,"\N","North Indian, Rolls, Street Food"
5754,"Pasta, Sandwiches, Cappuccino, Sandwich","Bakery, Fast Food, Italian"
5755,"\N","Arabian, Chinese, Hyderabadi, Kerala"
5756,"Noodles, Momos, Ramen Soup, Bubble Tea, Noodle, Onion Rings, Veg Dim Sums","Chinese, Indonesian, Japanese, Malaysian, Thai, Vietnamese, Momos"
5757,"Mocktails, Kimchi, Sushi, Pork Bibimbap, Ginger Tea, Chicken Sizzler, Salads","Korean"
5758,"Coffee","South Indian, North Indian, Chinese"
5759,"Rice, Noodles, Chop Suey","Chinese, Thai"
5760,"Pasta, Burgers, Fries, Bbq Chicken Pizza, Peri Peri Chicken Pizza, Bbq Burger, Nachos","Cafe, Burger, Italian, Fast Food"
5761,"\N","Continental, Italian, North Indian, Pizza"
5762,"Pizza, Garlic Bread","Pizza, Fast Food"
5763,"Naan, Phirni, Sheermal, Rasmalai, Chicken Tikka, Paneer Tikka, Galauti Kebab","Awadhi, Bengali, North Indian"
5764,"Soya Chaap, Biryani","Cafe"
5765,"Mutton Biryani, Chicken Kebab, Donne Biryani","Biryani, Chinese, North Indian, Kebab"
5766,"Shakshouka, Kothu Paratha, Scrambled Eggs, Pasta, English Breakfast, Cheese Omelette, Masala Omelette","Continental, American"
5767,"Paneer Tikka, Tandoori Momos, Soya Chaap, Afghani Chaap","Arabian, North Indian"
5768,"Sea Food, Fish, Tomato Masala, Murgh Ghee Roast, Neer Dosa, Ghee Roast Mutton, Mutton Sukha","Biryani, North Indian, Mangalorean, Seafood"
5769,"Paratha, Kheer, Burgers, Ghee Rice, Rolls, Veg Burger, White Sauce Pasta","Fast Food, North Indian"
5770,"Corn Balls, Cocktails, Mocktails, Sunday Brunch, Fish, Chicken Wings, Nachos","Continental, Pizza, North Indian, Goan, Burger, Cafe"
5771,"Chaat, Pav Bhaji, Kheer, Jalebi, Panipuri, Tea, Dahipuri","Street Food"
5772,"Burgers","Fast Food, Chinese"
5773,"Chicken Biryani","South Indian, Fast Food"
5774,"Andhra Meal, Thali","Andhra, North Indian, Biryani"
5775,"Noodles, Tandoori Chicken","North Indian, Chinese"
5776,"Shawarma","Kerala, North Indian, Chinese"
5777,"\N","Kerala, Fast Food, Beverages"
5778,"Noodles, Chop Suey, Chicken Wings, Chilli Chicken, Honey Chilli Wings, Spring Chicken","Chinese"
5779,"Chicken Tikka, Chocolava Cake, Peri Peri Pizza, Tandoori Paneer, Lava Cake","Pizza"
5780,"Salads, Chicken Sandwich, Spaghetti, Arugula Salad, Cheesecake, Cheese Chilli Toast, Pasta","Cafe, Healthy Food, Salad, Beverages, Desserts"
5781,"Plum Cake, Burgers, Sandwiches, Donut, Mutton Samosa, Sponge Cake, Baked Bread","Bakery, Fast Food"
5782,"Momos, Rice Noodles, Kung Pao Chicken, Noodle, Rice Bowl, Thai Green Curry, Chicken Dim Sum","Asian, Chinese, Momos, Fast Food, Indonesian, Korean"
5783,"Samosa, Poha, Chaat, Chhole Bhature, Ginger Tea, Chole, Aloo Tikki","Fast Food"
5784,"Rice, Hyderabadi Biryani, Crab Masala, Mutton, Chilli Chicken","Andhra, North Indian, Biryani"
5785,"Panipuri, Gol Gappe","North Indian, Rajasthani"
5786,"Panipuri, Chaat, Noodles, Dahi Bhalle","Fast Food, Street Food"
5787,"Grape Juice, Chicken Grill, Chicken Tikka Roll, Shawarma Roll, Chicken Shawarama, Biryani Combo, Rolls","North Indian, Kebab, Chinese, Fast Food"
5788,"Masala Dosa, Sandwiches, Coffee, Onion Dosa, Rava Dosa, Chaat, Sandwich","Street Food, Fast Food"
5789,"Chaat, Brownie, Onion Rings, Tomato Soup, Paneer Manchurian, Thali, Faluda","North Indian, Chinese, South Indian, Fast Food, Juices"
5790,"Momos, Burgers, Rolls, Sandwich, Hot Chocolate, Tea, Naga Thali","Cafe, Fast Food, Chinese"
5791,"Freak Shake, Fries, Pasta Alfredo","Cafe, Continental, Fast Food"
5792,"Masala Chaach, Tomato Shorba, Gajar Ka Halwa, Biryani, Deluxe Punjabi Thali, Rajma, Paneer Tikka Masala","North Indian"
5793,"\N","Juices, Street Food"
5794,"Coffee, Jeera Rice, Masala Dosa, Neer Dosa","South Indian"
5795,"\N","South Indian, Burger"
5796,"Sandwiches, Pasta, Cobb Salad, Pizza, Burgers, Calzone, Fries","Cafe, Continental, Beverages"
5797,"\N","North Indian, Continental, South Indian, Chinese"
5798,"Mayo Sandwich, Pasta, Egg Sandwich, Coffee, Potato Wedges, Vegetable Noodles, Fries","Cafe, Continental"
5799,"Chicken Alfredo Pizza, Coffee Mousse, Chicken Calzone, Banana Smoothie, Butter Chicken Pizza, Chocolate Pizza, Chicken Tikka Pizza","Pizza, Cafe, Italian"
5800,"Aloo Paratha, Samosa, Kachori, Poha, Chaat","Fast Food, North Indian"
5801,"\N","North Indian, Biryani, Mughlai, Kebab"
5802,"Cocktails, Ghee Roast Mutton, Mocktails, Chicken Biryani, Malai Kofta, Chicken Chatpata, Fish","North Indian, Chinese, Seafood, Biryani, Mangalorean"
5803,"Butter Beer, Pasta, Fries, Burgers, Exotic Veg Pizza, Potato Wedges, Veggie Pizza","Continental, Italian, American"
5804,"\N","Asian, Continental, European"
5805,"Chicken Lollipop, Dragon Rolls, Pasta Alfredo, Chicken Pakora, Burgers, Cappuccino, Chicken Wings","Cafe, Italian, Chinese, Beverages"
5806,"Dum Biryani","Andhra, Biryani, Chinese, North Indian"
5807,"\N","Fast Food, Chinese, Beverages"
5808,"Biryani, Sea Food, Fish Thali","Chinese, North Indian, Seafood"
5809,"\N","South Indian, Street Food, Tea"
5810,"Kheer, Lassi, Paratha, Amritsari Kulcha, Dal Makhani, Chole Bhature, Aloo Kulcha","North Indian, Chinese, Street Food"
5811,"\N","Kerala, South Indian, North Indian"
5812,"\N","North Indian, Andhra, Chinese"
5813,"\N","Chinese, North Indian, Mughlai, Rolls"
5814,"\N","North Indian, Street Food, Juices"
5815,"\N","Andhra, Chinese, North Indian, South Indian"
5816,"Sandwiches, Thick Shakes, Paan Shake, Brownie Bomb, Spinach Corn Sandwich, Peri Peri Fries, Paneer Peri Peri","Beverages, Sandwich"
5817,"Thukpa, Hakka Noodles","Chinese, Tibetan"
5818,"Panneer Butter Masala, Chicken Tikka, Mutton Curry, Paneer Tikka, Appam, Roast Chicken, Kerala Parotta","Kerala, Seafood, Chinese, Biryani, Juices"
5819,"\N","Chinese, Continental, Desserts, Bakery"
5820,"Benne Dosa, Idli, Coffee","South Indian"
5821,"Brownie","Beverages, Desserts"
5822,"Beef Nachos","North Indian, Continental, Chinese"
5823,"Egg Chilli, Butter Naan, Watermelon Juice, Chocolate Halwa, Fry Prawns, Mocktails, Salads","North Indian, Chinese, Continental, Thai, Salad"
5824,"Burgers, Mojito, Bbq Burger, Peri Peri Fries, Grilled Burger","Cafe, Burger, Fast Food"
5825,"Tikka, Saag, Dal Makhani, Naan, Makke Ki Roti","North Indian"
5826,"Donut, Chocolate Doughnut, Chocolate Milkshake, Filter Coffee","Desserts, Beverages"
5827,"Appam, Chicken Curry, Passion Fruit Juice, Crepe","Salad, Healthy Food, Street Food"
5828,"Pizza, Mocktails","Continental, Italian, Beverages"
5829,"\N","Rolls, Kebab"
5830,"Biryani, Shahi Paneer","North Indian, Biryani, Chinese"
5831,"Lasagne, Subz-e-royal Pot Rice","Mexican, Italian"
5832,"Waffles, Nutella Ice Cream, French Fries","Desserts, Fast Food"
5833,"Mutton Biryani, Dragon Chicken, Chicken Dum Biryani, Vegetable Biryani, Paneer Biryani","Biryani, North Indian, Kebab"
5834,"\N","Bengali, Street Food"
5835,"Chicken Biryani, Chilli Chicken, Omelette, Mutton Biryani","North Indian, Chinese"
5836,"Masala Papad, Cheese Garlic Naan, Coffee, Corn Soup, Pasta","North Indian, South Indian, Continental"
5837,"Pancakes, Sandwich, Coffee","Cafe, Bakery, Continental"
5838,"Fruit Lassi, Sweet Lassi, Kulfi, Banana Split","Beverages, Desserts, Juices"
5839,"Sea Food, Neer Dosa, Fish Curry, Chicken Thali, Crab Ghee Roast, Squid Ghee Roast, Murgh Ghee Roast","Seafood, Mangalorean, Chinese"
5840,"Pesto Pizza, Buffalo Wings, Cocktails, Beer, Egg Ghee Roast, Brownie, Pepper Chicken","Continental, Finger Food, Seafood, Pizza"
5841,"Butter Naan, Filter Coffee, Pav Bhaji, Vada, Babycorn Manchurian, Tea, Paneer Tikka Masala","South Indian, North Indian, Chinese, Street Food"
5842,"\N","Italian, Continental"
5843,"\N","Biryani, South Indian, Kebab"
5844,"Raita, Thali, Paratha, Chole, Buttermilk, Paneer Bhurji, Rice","North Indian"
5845,"Pizza, Mango Cheesecake, Beer, Mocktails, Crispy Water Chestnuts, Cosmopolitan, Prawn","Finger Food, North Indian, Continental, Pizza"
5846,"Fish, Sea Food, Chingri Malai Curry, Mutton Kasha, Jumbo Ilish, Chingri Malaikari, Jumbo Prawns","Bengali, Mughlai"
5847,"Vada, Idli, Masala Dosa, Filter Coffee, Tea, Sandwiches","South Indian, Fast Food, Chinese, North Indian, Street Food"
5848,"Coffee, Thali","North Indian, Chinese, South Indian, Continental"
5849,"Biryani","Biryani, Chinese, North Indian"
5850,"Sandwiches, Sandwich","Juices, Fast Food"
5851,"Mocktails, Pasta Alfredo, Nachos, Veggie Pizza, Chicken Steak, Hot Chocolate, Noodles","Cafe, Continental, Italian"
5852,"Sea Food, Thali, Red Snapper, Fish Fry, Neer Dosa","Seafood"
5853,"Cocktails, Pizza, Nachos, Andhra Chilli Chicken, Bruschettas, Beer, Ravioli","North Indian, South Indian, Continental, Asian"
5854,"Pizza, Pita Bread, Beer Cocktail, Baklava, Shrimp Soup, Pasta, Babaganush","Mediterranean, Pizza, Italian, Beverages"
5855,"Steak, Burgers, Meatballs, Apple Pie, Salads, Bruschettas, Chicken Sizzler","Italian, American, Steak, Continental, BBQ, Salad"
5856,"Apple Pie, Mascarpone Cheese, Nolen Gurer Ice Cream, Paan Ice Cream, Nolen Gur, Gur Ice Cream, Salted Caramel","Ice Cream"
5857,"Dumplings, Noodles, Cocktails, Mocktails, Mango Mascarpone Gateau, Macaroon, Chocolate Hazelnut Mousse","Chinese, Asian, Cantonese, Tea"
5858,"Beer, Cocktails","American, North Indian, Chinese"
5859,"Biryani, Kulfi Faluda, Peshawari Paneer, Dal Tadka, Yakhni Shorba, Tandoori Roti, Phirni","North Indian, Mughlai, Afghan"
5860,"\N","Bar Food, North Indian"
5861,"Jal-jeera, Roti, Dhokla, Biryani, Kheer, Chaach, Dal Tadka","North Indian, Chinese"
5862,"Ricotta Ravioli, Pasta, Bbq Chicken Pizza, Butter Chicken Pizza, Farmhouse Pizza, Mojito, Barbeque Chicken Pizza","Pizza, Cafe, Italian"
5863,"Rolls, Chicken Roll, Chicken Baida Roti","Fast Food, Rolls"
5864,"Poha, Masala Tea, Sandwiches, Pav Bhaji, Coffee, Egg Roll, Omelette","Cafe, Beverages"
5865,"Gooey Brownie, Brownie Chocolate, Chocolate Ganache, Garlic Bread, Salted Caramel Brownie, Plum Cake, Chocolate Cake","Bakery"
5866,"Sea Food, Fish, Murgh Ghee Roast, Crabmeat Soup, Jeera Rice, Prawn, Chicken Grill","North Indian, Chinese, Seafood"
5867,"Thali, Pongal, Masala Dosa","South Indian, North Indian, Chinese, Street Food, Fast Food"
5868,"Kheer, Dum Aloo Kashmiri, Lunch Thali, Dahipuri, Tandoori Mushrooms, Chaat, Lassi","North Indian, Mughlai"
5869,"Butter Chicken, Chaach, Paratha, Tandoori Chicken, Biryani, Lassi, Dal Makhani","North Indian, Chinese, Mughlai"
5870,"Macaroon","Desserts, Bakery"
5871,"Burgers, Raita, Fries, Chicken Noodle, Bbq Burger, Poha, Sandwiches","Fast Food, Biryani"
5872,"Buttermilk, Jalebi, Roti, Chaat, Noodles, Vegetable Biryani, Tea","North Indian, South Indian"
5873,"Bisi Bele Bhaath, Sweet Pongal, Curd Rice, Masala Papad, Vada, Filter Coffee, Babycorn Manchurian","South Indian, North Indian, Chinese, Street Food, Juices"
5874,"Waffles, Chocolate Sundae, Mango Ice Cream, Nutella Cheesecake, Salsa, Banana Split, Hot Chocolate Fudge","Ice Cream, Desserts, Beverages"
5875,"Noodles, Chicken Salad, Lunch Buffet, Fish, Sour Soup, Manchurian, Salads","Chinese, Thai, Indonesian"
5876,"\N","Andhra, Biryani, Chinese, North Indian"
5877,"Chicken Curry, Chicken Tikka, Mocktails, Cocktails, Long Island Iced Tea, Draught Beer","Biryani, North Indian"
5878,"Chaat, Burgers","North Indian, Fast Food"
5879,"Burgers, Waffles, Chocolava, Coffee, Pasta, Chocolate Cake, Brownie","Cafe, Italian, Fast Food, Desserts"
5880,"Coffee, Opera Pastry, Masala Tea","Bakery, Cafe"
5881,"California Roll, Cocktails, Mocktails, Maki Roll, Noodles, Veg Sushi, Momos","Asian, Japanese, Vietnamese, Korean, Chinese, Thai"
5882,"\N","Fast Food, Continental"
5883,"\N","Tea, Beverages, Sandwich, Fast Food"
5884,"Sushi, Mocktails, Noodles, Salad, Fish, Miso Soup, Sashimi","BBQ, Chinese, Japanese, Asian"
5885,"\N","Arabian, Continental"
5886,"Salads, Chicken Bbq Wings, Sandwiches, Pasta, Biryani, Pizza, Popcorn","Chinese, Continental, North Indian, Burger, Pizza"
5887,"\N","Kebab, Arabian, Afghan"
5888,"Barbecue Chicken Wings, Chilli Paneer, Cocktails, Chicken Steak, Sangria, Spicy Chicken, Burgers","Continental, Asian, American, North Indian, Desserts"
5889,"Burgers, Waffles, Pancakes, Chicken Lasagne, English Breakfast, Sandwiches, Pasta","Cafe, American, Burger, Sandwich, Beverages"
5890,"Vada, Rava Idli, Masala Dosa, Coffee","South Indian"
5891,"Tiramisu, Pasta, Salads, Gulab Jamun, Butter Naan, Chicken Soup, Hyderabadi Biryani","North Indian, Continental, Italian"
5892,"\N","Arabian, Chinese, North Indian, Kerala, Seafood"
5893,"Pho, Pad Thai, Jasmine Tea, Spring Roll, Chocolate Shake, Thai Green Curry, Momos","Chinese, Vietnamese, Momos, Thai"
5894,"Tangdi Chicken, Bbq Buffet, Chocolate Icecreams, Kofta Curry, Mutton Seekh Kabab, Paneer Curry, Mutton Keema","European, Mediterranean, North Indian, BBQ"
5895,"Masala Dosa, Coffee","South Indian, Street Food, Chinese, Fast Food"
5896,"Thali, Chicken Biryani","Chinese, South Indian, North Indian"
5897,"Chicken Grill, Butter Naan, Paratha, Shawarma Roll, Biryani, Butter Chicken, Tandoori Chicken","North Indian, Chinese"
5898,"\N","Continental, Italian, Chinese, North Indian, Momos"
5899,"Chicken Tikka, Faluda, Raita, Tarkari Biryani, Butter Naan, Fish, Dal Makhani","North Indian, Seafood"
5900,"Chicken Curry, Chicken Dosa, Sea Food, Masala Peanuts, Chicken Tacos, Draught Beer, Lime Soda","Finger Food"
5901,"\N","Cafe, Chinese, North Indian, Fast Food"
5902,"\N","North Indian, Bengali, Chinese"
5903,"Veg Thali, Fish Thali","Oriya, North Indian, Chinese"
5904,"Cheesecake, Pizza","Cafe, Italian"
5905,"Chicken Guntur, Andhra Meal, Hyderabadi Chicken Biryani, Butter Naan, Andhra Thali","Andhra, North Indian, Chinese, Seafood, Biryani"
5906,"Chicken Grill, Shawarma, Biryani, Grape Juice, Rolls, Paratha, Chicken Tikka Roll","North Indian, Kebab, Fast Food"
5907,"\N","North Indian, South Indian, Juices"
5908,"Andhra Chicken Curry, Hyderabadi Chicken Dum Biryani, Fried Rice","North Indian, Chinese, Rolls"
5909,"Kesari Bath, Vada, Filter Coffee","South Indian"
5910,"Coffee, Cheesecake, Chicken Baguette, Pasta, Mudcake, Hot Chocolate, Wedges","Cafe, Mediterranean, Bakery, Greek, Beverages"
5911,"Sandwiches, Lassi, Berry Delight, Faluda, Oreo Shake","Beverages, Sandwich"
5912,"Burgers, Mcmuffin, French Fries, Waffles, Pancakes, Mc Veggie, Coffee","Fast Food, Burger, Beverages, Cafe, Desserts"
5913,"Butter Fish, Chicken Burritos, Cocktails, Mocktails, Rabri, Exotic Veg Pizza, Potato Wedges","North Indian, Japanese"
5914,"Pasta, Chicken Meal, Pongal, Pesarattu, Chicken Satay, Noodles, Salad","Healthy Food, Desserts"
5915,"Roast Beef","Kerala"
5916,"Manchow Soup, Momos, Hunan Chicken Gravy, Rice Noodles, Vegetable Chowmein, Chilli Chicken, Chilli Mushroom","Chinese, Asian, American, Seafood"
5917,"Chicken Grill, Falafel, Mint Lemonade, Thali","North Indian, Lebanese, Rolls"
5918,"Coffee, Roti, Pongal, Idli, Ghee Masala Dosa, Thali, Chaat","South Indian, North Indian, Chinese, Street Food, Fast Food"
5919,"Charcoal Chicken, Shawarma Roll, Chicken Curry, Chicken Biryani, Roti, Garlic Naan, Paneer Tikka Masala","Mughlai, North Indian, Chinese"
5920,"\N","Chettinad, South Indian"
5921,"Biryani, Chicken Curry","South Indian, North Indian, Chinese"
5922,"Mocktails, Burgers, Fish, Butter Chicken Pizza, Peri Peri Chicken Wings, Pasta, Steak","Burger, Pizza, Continental"
5923,"Mishti Doi, Doi Katla, Mutton Kosha, Fish Curry, Aloo Posto, Gulab Jamun","Bengali, North Indian"
5924,"Coffee","North Indian, Fast Food"
5925,"Tawa Pulav, Faluda, Pav Bhaji, Ice Cream Sundae, Brownie, Hot Chocolate Fudge, Fruit Salad","Desserts, Beverages, Fast Food, Ice Cream"
5926,"Filter Coffee, Crispy Dosa, Vada, Burgers, Mini Idlis, Ghee Roast Masala Dosa, Paratha","South Indian"
5927,"Chaat, Pav Bhaji, Masala Poori, Vada Pav","Mithai, North Indian, Street Food"
5928,"\N","Hyderabadi, Biryani, Andhra"
5929,"Appam, Sea Food, Fry Prawns, Dal Fry, Fish, Chicken Curry, Murgh Ghee Roast","Mangalorean, Seafood, Chinese, North Indian"
5930,"Chocolate Mousse, Pasta, Chocolate Cake, Lemon Tarts, Veg Burger","Continental, Fast Food, Beverages, Desserts"
5931,"\N","South Indian, Chinese, Fast Food"
5932,"\N","Biryani, Kerala"
5933,"Nachos, Burrito Bowl, Rice Bowl, California Burrito, Tacos, Peri Peri Chicken","Mexican, Fast Food"
5934,"Neer Dosa, Thali, Ghee Rice, Sea Food, Paratha","South Indian, Mangalorean, Kerala"
5935,"Neer Dosa, Egg Ghee Roast, Sea Food, Tender Coconut Souffle, Murgh Ghee Roast, Fish, Appam","Mangalorean, Seafood"
5936,"\N","Biryani, Chinese, Kebab, Kerala, North Indian"
5937,"Cocktails","Continental"
5938,"Dal Makhani, Butter Chicken, Tandoori Momos","Mughlai, North Indian, Biryani"
5939,"\N","Healthy Food, Sandwich, Salad"
5940,"Bamboo Chicken, Panneer Butter Masala, Chicken Dum Biryani, Paneer Tikka Biryani, Garlic Naan, Ghee Rice, Avakai Chicken Biryani","Biryani, Andhra, North Indian, Chinese"
5941,"Chicken Grill, Shawarma, Naan","North Indian, Chinese, Arabian, BBQ, Middle Eastern"
5942,"Thali, Fried Rice, Chicken Tikka, Butter Chicken","North Indian, Chinese"
5943,"\N","Street Food, Gujarati"
5944,"Tacos, Nachos, Burrito, Rice Bowl, Pizza, Fiesta Potatoes, Chicken Burritos","Mexican, American, Fast Food"
5945,"Rolls, Beda Roti, Afghan Chicken, Reshmi Kebab, Chicken Tikka Roll","Rolls, North Indian, Fast Food"
5946,"Chocolate Truffle Cake, Eggless Cake, Cup Cake, Chocolate Dreamcake, Photo Cake, Fruit Cake, Litchi Cake","Bakery, Desserts"
5947,"Faluda, Chicken Curry, Keema Biryani, Vegetable Biryani, Chicken Dosa, Guntur Chicken Biryani, Thali","Andhra, Biryani, North Indian"
5948,"\N","Fast Food, North Indian, Continental"
5949,"Pizza, Garlic Bread, Beer, Tiramisu, Vanilla Ice Cream, Ravioli, Salads","Italian, Pizza, Beverages"
5950,"Masala Dosa, Rava Dosa, Rava Idli, Filter Coffee, Vada, Kesari Bath, Veg Sandwich","South Indian, North Indian, Chinese"
5951,"Chaat, Pav Bhaji, Panipuri, Kheer, Jalebi, Tea, Dahipuri","Street Food"
5952,"Bamboo Chicken, Fish Curry, Chicken Guntur, Chicken Fry, Mutton Biryani, Mutton Chops, Chicken Kshatriya","Andhra, Biryani, North Indian, Chinese"
5953,"\N","Pizza, Beverages, Ice Cream"
5954,"\N","Seafood, North Indian, Mangalorean"
5955,"Vegetarian, Prawn, Mocktails, Fish, Paan Kulfi, Brownie, Chicken Biryani","North Indian, European, Mediterranean, BBQ, Kebab"
5956,"Mutton Cutlets, Masala Dosa, Filter Coffee, Omelette, Vada, Scrambled Eggs, Hot Coffee","South Indian"
5957,"Rolls, Chicken Biryani","Biryani, Rolls"
5958,"\N","North Indian, Hyderabadi, Chinese, South Indian, Beverages, Desserts"
5959,"Vada Pav, Chicken Nuggets, Maggi, Ginger Tea, Chicken Sandwich, Ginger Chai, Bun Maskas","Cafe, Tea"
5960,"Chicken Masala, Shaadi Ki Biryani, Chicken Shawarama, Butter Naan, Chicken Grill, Chicken Satay, Mutton Curry","North Indian, Mughlai, South Indian, Chinese"
5961,"Biryani, Paneer Pasanda","North Indian, South Indian, Biryani, Continental"
5962,"Decor","Cafe, North Indian, Chinese, Fast Food"
5963,"Paratha, Chicken Tikka Biryani, Basmati Rice, Rajma, Dal Makhani","North Indian, Mughlai, Fast Food"
5964,"Kerala Parotta, Shawarma","Kerala"
5965,"Cocktails, Pasta, Chilli Pork, Beer, Beetroot Burger, Chicken Nachos, Pepperoni Pizza","Continental, Steak"
5966,"Pasta, Mocktails, Tiramisu, Sangria, Mousse, Minestrone Soup, Cajun Chicken","Italian, Continental, Pizza"
5967,"Cocktails, Sushi, Salmon, Martini, Tempura Prawns, Chicken Gyoza, Ramen","Asian, Japanese, Thai"
5968,"Ghee Rice, Biryani, Brain Pepper Fry, Chicken Kebab, Chicken Grill, Grape Juice, Kerala Parotta","North Indian, Chinese, Biryani, Kebab, Juices"
5969,"Banana Cake, Ginger Tea, Masala Chai, Samosa, Ginger Chai, Poha, Egg Puff","Tea, Beverages, Fast Food"
5970,"\N","Fast Food, Biryani, Chinese, Seafood"
5971,"Tandoori Chicken, Biryani, Masala Papad","North Indian, Chinese, Andhra"
5972,"Chicken Boneless Biryani, Paneer Biryani, Andhra Style Biryani, Tandoori Chicken, Prawn Biryani, Raita, Hyderabadi Biryani","Biryani, Chinese, North Indian, Seafood"
5973,"Burgers, Sandwiches, Pizza, Beef Burger, Chicken Bbq Burger, French Fries, Barbecue Chicken Burger","Continental, Beverages"
5974,"Wine, Pizza, Brownie, Pasta, Souvlaki, Tiramisu, Mezze Platter","Cafe, Continental, Italian, Beverages, Mediterranean"
5975,"Paneer Biryani, Pot Biryani, Calcutta Biryani, Raita, Paneer Tikka, Vegetable Biryani, Hyderabadi Biryani","Biryani, Kebab, Rolls, Mughlai"
5976,"Chaat, Vada Pav, Fafda, Sandwiches, Kutchi Dabeli, Sev Puri","Street Food, Gujarati"
5977,"Thali, Coffee, Buttermilk, Tea, Methi Paratha, Sweet Lassi, Aamras","North Indian"
5978,"Pizza, Cheesy Fries, Tiramisu, Ravioli Pasta, Salads, Burgers, Cocktails","Cafe, Italian, American"
5979,"Bbq Pizza, Choux Pastry, Bbq Chicken, Tiramisu, Barbeque Chicken, Chicken Calzone, Pasta","Pizza, Cafe, Italian"
5980,"Chicken Teriyaki Bao, Kaffir Lime, Walnut Brownie, Rice Bowls, Khao Suey, Veg Bao, Snapper","Asian, Chinese"
5981,"\N","Chinese, Kerala, North Indian"
5982,"\N","South Indian, North Indian, Chinese, Thai"
5983,"Tiramisu, Pasta, Salads, Gulab Jamun, Butter Naan, Biryani, Chicken Soup","North Indian, Continental, Italian"
5984,"Chicken Curry","Kerala, Seafood, Biryani, Desserts"
5985,"Rolls, Veg Momos, Masala Fries","Fast Food, Rolls, Momos"
5986,"Aloo Paratha, Manchurian","North Indian"
5987,"\N","Fast Food, Burger, Sandwich, Street Food"
5988,"\N","Burger, Sandwich, Pizza, Chinese"
5989,"Chicken Biryani, Chicken Samosa, Hyderabadi Biryani, Kheer, Mutton Biryani","Biryani"
5990,"Chicken Grill, Shawarma, Tandoori Chicken, Lassi, Noodles, Chicken Shawarama, Arabian Grape Juice","Arabian, North Indian, Chinese, Beverages"
5991,"Paneer Pasanda, Chicken Soup, Tandoori Chicken","North Indian"
5992,"Momos, Noodles","Chinese, Thai, Momos"
5993,"Paratha, Lassi, Dal Bati, Kachori, Roti, Churma, Liti Chokha","Rajasthani, North Indian"
5994,"Mocktails, Butter Chicken, Seekh Kebab","North Indian, Biryani"
5995,"Custard Apple, Watermelon Ice Cream","Ice Cream, Beverages"
5996,"\N","North Indian, Biryani, Seafood"
5997,"Momos, Thukpa, Dumplings, Crispy Chilli Potatoes, Beef Shaptak Dry, Chicken Momo, Fruit Beer","Chinese, Tibetan"
5998,"Masala Dosa, Biryani, Chicken Stew, Tea, Appam, Paratha","Kerala, Chinese, North Indian"
5999,"\N","Pizza, Fast Food, Desserts"
6000,"Churros, Salad, Nachos, Burrito","Mexican, Tex-Mex"
6001,"Chicken Biryani, Mocktails, Pizza, Cocktails, Pork Ribs, Beer, Nachos","Italian, Continental"
6002,"Sea Food, Anjal Masala Fry, Fish Curry, Fish Fry, Thali, Neer Dosa","Mangalorean, Seafood, North Indian"
6003,"Noodles, Seafood Soup, Hunan Chicken, Chicken Momo, Prawn, Vanilla Ice Cream, Steak","Chinese, Malaysian"
6004,"Hot Chocolate Fudge, Fruit Salad, Brownie, Almond Fudge, Chocolate Milkshake, Mango Ice Cream, Vanilla Ice Cream","Ice Cream, Desserts"
6005,"Momos, Biryani, Beer, Cocktails, Fried Rice","North Indian, South Indian, Chinese, Continental"
6006,"\N","Arabian, North Indian, Biryani, Kebab"
6007,"Masala Chaach, Stuffed Paratha, Gulkand Lassi","North Indian"
6008,"Chole, Kheer, Biryani, Liti Chokha, Litti, Churma, Raita","North Indian"
6009,"Cocktails, Stir Fried Noodles, Cheesecake, Jasmine Rice, Kung Pao Vegetables, Veg Sushi, Salad","Asian, Japanese, Thai, Malaysian, Vietnamese, Korean, Chinese"
6010,"Kamikaze, Long Island Iced Tea, Pizza, Hefeweizen, Craft Beer, Cocktails, Belgian Brew Beer","American, Continental, Salad"
6011,"Pasta, Cocktails, Peri Peri Chicken Burger, Brownie, Jalapeno Poppers, Mocktails, Basil Pesto","North Indian, Chinese, Continental, Italian"
6012,"Raita, Gulab Jamun, Basmati Rice, Gosht Dum Biryani","Biryani"
6013,"Roast Chicken, Appam, Kadala Curry, Fish Fry","Kerala"
6014,"Pasta, Virgin Mojito, Mousse, Barbeque Chicken Pizza, Cappuccino, Wedges, Thin Crust Pizza","Pizza, Cafe, Italian"
6015,"Biryani","Andhra, Biryani, North Indian"
6016,"Noodles, Manchow Soup, Khau Suey, Chilli Chicken, Chaat, Cheesecake, Momos","Asian, Malaysian, Chinese, Thai, Momos"
6017,"Buttermilk, Dal Makhani, Boondi Raita, Baingan Bharta, Aloo Paratha, Roti, Thali","North Indian, Chinese, Momos"
6018,"Waffles, Thick Shakes, Choco Brownie, Ferrero Rocher Shake, Blueberry Shake, Milky Way, Nutella Brownie","Desserts, Beverages"
6019,"\N","North Indian, Mughlai, Chinese, Kebab, Biryani"
6020,"Crispy Corn, Chicken Kebab, Mocktails, Momos, Fish, Chicken Biryani, Gulab Jamun","Asian, Continental, European, Mediterranean"
6021,"Poha, Nachos, Sweet Lassi, Aloo Paratha, Chole Bhature, Paneer Parantha, Palak Paneer","North Indian, Chinese"
6022,"Veg Dum Biryani, Buttermilk, Butter Chicken, Chicken Biryani, Rajugari Kodi Pulao, Tikka, Chicken Curry","North Indian, Biryani, Andhra, South Indian"
6023,"\N","Kerala, North Indian, Chinese, Hyderabadi, Arabian"
6024,"\N","Chinese, Sandwich, Juices"
6025,"Chicken Boneless Biryani, Mutton Biryani, Andhra Style Biryani, Hyderabadi Biryani, Vegetable Biryani, Paneer Biryani, Fry Prawns","Biryani, Seafood, Andhra, North Indian"
6026,"Salads, Tiramisu, Rasmalai, Biryani, Lunch Buffet, Roti, Chaat","North Indian, Continental, Chinese, South Indian"
6027,"Noodles, Veg Momos, Chowmein, Schezwan Fried Rice, Clear Soup, Sweet Corn Soup, Chicken Wings","Chinese, Thai, Momos"
6028,"Pasta, Salads, Cheesy Garlic Bread, Mint Mojito, Chicken Salad, Veg Extravaganza Pizza, Pane Pizza","Pizza, Italian"
6029,"Pasta, Burgers, Farm Pizza, Fries","Italian, Pizza, Burger"
6030,"Blueberry Cheesecake, Panipuri, Sitaphal Ice Cream","Ice Cream, Desserts"
6031,"Mochi Ice Cream, Milk Tea","Desserts, Ice Cream"
6032,"Gulab Jamun, Chaat, Jalebi, Chole, Sev Puri, Rasgulla, Masala Poori","Street Food, Mithai"
6033,"Tea, Pizza, New York Cheesecake, Hot Chocolate, Sunday Brunch","Cafe, Bakery, Fast Food"
6034,"Tea","South Indian, North Indian, Chinese, Beverages"
6035,"English Breakfast, Waffles, Chicken Lasagne, Pasta, Watermelon Juice, Momos, Thukpa","Cafe, Continental, Fast Food"
6036,"Chana Daal","North Indian"
6037,"\N","Burger, Cafe, Pizza, Fast Food"
6038,"Lasagne, Tiramisu, Virgin Mojito, Chicken Popcorn, Mocktails, Club Chicken Sandwich, Nachos","Continental, Cafe, Italian, Fast Food, Steak"
6039,"Raita, Butter Chicken Biryani, Shahi Tukda, Gulab Jamun, Coconut Chicken, Mutton Biryani","Biryani, North Indian"
6040,"\N","Cafe, Chinese, Continental"
6041,"\N","North Indian, South Indian, Chinese, Andhra, Fast Food"
6042,"Noodles, Rice Paper Rolls, Prawn Dumplings, Vegetable Dimsums, Prawn Dim Sums, Pad Thai, Rendang Chicken","Chinese, Thai, Asian, Malaysian, Vietnamese, Sri Lankan, Burmese"
6043,"Veg Momos, Honey Chilli Potatoes","Fast Food, Momos"
6044,"\N","Continental, Mughlai"
6045,"Chicken Majestic, Lasagne, Hara Bhara Kabab, Lassi, Biryani, Paneer Tikka, Fish","North Indian, Chinese, Japanese, European, Seafood"
6046,"Rolls, Mutton Biryani, Tawa Mutton, Chicken Roll, Laccha Paratha, Tawa Chicken","North Indian, Lucknowi, Mughlai, Biryani"
6047,"Fish Curry, Appam, Butter Chicken, Chicken Curry, Thali, Fish Fry, Roast Chicken","Seafood, Biryani, South Indian, North Indian, Chinese, Arabian, Kerala"
6048,"Banana Cake, Samosa, Poha, Maggi, Masala Chai, Sandwiches, Ginger Lemon Tea","Tea, Beverages, Fast Food"
6049,"Chicken Kebab, Butter Chicken, Papdi Chaat, Pizza, Dahipuri, Rice Kheer, Beer","BBQ, North Indian"
6050,"Banana Smoothie, Chocolate Pizza, Tiramisu, Barbeque Chicken Pizza, Fish, Pasta, Mushroom Ravioli","Pizza, Cafe, Italian"
6051,"Burgers, Pita Bread, Chicken Grill, French Fries, Peri Peri Chicken","BBQ, Fast Food"
6052,"Panneer Butter Masala, Butter Chicken, Kadhai Paneer, Egg Biryani, Paratha, Noodles, Chilli Paneer","North Indian, Chinese"
6053,"\N","Mughlai, North Indian, Andhra"
6054,"Filter Coffee, Masala Dosa","South Indian, North Indian"
6055,"Cheesy Maxx Pizza, Pasta, Cheesy Garlic Bread, Pane Pizza, Kurkure Pizza","Pizza, Fast Food"
6056,"Sandwiches, Maggi, Ginger Chai, Samosa, Ginger Tea, Kesar Chai, Masala Chai","Beverages, Fast Food"
6057,"Panipuri, Faluda, Guava Ice Cream, Kulfi, Belgian Chocolate, Coffee, Masala Chai","Ice Cream, Desserts"
6058,"Biryani, Mutton Bone Soup, Crab Toast, Uttapam, Fish, Sea Food, Chicken Chettinad","Chettinad, South Indian"
6059,"Burgers, Fries, Mcaloo Tikki, Vegetarian, Mc Spicy Chicken, Sandwiches","Burger, Fast Food"
6060,"Burgers, Rice","Fast Food"
6061,"Pizza, Fish, Cocktails, Pasta Alfredo, Brownie Chocolate, Biryani, Rumali Roti","Continental, Finger Food, Pizza, North Indian"
6062,"Phirni, Chaat, Noodles, Rasgulla, Rabri, Butter Naan, Jalebi","North Indian"
6063,"\N","Seafood, Chinese, South Indian, North Indian"
6064,"Idli, Masala Dosa, Filter Coffee, Upma, Aloo Palya, Crispy Vada, Kharabath","South Indian"
6065,"\N","Mughlai, Biryani, Kebab"
6066,"Paratha, Panipuri, Tea, Pav Bhaji, Chaat","North Indian, Street Food"
6067,"Non Veg Thali, Chicken Kolhapuri, Paneer Tikka, Paratha, Butter Naan, Faluda, Hot Dog","North Indian, Mughlai, Biryani, South Indian, Beverages"
6068,"Thali, Bati Churma, Dal Tadka, Panneer Butter Masala, Chole Bhature, Gatte Ki Subzi, Tawa Roti","Rajasthani, North Indian, Chinese"
6069,"Chaat, Raj Kachori, Dhokla, Rasmalai, Paratha, Chole, Pav Bhaji","Mithai, Street Food"
6070,"Sandwiches, Beer, Sandwich, Lasagne, Minotaur Steak, Dorai Chicken, Lemonade","Continental, Steak"
6071,"Paratha, Kerala Parotta, Fish Fry, Sea Food, Tea","Kerala, South Indian"
6072,"Pork Tonkatsu, Mocktails, Ginger Pork, Craft Beer, Wheat Beer, Falafel Burger, Brewed Beer","European"
6073,"Kheer, Butter Chicken, Kebab Manchurian, Raita, Rolls, Chicken Rara, Brain Pepper Fry","North Indian, Mughlai, Biryani, Rolls"
6074,"Coffee, Maggi","Cafe"
6075,"Cheesecake, Chocolate Fantasy, Chocolate Cake, Chocolate Decadence, Brownie, Red Velvet, Chocolava Cake","Bakery, Desserts"
6076,"Pizza, Peri Peri Fries, Wheat Beer, Craft Beer, Chips, Stout, Chicken Burger","Continental, North Indian, South Indian, Italian"
6077,"Cocktails, Chicken Satay, Sunday Brunch","European, Mediterranean, Salad"
6078,"Ice Cream Roll, Waffles, Pizza, Nitrogen Ice Cream, Rolls, Brownie Fudge, Popcorn","Desserts, Ice Cream"
6079,"Masala Dosa","North Indian, Chinese, South Indian, Fast Food"
6080,"\N","Biryani, Kebab, Chinese"
6081,"Cheesecake, Red Velvet, Chocolate Cake","Desserts, Beverages"
6082,"Dumplings, Noodles, Cocktails, Mocktails, Mango Mascarpone Gateau, Chocolate Hazelnut Mousse, Macaroon","Chinese, Asian, Cantonese, Tea"
6083,"Burgers, Mcmuffin, French Fries, Waffles, Pancakes, Mc Veggie, Coffee","Burger, Fast Food"
6084,"\N","Biryani, Beverages, South Indian"
6085,"Chocolate Devotion, Pomegranate Sorbet, Waffles, Brownie, Apple Pie, Cheesecake Ice Cream, Coffee","Ice Cream, Desserts"
6086,"\N","North Indian, Beverages, Fast Food, Street Food"
6087,"Pizza, Nachos, Draught Beer, Pasta, Potli Biryani, Mojito, Long Island Iced Tea","North Indian, Pizza, Chinese"
6088,"\N","Fast Food, Juices, Cafe, Desserts"
6089,"\N","Bakery, French, Fast Food"
6090,"Chicken Grill, Chicken Shawarama, Tandoori Chicken, Chicken Biryani","Arabian, Kerala, Biryani, South Indian, Chinese, BBQ"
6091,"Friendly Service, Friendly Staff","Continental, American, South Indian, Italian, North Indian, Chinese"
6092,"Brownie, Chocolate Cake","Bakery"
6093,"Salads","Finger Food, Fast Food"
6094,"Biryani, Beer, Phirni, Paneer Tikka, Raita, Dahi Ke Kebab, Fish","Mughlai, North Indian"
6095,"Cocktails, Sushi, Lobster Dumplings, Cheesecake","Asian, Chinese, Thai, Korean"
6096,"Ginger Tea, Cheesy Samosa, Ginger Chai, Masala Tea, Indori Poha, Chocolate Samosa, Chicken Samosa","Street Food, Fast Food"
6097,"Beer, Wings","Finger Food, South Indian, Continental"
6098,"Aam Panna, Pasta, Biryani, Paneer Tikka, Chinese Bhel, Veg Pulao, Pav Bhaji","Chinese, Continental, North Indian, South Indian, Beverages"
6099,"\N","Parsi"
6100,"Chicken Chowmein, Momos, Chicken Manchow Soup, Clear Soup, Fried Noodles, Chop Suey, Spring Roll","Chinese, Thai, Momos, Vietnamese"
6101,"Manchow Soup, Wine, Biryani, Cocktails, Noodles, Stuffed Mushroom, Fish","Chinese, South Indian, North Indian"
6102,"Beer, Cocktails, Pizza, Peri Chicken, Tiramisu, Peri Peri Fries, Belgian Wit","Continental, South Indian, Finger Food, Pizza, Seafood"
6103,"\N","Chinese, Oriya, North Indian, Bengali"
6104,"Pasta Italiano, Pizza Burger, Stuffed Garlic Bread","Pizza, Fast Food"
6105,"Waffles, Mocha Waffle","Desserts, Beverages"
6106,"Shawarma, Rolls, Biryani, Chicken Malhooth, Salad","Arabian, Chinese, North Indian"
6107,"Burgers, Waffles, Pancakes, Sunday Morning Breakfast, Sandwich, Pasta, Chocolate Milkshake","Cafe, American, Burger, Beverages"
6108,"Momos, Pizza Sandwich, Manchow Soup, Chowmein, Spring Roll, Noodles, White Pasta","Chinese, Continental, Fast Food, Healthy Food"
6109,"\N","Street Food, North Indian, Bengali, Oriya"
6110,"\N","Chinese, North Indian, Andhra, Seafood"
6111,"Wheat Beer, Tiramisu, Lager, Rustica Pizza, Paneer Lollipop, Nachos, Chicken Peri Peri Kebab","Finger Food, North Indian, Continental"
6112,"Rice, Chilli Chicken, Chicken Guntur, Chicken Biryani, Andhra Meal, Lemon Chicken","North Indian"
6113,"Thali, Andhra Meal, Chicken Biryani, Roti, Andhra Chilli Chicken, Hyderabadi Biryani, Mutton Biryani","North Indian"
6114,"Pizza, Pasta, Mocktails, Pink Lemonade, Sandwiches, Mojito, Nachos","Cafe, Bakery, Italian"
6115,"\N","Street Food, North Indian, Continental, Beverages"
6116,"Sandwiches, Salad, Schnitzel, Beef Burger, Hot Chocolate, White Sauce Pasta, Chicken Sandwich","Cafe"
6117,"Filter Coffee, Onion Rava Masala Dosa, Tea, Chole Bhature, Roti, Noodles, Vada","Chinese, North Indian, South Indian"
6118,"Tandoori Chicken, Rolls","North Indian, Fast Food"
6119,"Paratha, Biryani","North Indian, South Indian, Chinese, Street Food"
6120,"Aloo Paratha, Litti, Dal Makhani, Sattu Paratha, Liti Chokha, Cheese Paneer Paratha, Kheer","North Indian"
6121,"Coffee, Cappuccino, Sandwiches, Chocolate Fantasy, Tea, Nachos, Brownie","Cafe"
6122,"Burgers, Chicken Roll, Rolls, Fries, Wings, Tandoori Momos, Chicken Grill","North Indian, Fast Food, Burger, BBQ"
6123,"Donne Biryani, Mutton Chops, Chicken Fry, Chicken Biryani","South Indian, Biryani"
6124,"Masala Dosa, Akki Rottis, Filter Coffee, Tea, Bonda Soup, Puri Saagu, Vada","South Indian, North Indian, Chinese, Bakery, Desserts"
6125,"Beer, Pasta","Arabian, Chinese, Continental, North Indian, Finger Food"
6126,"Basmati Rice, Gulab Jamun, Raita, Mutton Biryani, Paneer Subz Biryani, Mughlai Biryani, Dum Gosht","Biryani"
6127,"Brownie Chocolate, Chicken Biryani, Veg Momos, Noodles","North Indian, Chinese, Biryani"
6128,"Cheesecake, Chocolate Sundae, Gooey Chocolate Cake, Cup Cake, Coffee, Rainbow Cake, Hot Chocolate","Desserts, Cafe, Continental"
6129,"\N","Pizza, Italian, Chinese, North Indian"
6130,"Dal Makhani, Reshmi Kebab, Thali, Panneer Butter Masala, Naan, Masala Papad","North Indian, Mughlai, Chinese"
6131,"Cocktails, Mocktails, Pizza, Sweet Yogurt, Nachos, Karela Chaat, Burgers","Asian, Continental, European, North Indian"
6132,"\N","Beverages, Juices, Ice Cream, Sandwich, Fast Food"
6133,"Paneer Pizza, Oreo Shake","Cafe, Continental"
6134,"\N","Pizza, Burger"
6135,"Salads, Mocktails, Falafel, Pasta, Shawarma, Babaganush, Pizza","Lebanese, Turkish"
6136,"Tacos, Churros, Nachos, Salad, Enchiladas, Burrito Bowl, Hot Chocolate","Mexican"
6137,"\N","Mughlai, North Indian, Biryani"
6138,"Mocktails, Garlic Bread, Potato Wedges, Pasta, Cheesy Pizza, Fries, Paneer Pizza","Pizza, Fast Food"
6139,"Chicken Biryani","South Indian"
6140,"Thali, Churma, Khichda, Dhokla, Aamras, Malpua, Buttermilk","North Indian"
6141,"Mutton Curry, Mutton Seekh, Brownie, Gol Gappe, Fish, Rabri, Chicken Curry","Continental, North Indian, Asian, Italian"
6142,"Biryani, Chicken Kshatriya, Chilli Chicken, Raita, Mutton Fry, Andhra Meal, Bamboo Chicken","Andhra, Biryani, North Indian, Chinese"
6143,"Sandwiches, Chicken Grilled Sandwich, Thick Shakes, Fries","Beverages, Fast Food"
6144,"\N","Arabian, BBQ, Mexican"
6145,"Ambur Biryani","South Indian, Biryani"
6146,"\N","Fast Food, Beverages, Ice Cream"
6147,"\N","Maharashtrian, Street Food"
6148,"Sea Food, Fish, Roti, Prawn Ghee Roast, Neer Dosa, Murgh Ghee Roast, Paneer Tikka","Seafood, North Indian, Chinese"
6149,"\N","Kerala, Beverages"
6150,"\N","Biryani, North Indian, Charcoal Chicken, Chinese, Seafood, Rolls"
6151,"Sabudana Vada, Kulfi, Schezwan Vada Pav, Ginger Tea","Street Food"
407,"Waffles, Pancakes, Iced Coffee, Yoghurt Shake, Belgian Chocolate Waffle, Faluda","Beverages, Desserts"
408,"Biryani, Ragi Mudde, Lemon Chicken, Mutton Chops","South Indian, Biryani, Chinese, North Indian"
409,"Burgers, Wedges, Mcspicy Chicken Burger, French Fries, Mc Chicken","Burger, Fast Food"
410,"\N","North Indian, South Indian, Kerala, Chinese"
411,"Donne Biryani, Chilli Chicken, Chicken Guntur, Mutton Biryani, Chicken Biryani, Mutton Thali","Biryani"
412,"Sea Food, Prawn Ghee Roast, Fish Curry, Murgh Ghee Roast, Neer Dosa, Biryani, Chicken Thali","Seafood, South Indian, North Indian"
413,"Salads, Chicken Sandwich, Sandwiches, Cheesecake, Spaghetti Aglio Olio, Arugula Salad, Cheese Chilli Toast","Cafe, Healthy Food, Salad, Beverages, Desserts"
414,"Burgers, Fries, Jumbo Royale Burger, Salads, Peri Peri Chicken Salad, Potato Wedges, Rolls","Burger, Fast Food"
415,"Veg Burger, Cocktails, Pizza, Craft Beer, Pesto Pasta, Chicken Steak, Prawn","North Indian, Continental, Chinese, Thai"
416,"Idli","South Indian"
417,"Chips, Cocktails, Biryani, Pinacolada, Almond Soup, Mocktails, Kulcha","Modern Indian"
418,"Paratha, Lassi, Butter Chicken, Kheer, Chicken Curry, Sarso Da Saag, Dal Makhani","North Indian"
419,"Masala Dosa, Filter Coffee","South Indian"
420,"Fish Fry, Paratha, Kerala Parotta, Sea Food, Tea, Ghee Rice","Kerala, South Indian"
421,"Filter Coffee, Sandwich, Bonda, Vada, Masala Dosa, Salad, Aloo Curry","South Indian"
422,"Aloo Paratha, Ande Ka Funda","North Indian, Fast Food, Rolls"
423,"Pasta, Momos, Mezze Platter, Pizza, Waffles, Chocolate Milkshake, Peri Chicken","Chinese, American, Continental, Italian, North Indian"
424,"Crispy Chicken, Burgers, Pizza, Pasta, Chicken Burger, Clear Soup, Brownie","Cafe, Continental, Burger"
425,"Pasta, Waffles, Paan Kulfi, Rasgulla, Gulab Jamun, Beer, Panipuri","North Indian, European, Mediterranean, BBQ, Kebab"
426,"Momos, Butter Chicken, Murgh Patiala","North Indian, Chinese"
427,"\N","Biryani, Arabian"
428,"Chicken, Pot Biryani, Mutton Biryani","Biryani"
429,"Pasta, Pizza, Tiramisu, Salads, Lamb, Wine, Mud Crab Ravioli","Italian, European, Mediterranean"
430,"Tandoori Chicken, Nalli Nihari, Rose Kulfi, Roti, Biryani, Raita, Thali","North Indian, Kashmiri, Mughlai"
1141,"Mango Ice Cream, Coffee, Chocolate Icecreams, Tender Coconut Ice Cream, Kala Jamun, Kesar Pista, Malai Korma","Ice Cream, Beverages"
1142,"Filter Coffee, Kesari Bath, Idli Vada, Upma, Badam Milk, Kharabath, Tea","South Indian"
1143,"Chole, Roti, Vada","South Indian"
1144,"Chaat","Mughlai, Chinese, North Indian, South Indian, Beverages"
1145,"Garlic Bread, Chocolava Cake, Chicken Pizza","Pizza"
1146,"Pasta, Sandwiches, Ginger Tea, Salad, Sandwich","Cafe, Healthy Food"
1147,"\N","Fast Food, Biryani, Seafood, South Indian"
1148,"Thali, Hyderabadi Biryani, Mutton Biryani, Andhra Meal","North Indian"
1149,"Noodles, Chicken Noodle, Momos, American Chopsuey, Salad, Manchow Soup, Manchurian","Thai, Chinese, Momos"
1150,"\N","North Indian, Kerala, Biryani, South Indian"
1151,"Biryani, Roti, Fish, Rice Bowls","North Indian, Fast Food, Street Food"
1152,"Veg Momos","Chinese, Momos"
1153,"Burgers, Fries, Mutton Whopper, Chicken Grill, Mango Shake, Chicken Whopper, Chicken Burger","Burger, Fast Food, Beverages"
1154,"Paratha, Biryani, Dal Makhani, Rolls, Salad, Sandwiches, Chicken Curry","North Indian, Mughlai, Fast Food"
1155,"Filter Kaapi, Coffee, Egg Curry, Neer Dosa, Kadala Curry, Ghee Idli, Noodles","South Indian, Seafood, Rolls, Beverages"
1156,"Paneer Tikka, Chowmein, Pizza, Mocktails, Tandoori Aloo, Pasta Alfredo, Murgh Patiala","Continental, Mexican, Chinese, North Indian"
1157,"Paneer Tikka, Fish, Mutton Curry, Coffee, Paan Kulfi, Mango Ice Cream, Pasta","North Indian, European, Mediterranean, BBQ, Kebab"
1158,"Chicken Curry, Mutton Curry, Mutton Kosha, Dhokar Dalna, Fish Curry, Mocha Chingri, Luchi","Bengali"
1159,"Andhra Thali, Veg Thali, Lollipop Biryani, Chicken Boneless Biryani, Hyderabadi Biryani, Mutton Biryani, Vegetable Biryani","Biryani, Seafood, Andhra, North Indian"
1160,"\N","North Indian, Chinese, Street Food"
1161,"Pizza Dosa, Chicken Kheema Dosa, Keema Dosa, Masala Dosa","South Indian, Fast Food"
1162,"\N","Fast Food, Finger Food, Street Food"
1163,"Decor","Beverages, Desserts, Ice Cream"
1164,"\N","Juices, Beverages, Pizza, Fast Food"
1165,"Tandoori Chicken, Fish Chilli, Cocktails, Chilli Chicken, Pizza, Craft Beer, Chaat","North Indian, Continental, Chinese"
1166,"Coffee","Indonesian, Thai, Vietnamese, Asian, Chinese, Continental, Malaysian"
1167,"\N","European, Asian, North Indian"
1168,"Masala Dosa, Roti, Vada","South Indian, North Indian, Chinese"
1169,"Burgers, Peri Peri Fries","Burger, Fast Food"
1170,"Chicken Lollipop, Fried Cheese, Pasta Alfredo, Dragon Rolls, Chicken Pakora, Burgers, Chicken Wings","Cafe, Italian, Chinese, Beverages"
1171,"Sea Food, Fish, Prawn Ghee Roast, Neer Dosa, Chicken Sukha, Appam, Tawa Chicken","Kerala, Mangalorean, Maharashtrian, Goan, Seafood"
1172,"Gulab Jamun, Mint Raita, Mutton Biryani, Basmati Rice, Paneer Subz Biryani, Gosht Dum Biryani","Biryani"
1173,"\N","North Indian, Street Food, Pizza"
1443,"\N","Fast Food, Chinese, Burger, Hot dogs"
1444,"\N","North Indian, Biryani, Charcoal Chicken"
1445,"Biryani, Tea","Healthy Food, North Indian, Biryani, Continental, Desserts"
1446,"\N","Chinese, Biryani, North Indian, Beverages"
1447,"Rice Bowl, California Burrito, Mexican Samosa","Mexican, Fast Food"
1448,"Chicken Wrap, Veggie Wrap, Aloo Paratha, Rolls, Sabudana Kheer, Khichda, Roti","North Indian, Biryani, Fast Food"
1449,"Faluda, Mango Lassi, Sweet Lassi, Malai Kulfi","Beverages, Ice Cream"
1450,"Salad, Steak, Rasgulla, Pizza, Salads, Waffles, Sunday Brunch","North Indian, Italian, Asian, Continental, Mediterranean"
1451,"Biryani, Tomato Soup, Farm Pizza, Dumplings, Lemonade, Salad, Smoothie Bowls","Healthy Food, Salad, Mediterranean"
1452,"Vegetable Biryani, Raita, Chicken Boneless Biryani, Biryani Combo, Mutton Biryani, Chicken Kebab Biryani, Hyderabadi Biryani","Biryani, Andhra"
1453,"Lassi, Panneer Butter Masala, Paratha, Jeera Rice, Paneer Parantha, Veg Kolhapuri, Bhindi Fry","North Indian"
1454,"Healthy Breakfast, Burgers, Florentine Omelette, Banana Crepes, English Breakfast, Sandwiches, Chicken Burger","Cafe, Continental, American, Italian"
1455,"Banana Cake, Ginger Tea, Samosa, Chicken Sandwich, Masala Chai, Ginger Chai, Masala Tea","Fast Food, Beverages"
1456,"Cocktails, Beer, Pasta, Nachos, Pizza, Potato Mash, Wings","Continental, North Indian, Chinese, BBQ"
1457,"Pizza, Pasta, Salads, Potato Mash, Bruschettas, Blueberry Cheesecake, Virgin Pinacolada","Italian"
1458,"Belgian Chocolate","Ice Cream, Desserts"
1459,"Waffles, Pasta, Crispy Chicken, Honey Chilli Chicken, Sandwich, Coffee, Crepe","Cafe"
1460,"Burgers, Fries, Hot Chocolate","Burger, Fast Food"
1461,"Momos, Dragon Chicken, Hakka Noodles, Chowmein, Chop Suey, Chilli Garlic Noodles, Garlic Rice","Chinese, Thai"
1462,"Veggie Delight, Paneer Tikka, Salad","Salad, Fast Food"
1463,"Tom Yum Soup, Wine, Spring Roll, Singapore Noodles, Manchow Soup, Golden Fried Prawns, Lamb","Chinese, Momos, Thai, Vietnamese"
1464,"Kadala Curry, Egg Roast, Beef Fry, Fish Fry, Chicken Curry, Fish Curry, Malabari Biryani","Kerala, South Indian"
1465,"Steak, Pizza, Burgers, Pasta, Fish, Mocktails, Onion Rings","Continental, Italian"
1466,"Butter Chicken, Basmati Rice, Chicken Biryani, Hyderabadi Biryani","Andhra, Biryani, North Indian, Chinese"
1467,"Salads, Burgers, Sandwiches, Pizza, Pasta, Fish, Salad","Healthy Food, Chinese, Biryani, North Indian, Continental, Salad, American, Burger"
1468,"Pasta Primavera, Mocktails, Noodles, Sandwich, Cheese Corn Balls, Pad Thai, Sushi","Asian, Beverages"
1469,"\N","Biryani, South Indian, Chinese, North Indian, Arabian, Hyderabadi"
1470,"Nutella Waffle","Fast Food, Sandwich, Italian"
1471,"\N","North Indian, Chinese, Kebab, Mughlai"
1472,"Pav Bhaji, Kulfi, Chaat, Fries, Coffee, Chole Bhature, Paratha","South Indian, North Indian, Chinese, Fast Food"
1473,"Waffles, Coffee, Ice Cream Roll, Hot Chocolate Fudge","Cafe, Desserts, Ice Cream"
1474,"Burgers, Steak, Pasta, Salad, Chicken Wings, Apple Pie, Fries","Steak, Continental, American, Italian, Salad, Cafe"
1475,"Chicken Sizzler, Brownie, Sea Food, Veg Shashlik, Steak, Veg Sizzler, Custard","American, Continental, Fast Food, Steak"
1476,"Idli, Masala Dosa, Vada, Filter Coffee, Pav Bhaji","South Indian, Fast Food, Chinese, North Indian"
1477,"Sea Food, Cocktails, Fish Curry, Fish Thali","Andhra, Chinese, North Indian, Seafood"
1763,"Chicken Grill, Ghee Rice, Butter Chicken, Shawarma, Mutton Shaadi Ki Biryani, Chicken Tikka Masala, Mutton Keema Dosa","North Indian, Mughlai, South Indian, Chinese"
1764,"Dum Biryani, Hyderabadi Biryani","Hyderabadi, Biryani"
1765,"Momo Platter, Noodles, Thali, Chicken Sekuwa, Chicken Thukpa, Jhol Momos, Veg Momos","Chinese, Singaporean, Thai, Asian, Nepalese, Momos"
1766,"Salsa, Pizza, Wheat Beer, Tiramisu, Lager, Cosmopolitan, Cocktails","Finger Food, North Indian, Continental"
1767,"Chicken Grill, Shawarma, Tandoori Chicken, Chicken Kebab, Rolls, Chicken Tikka, Grape Juice","North Indian, Chinese, Kebab, Juices"
1768,"Brinjal Curry, Basmati Rice, Mutton Biryani, Raita","Biryani, North Indian, Chinese"
1769,"Kachori","Mithai, Street Food"
1770,"Masala Dosa, Filter Coffee, Curd Rice","South Indian, North Indian, Chinese, Beverages"
1771,"Chaat, Samosa, Gulab Jamun, Pudina Chicken, Butter Chicken, Chole Bhature, Pasta","Continental, North Indian, Chinese, Bengali"
1772,"Donne Biryani, Pepper Chicken, Chicken Biryani Combo, Chicken Fry","Biryani, Mughlai"
1773,"Rolls, Veggie Wrap, Chocolate Fantasy, Rice Bowls, Chicken Rice, Paneer Makhanwala, Chicken Tikka Wrap","North Indian, Biryani, Fast Food"
1774,"Pav Bhaji, Masala Dosa, Idli Vada, Filter Coffee, Pongal, Curd Rice, Kesari Bath","South Indian, Fast Food, Street Food"
1775,"Chicken Wrap, Veggie Wrap, Rolls, Paneer Wrap","North Indian, Biryani, Fast Food"
1776,"Tandoori Momos, Pasta, Afghani Momos, Chicken Wings, Roasted Chilli","Chinese, Beverages, Momos, Thai"
1777,"\N","Arabian, Asian, Chinese, Afghan"
1778,"Chocolate Momos","Tibetan, Momos"
1779,"\N","Arabian, Mughlai, Chinese, Kebab, Fast Food"
1780,"\N","Biryani, North Indian, South Indian, Beverages"
1781,"Pasta, Burgers, Salads, Fish, Veg Burger, Thin Crust Pizza, Bruschettas","Cafe, Italian"
1782,"Nachos, Tacos, Burrito, Mexican Pizza, Cheesy Fiesta Potato, Fries, Rice Bowl","Mexican, American, Fast Food"
1783,"Icecream Cake, Brownie, Hot Chocolate, Waffles, Chocolate Icecreams","Ice Cream"
1784,"Burgers, Mojito, Lamb Burger, French Fries, Hot Dog, Bbq Burger, Wedges","Cafe, Burger, Fast Food"
1785,"Coffee, Rava Idli, Kesari Bath, Rava Masala Dosa, Thali, Badam Halwa, Vada","South Indian"
1786,"Pizza, Spicy Paneer, Chicken Wings, Garlic Bread","Pizza"
1787,"Idli, Coffee","South Indian"
1922,"Vegetable Biryani, Barbeque Chicken, Pepper Bbq Chicken, Shawarma, Paneer Tikka, Tomato Soup, Dragon Chicken","BBQ, Arabian, Chinese, North Indian, Desserts"
1923,"Bamboo Chicken, Paneer Biryani, Raita, Pot Biryani, Curd Rice, Roti","Andhra, Biryani"
1924,"Rolls, Mix Veg","Fast Food, Rolls, Momos"
1925,"Coffee, Java Chip Frappuccino, Brownie, Caramel Frappuccino, Blueberry Muffin, Hot Chocolate, Cappuccino","Cafe, Desserts"
1926,"Tea, Chole Bhature, Kachori","South Indian, Street Food, Fast Food, Desserts, Beverages"
1927,"\N","American, Finger Food, Italian, Mexican"
1928,"Burgers, Pasta, Cheese Burger, Potato Mash, Mocktails, Ferrero Rocher Milkshake, Peri Chicken","Cafe, American, Burger, Steak"
1929,"Rolls, Veggie Wrap, Panneer Butter Masala, Veggie Roll, Chicken Wrap, Paneer Roll, Chicken Roll","North Indian, Biryani, Fast Food"
1930,"Sea Food, Prawn Ghee Roast, Neer Dosa, Fish Curry","Mangalorean, Seafood"
1931,"Burgers, Orange Mojito, Pasta, Ferrero Rocher Shake, Coffee, American Cheese Burger, Chips","Cafe, American, Burger, Steak"
1932,"Mutton Biryani, Mutton Chops, Ghee Rice, Pahadi Kebab, Butter Naan","Mughlai, North Indian, Chinese"
1933,"\N","Chinese, Cafe"
1934,"Friendly Staff","Biryani, Kerala, Mughlai, Street Food, North Indian, Chinese, South Indian, Andhra"
1935,"Appam, Tiramisu, Cocktails, Mocktails, Kebab Platter, Salads, Lamb","Lebanese, Mediterranean, Afghan"
1936,"Filter Coffee, Kharabath, Masala Dosa, Tea, Idli Vada, Kesari Bath","South Indian"
1937,"\N","Kebab, Hyderabadi, Biryani, North Indian"
1938,"Cup Cake, Chocolate Cake","Bakery"
1939,"Salads, Panneer Butter Masala, Rabri, Gajar Ka Halwa, Manchow Soup, Aam Panna, Tomato Basil Soup","North Indian, Chinese"
1940,"Sandwiches, Thick Shakes, Paan Shake, Brownie Bomb, Fries, Spinach Corn Sandwich, Paneer Peri Peri","Beverages, Sandwich"
1941,"Lassi, Dal Makhani, Murgh Patiala, Hara Bhara Kabab, Malai Kofta, Stuffed Mushroom, Paneer Tikka","North Indian"
1942,"Singapore Noodles, Kung Pao Chicken, Mixed Fried Rice, Corn Fritters, Wonton, Clear Soup, Fish","Chinese, Seafood"
1943,"Mutton Seekh, Paan Kulfi, Biryani, Fish, Salad, Crispy Corn, Panipuri","North Indian, European, Mediterranean, BBQ, Kebab"
1944,"Dal Bukhara, Biryani, Fish, Gulab Jamun, Kulfi, Warqi Parantha, Sikandari Raan","North Indian, Mughlai"
1945,"Chocolate Cookies, Mexican Patty, Double Chocolate Cookie, Veggie Delight","Salad, Fast Food, Sandwich, Healthy Food"
1946,"Ghee Roast Mutton, Paneer Tikka Masala, Dum Aloo, Fish, Murgh Ghee Roast, Chilli Chicken, Fried Rice","North Indian, Seafood, Chinese, Biryani"
1947,"Barbeque Chicken Pizza, Paneer Pizza, Burgers, Crispy Chicken, Calzone, Aglio Olio Pasta, Chicken Wings","Cafe, Italian, Continental"
1948,"Crispy Chicken","Burger, Fast Food"
2051,"Pizza Dosa, Pav Bhaji Dosa","South Indian"
2052,"Pizza, Lemonade, Pasta","Pizza, Fast Food"
2053,"Burgers, Peri Peri Chicken, Fries, Jumbo Royale Burger, Falafel Roll, Shawarma, Chicken Jumbo Burger","Burger, Turkish, Arabian, Fast Food, Salad, Healthy Food, Desserts"
2054,"Paneer Tikka Masala, Lassi, Naan, Buttermilk, Soya Chaap, Aloo Paratha, Panneer Butter Masala","North Indian"
2055,"\N","Mangalorean, Chinese, North Indian, Seafood"
2056,"\N","North Indian, Arabian, Chinese, Juices, Beverages, Desserts"
2057,"Butter Chicken","North Indian, Chinese"
2058,"Garlic Bread, Kurkure Pizza, Pasta, Chicken Wings, Masala Lemonade, Double Trouble, Veggie Pizza","Pizza, Fast Food"
2059,"Rolls, French Fries, Chicken Momo, Roti, Pulpy Grape Juice, Mutton Keema, Chicken Kebab","Rolls, Chinese"
2060,"\N","North Indian, Pizza"
2061,"Cheesecake, Chocolate Truffle","Bakery, Cafe, Burger, Fast Food"
2062,"Egg Biryani, Tandoori Chicken, Fish, Rumali Roti","North Indian, Chinese, Biryani, South Indian"
2063,"\N","American, Bakery, Beverages, Cafe, Healthy Food, Juices, North Indian, Sandwich"
2064,"Garlic Bread, Peri Peri Chicken, Burgers, Chicken Grill, Chicken Wings, Peri Fries, Mocktails","African, Burger"
2065,"\N","Andhra, Chinese, North Indian, Biryani, Beverages"
2066,"Veg Momos, Brownie Chocolate, Palak Chaat, Mutton Biryani, Fish, Sea Food, Rabri","North Indian, Chinese, BBQ"
2067,"Wine, Asparagus Soup, Creme Brulee, Pasta, Ravioli, Tiramisu, Lobster Bisque","French, Italian"
2068,"\N","Mughlai, North Indian, Chinese, Momos"
2069,"\N","Arabian, Kerala, North Indian, Chinese, BBQ"
2070,"Kulfi, Mocktails, Dahipuri, Roti","North Indian, Modern Indian"
2071,"Pizza, Fish, Galauti Kebab, Long Island Iced Tea, Jalapeno Cheeseballs, Lamb, Cocktails","North Indian, Continental, Asian, Pizza"
2072,"Tacos, Fries, Nachos, Tikka Masala Burrito, Chicken Quesadilla, Crispy Chicken, Salsa","Mexican, American, Fast Food"
2073,"Panipuri, Chaat, Jalebi, Paan Kulfi, Paan Shot, Pasta, Soya Chaap","BBQ, North Indian, Continental, Chinese"
2074,"Ramen, Noodles, Gyoza, Rolls, Dumplings, Wasabi Ice Cream, Lime Mojito","Chinese, Asian, Japanese"
2075,"Cheesecake, Chocolate Truffle, Cup Cake","Bakery, Desserts"
2076,"Steak, Mocktails, Pancakes, Burgers, Wings, Paneer Pizza, Wood Fire Pizza","Cafe, Italian, Pizza, Beverages, Desserts"
2077,"Chicken Boneless Biryani, Paneer Biryani, Andhra Style Biryani, Tandoori Chicken, Prawn Biryani, Raita, Hyderabadi Biryani","North Indian"
2078,"Kebab Biryani, Raita, Chicken Biryani, Vegetable Biryani, Basmati Rice, Hyderabadi Biryani, Dum Biryani","Biryani, Andhra"
2079,"Veggie Wrap, Chicken Wrap, Jumbo Chicken, Rolls, Chole","North Indian, Biryani, Fast Food"
2080,"Appam","Continental, South Indian, North Indian"
2081,"Rolls, Falafel Roll, Jumbo Chicken Roll, Chicken Kudu Roll, Spicy Roll, Mutton Roll, Shawarma","Middle Eastern, Fast Food, Rolls"
2082,"Chicken Boneless Biryani, Hyderabadi Biryani, Paneer Biryani, Vegetable Biryani, Raita, Chicken Kebab, Lemon Chicken","Biryani, Andhra, North Indian, Seafood"
2083,"Sandwiches, Brownie, Hot Choco Fudge, Sandwich","Ice Cream, Desserts, Beverages, Sandwich"
2084,"Sea Food, Prawn Ghee Roast, Fish Curry, Neer Dosa, Murgh Ghee Roast, Chicken Thali, Crab Ghee Roast","Seafood, South Indian, North Indian"
2085,"Bbq Chicken Pizza, Sangria, Cocktails, Beer, Chicken Nachos, Mai Thai, Burgers","Continental, Chinese, Italian"
2086,"Chicken Tikka, Garlic Naan, Mutton Rara, Roti","North Indian, Mughlai"
2087,"Friendly Staff","Continental, Finger Food"
2088,"Murgh Ghee Roast, Cocktails, Chicken Kebab, Crispy Corn, Mocktails, Pizza, Momos","Asian, Continental, European, Mediterranean"
2089,"Mutton Curry, Veg Thali","Oriya"
2090,"Donut, Double Trouble, Cup Cake, Chocolate Decadence, Choco Bomb","Bakery, Desserts, Beverages"
2091,"Roast Chicken","Kerala, North Indian"
2092,"Burgers, Caramel Shake, Spinach Pizza, Ferrero Rocher Ice Cream, Butter Chicken, Chocolate Lava Cake, Bbq Burger","Ice Cream, Cafe, Pizza, Burger, Desserts, Beverages"
2093,"Burgers, Fried Cheese, Cheesy Fries, Oreo Shake, Pulled Beef Burger, Beef Patty, Cheese Balls","Burger, Fast Food"
2094,"Friendly Staff","Fast Food, North Indian"
2095,"Vada, Idli, Masala Dosa, Coffee","Chinese, North Indian, South Indian"
2096,"Paneer Curry, Sandwiches, Dal Makhani, Rice Bowl, Butter Chicken Box, Cheese Paratha, Panneer Butter Masala","North Indian, Fast Food"
2097,"Salad, Salads, Peri Peri Chicken, Burgers, Broccoli Soup, Steak, Soba Noodles","Cafe, Salad, Healthy Food, Mexican"
2098,"Ambur Biryani, Mutton Biryani, Prawn, Raita, Brinjal Curry, Vegetable Biryani, Fish","Biryani, Chettinad, Chinese"
2099,"Dragon Rolls, Chowmein, Dragon Chicken, Momos, Chilli Chicken, Hakka Noodles, Malaysian Noodles","Chinese, Thai"
2100,"Cheesy Corn, Paneer Cheese","Fast Food, North Indian"
2101,"Sandwich, Gujarati Food, Pav Bhaji, Tea, Thali, Panipuri","North Indian, Fast Food, Beverages"
2102,"Masala Dosa, Vada, Set Dosa, Filter Coffee, Raita, Idli Sambar, Bonda","South Indian"
2103,"Dal Makhani, Reshmi Kebab, Thali, Panneer Butter Masala, Naan, Rice, Masala Papad","North Indian, Mughlai, Chinese"
2104,"Pork Tonkatsu, Mocktails, Ginger Pork, Craft Beer, Falafel Burger, Cocktails, Wheat Beer","Bar Food, Asian, European, Mediterranean"
2105,"Kesari Bath, Benne Masala Dosa, Kharabath, Tea, Filter Coffee, Idli Vada, Aloo Palya","South Indian"
2106,"Chicken Wrap, Rolls, Veggie Wrap, Paneer Wrap, Meatballs, Paratha, Chicken Roll","North Indian, Biryani, Fast Food"
2107,"Butter Chicken, Dal Makhani, Brownie Chocolate, Sandwiches, Salad, Paratha, Rajma","North Indian, Mughlai, Fast Food"
2108,"Chaat, Thali, Chole Bhature, Kulfi, Paneer Tikka, Lassi, Badam Milk","North Indian, Continental, Street Food"
2109,"Manchow Soup, Spring Roll, Saha Chowmein, Sandwiches, Tandoori Chicken, Roti","North Indian, Chinese"
2110,"Appam, Egg Curry","South Indian, North Indian, Chinese, Kerala"
2111,"Burgers, Peri Peri Chicken, Grilled Lamb Burger, Chicken Burger, French Fries","Burger, Turkish, Arabian, Fast Food, Salad, Healthy Food, Desserts"
2112,"Gulab Jamun, Paratha, Samosa, Paneer Biryani","North Indian, Fast Food, Street Food"
2113,"\N","Sandwich, Fast Food, Beverages"
2114,"Club Sandwich, Pizza, Burgers, Basil Chicken, Pasta, Sandwiches, Mojito","Cafe, Continental, North Indian"
2115,"Biryani","North Indian, Continental, Chinese, Seafood"
2116,"Salads, Naan, Lunch Buffet, Dal Halwa","North Indian"
2117,"Rabri, Peri Peri Chicken, Phirni, Vegetable Biryani, Nizami Biryani, Rice, Butter Chicken Biryani","Biryani, North Indian, Mughlai, Fast Food"
2118,"\N","Fast Food, North Indian, South Indian"
2119,"Pane Pizza, Garlic Bread, Thin Crust Pizza, Paneer Pizza, Pepperoni, Pasta","Pizza, Fast Food"
2120,"\N","Rolls, Arabian"
2121,"Panneer Butter Masala, Vada, Curd Rice, Idli, Jeera Rice, Naan, Kulcha","South Indian, North Indian, Chinese, Street Food"
2122,"Mocktails, Peri Peri Chicken Pizza, Wings, Pasta, English Breakfast, Fries, Jalapeno Cheeseballs","Cafe, Continental"
2123,"Chicken Grill, Biryani, Shawarma Roll, Rolls, Chicken Kebab, Chicken Shwarma Roll, Pulpy Grape Juice","North Indian, Kebab, Chinese, Fast Food"
2124,"Burgers, Masala Dosa, Millet Pizza, Falafel Wrap","Pizza, South Indian, Healthy Food"
2125,"Noodles, Fish, Chicken Satay, Momos, Pork Ribs, Sweet Corn Soup, Clear Soup","Chinese, Momos, Thai, Vietnamese"
2126,"Aloo Pyaz Paratha, Kheer, Salads, Salad, Thali, Chocolate Banana, Rajma","North Indian, Healthy Food, Beverages"
2127,"Dhokar Dalna, Chicken Curry, Mutton Curry, Mutton Kosha, Fish Curry, Mocha Chingri, Fish Kalia","Bengali"
2128,"Beer","North Indian, Continental, Italian"
2129,"Shawarma, Pita Bread","Arabian, Lebanese, Chinese, Rolls"
2130,"Noodles, Chicken Lollipop, Honey Potato, Schezwan Fried Rice, Momos, Coriander Soup, Chicken Drumstick","Chinese"
2131,"Wine, Potato Salad, Bibimbap, Risotto, Lamb","Continental, European, Asian, Seafood, Spanish"
2132,"\N","Chinese, North Indian, Street Food, Rolls"
2133,"Masala Peanuts, Cocktails, Pasta, Paratha, Pizza, Brownie, Burgers","Continental, Mediterranean, European"
2134,"Rolls, Ice Cream Roll, Paan Ice Cream, Coffee, Vanilla Ice Cream, Chocolate Icecreams, Mississippi Mudpie","Ice Cream, Beverages, Fast Food"
2135,"Vada, Kesari Bath, Filter Coffee","South Indian"
2136,"\N","North Indian, Street Food, Mithai, Chinese"
2137,"Burgers, Fries, Mutton Whopper, Chicken Grill, Mango Shake, Chicken Whopper, Chocolate Milkshake","Burger, Fast Food, Beverages"
2138,"Hot Chocolate Fudge, Caramello Pudding, Apple Pie, Brownie, Chocolate Mousse, Ice Cream Sundae, Apple Cake","Ice Cream, Desserts"
2139,"Lobster, Papaya Salad, Pad Thai, Jasmine Rice, Hakka Noodles, Jasmine Tea, Coconut Ice Cream","Asian, Chinese"
2140,"Tiramisu, Ravioli, Mezze Platter, Pasta, Mocktails, Wine, Lamb","Italian"
4845,"\N","Pizza"
4846,"Noodles, Laksa Soup, Coffee, Veg Fritters, Vegetarian, Babycorn Manchurian, Mango Salad","Thai, Vietnamese, Asian, Chinese"
4847,"Lassi, Thali, Paratha, Rajma, Malai Kofta, Buttermilk, Phulke Ghar Ke","North Indian, Chinese"
4848,"\N","Chinese, Fast Food"
4849,"Fish, Salad, Paan Ice Cream, Mocktails, Chicken Curry, Phirni, Panneer Butter Masala","European, Mediterranean, North Indian, BBQ"
4850,"\N","Juices, Fast Food"
4851,"Khichda, Gaon Ki Thali, Buttermilk, Dal Makhani, Paratha, Shikanji, Paneer Bhurji","North Indian"
4852,"Chocolate Cake","Bakery, Desserts"
4853,"\N","Andhra, North Indian, Biryani"
4854,"Rolls, Chicken Grill","Arabian, Mughlai, Chinese, Kebab, Fast Food"
4855,"\N","Kerala"
4856,"\N","American, Continental"
4857,"\N","North Indian, Continental, Chinese"
4858,"\N","North Indian, Fast Food"
4859,"\N","Bakery, Fast Food"
4860,"Salads, Brownie, Cheesecake, Salad, Biryani, Dal Makhani, Pizza","Italian, North Indian"
4861,"Faluda, Sandwiches, Paneer Tikka Pizza, Cream Mango, Custard Apple Cream, Veg Sandwich","Beverages, Fast Food, Desserts"
4862,"\N","Bakery, Fast Food, Desserts"
4863,"Waffles, Pizza, Coffee, Burgers, Hot Chocolate, Fries, Pancakes","Desserts, Cafe"
4864,"Noodles, Drunken Chicken Wings, Chicken Satay, Golden Fried Prawns, Mushroom Manchurian, Spring Roll, Chop Suey","Chinese, Thai"
4865,"Cocktails, Pizza, Fries, Wings, Mango Phirni, Fish Grill","Continental, Chinese, Fast Food"
4866,"\N","North Indian, Chinese, South Indian"
4867,"Choco Blast Waffles, Coffee, Nitrogen Ice Cream, Brownie Sundae, Nutella Waffle, Kitkat Waffles, Brownie Waffle","Desserts, Beverages"
4868,"\N","Tea, Beverages"
4869,"\N","Kerala, Chinese"
4870,"Chicken Nachos, Chicken Tacos, Rice Bowl","Mexican"
4871,"\N","Hyderabadi"
4872,"\N","Thai, Asian"
4873,"Raita, Hyderabadi Biryani","Biryani, North Indian"
4874,"\N","Beverages, Juices, Ice Cream"
4875,"Pasta, Tiramisu, Wine, Barbeque Chicken Pizza, Salads, Brownie Chocolate, Bruschettas","Italian"
4876,"\N","North Indian, Chinese, Continental"
4877,"Burgers, Belgian Fries, Pasta, Salads, Falafel Pockets, Greek Sandwich","Lebanese, Greek"
4878,"\N","Beverages, Cafe, Juices, Fast Food"
4879,"Pizza","Pizza"
4880,"Chaat, Chocolate Wonton, Apple Pie, Raj Kachori, Caramel Custard, Momos, Chicken Curry","North Indian, Chinese, BBQ"
4881,"Curd Rice, Biryani","Healthy Food, North Indian, South Indian"
4882,"Pepper Prawns, Fries, Chicken Biryani","North Indian, Chinese"
4883,"\N","North Indian, Street Food, Chinese"
4884,"Malai Kofta, Chicken Boneless Biryani, Naan, Sweet Corn Soup, Noodles, Thali, Hyderabadi Dum Biryani","North Indian, Biryani, Chinese"
4885,"\N","Fast Food, Beverages, Ice Cream, Juices, Sandwich"
4886,"\N","Cafe, Desserts, Fast Food"
4887,"\N","Chinese, North Indian, Momos"
4888,"Kulfi, Rajasthani Thali, Sweet Paan, Buttermilk, Rasmalai, Chaat, Lassi","North Indian"
4889,"Mutton Curry, Fish, Chaat, Naan, Jalebi, Chicken Biryani, Lunch Buffet","North Indian, Lucknowi, Gujarati, Maharashtrian, South Indian, Bengali"
4890,"\N","Cafe, North Indian, Fast Food"
4891,"Vada, Idli, Kharabath, Noodles, Filter Coffee","South Indian, Chinese"
4892,"Peri Peri Chicken, Burgers, Cocktails, Beef Steak, Draught Beer, Chicken Sandwich, Peri Fries","Finger Food, Continental"
4893,"Neer Dosa, Fish, Murgh Ghee Roast, Appam, Chicken Sukha, Crab Masala, Chicken Biryani","South Indian, Andhra, Chinese"
4894,"Coffee, Chocolate Truffle, Cheesecake","Desserts"
4895,"\N","Desserts, Beverages, Ice Cream"
4896,"\N","Cafe, Healthy Food"
4897,"\N","North Indian, Chinese, Rolls"
4898,"Fish, Dumplings, Biryani, Paneer Tikka Masala, Manchow Soup, Chicken Wings, Chop Suey","Chinese, North Indian, Biryani, Kebab"
4899,"Sandwiches, Tea, Masala Chai, Pasta, Maggi, Sandwich, Chicken Burger","North Indian"
4900,"\N","Mexican, American, Fast Food"
4901,"Pizza, Cocktails, Peri Peri Chicken, Mocktails, Craft Beer, Pasta, Nachos","Continental, BBQ, Salad"
4902,"Fish Fingers","North Indian, Chinese, Mediterranean"
4903,"Crispy Corn, Sangria, Chicken Satay, Masala Fries, Wood Fire Pizza, Pesto Pasta, Cocktails","North Indian, Thai, Japanese, Continental, Cafe"
4904,"\N","Ice Cream, Beverages"
4905,"Raita, Vegetable Biryani, Biryani Combo","Biryani, North Indian, Chinese"
4906,"\N","Juices, Beverages, Fast Food"
4907,"Chicken Biryani, Kulcha, Chicken Chatpata, Panneer Butter Masala, Paneer Lababdar, Tandoori Chicken, Shahi Paneer","North Indian"
4908,"Sea Food, Vegetable Biryani, Mushroom Manchurian, Hyderabadi Biryani, Chicken Biryani, Mutton Biryani, Chicken Guntur","Biryani, North Indian, Chinese, Seafood"
4909,"Biryani","Andhra, Chinese, North Indian"
4910,"Pasta, Supreme Pizza, Thin Crust Pizza, Cheesy Garlic Bread","Pizza, Italian"
4911,"Burgers, Fries, Chicken Wings, Popcorn, Chicken Grill","Fast Food, Burger"
4912,"\N","Mithai, South Indian, Street Food, Fast Food"
4913,"Burgers, Snicker Shake, Thick Shakes, Pasta, Chicken Wings, Peri Fries, Peri Peri Chicken Burger","Cafe, Italian, Burger, American, Steak"
4914,"Pizza, Pasta, Burgers, Lasagne, Masala Garlic Bread","Italian, Pizza"
4915,"\N","European, French, Salad"
4916,"\N","Cafe, Continental, Pizza, Italian, Beverages"
4917,"Chicken Biryani, Rolls","North Indian, Mughlai, Chinese"
4918,"Poha, Coffee, Pav Bhaji, Masala Chai, Sattu Paratha, Sandwich","Cafe, Sandwich, North Indian, Beverages, Desserts"
4919,"Rolls, Chicken Roll, Tandoori Chicken, Biryani, Chicken Lollipop, Paratha, Chicken Grill","Fast Food, North Indian, Chinese, Mughlai, Rolls"
4920,"Spring Roll, Chilli Chicken, Chowmein, Sweet Corn Chicken Soup, Dragon Chicken, Hakka Noodles, Chop Suey","Chinese"
4921,"Jeera Rice, Corn Paratha, Paneer Bhurji, Gobhi Matar, Vegetarian, Sweet Lassi, Dal Fry","North Indian, Beverages"
4922,"Burgers, Spinach Pizza, Butter Chicken Pizza, Chicken Bbq Burger, Tiramisu, Ferrero Rocher, Brownie Shake","Ice Cream, Cafe, Pizza, Burger, Desserts, Beverages"
4923,"\N","Kebab, Rolls"
4924,"Burgers, Pizza, Chocolate Fudge, Caramel Cheesecake, Vanilla Ice Cream, Hot Chocolate, Thick Shakes","Desserts, Cafe, Fast Food"
4925,"Nitrogen Ice Cream","Ice Cream, Beverages, Desserts"
4926,"Onion Rings, French Fries","Finger Food"
4927,"Noodles, Chicken Manchow Soup, Veg Momos","Tibetan"
4928,"Podi Idli, Masala Dosa, Pongal, Coffee, Mini Idlis, Appam, Raagi Dosa","South Indian"
4929,"Beer, Chilli Chicken, Pizza, Paneer Tikka, Cocktails, Nachos, Mocktails","Finger Food, Chinese, Italian, Burger"
4930,"Chicken Biryani","Andhra, Biryani, Seafood"
4931,"\N","North Indian, Chinese, Mughlai"
4932,"\N","Continental, Chinese, Fast Food"
4933,"Friendly Staff","Cafe, Italian"
4934,"Masala Dosa, Panneer Butter Masala","Chinese, North Indian, South Indian"
4935,"Burgers, Cheese Burger, Mojito, Peri Peri Fries, Apple Pie, Tea, Peri Peri Chicken Wings","Cafe, Burger, Fast Food, Desserts"
4936,"Coffee Walnut, Chocolate Icecreams, Tender Coconut Ice Cream, Thandai, Mango Ice Cream, Fruit Ice Cream, Custard Apple","Ice Cream, Beverages"
4937,"Khubani Ka Meetha, Mutton Biryani, Chicken Biryani, Tandoori Chicken, Hyderabadi Dum Biryani, Raita","North Indian, Biryani, Chinese"
4938,"\N","Seafood, Mangalorean"
4939,"Beer, Pizza, Mocktails, Pasta, Rasmalai, Cocktails, Brownie","Continental, North Indian, Pizza, BBQ"
4940,"Egg Biryani, Raita, Gulab Jamun, Chicken Biryani, Fish, Stuffed Kulcha, Chicken Lollipop","North Indian"
4941,"\N","North Indian, Chinese, Biryani, South Indian"
4942,"Outdoor Sitting Arrangement, Vegetable Biryani, Dal Makhani, Veg Thali","North Indian, Biryani"
4943,"Phirni, Butter Naan, Kadhai Paneer, Tandoori Roti, Paratha, Dal Makhani, Paneer Tikka","North Indian, Chinese"
4944,"\N","Cafe, Fast Food, Juices"
4945,"Pizza, Coffee, Pasta, Tiramisu, Cheesecake, Hot Chocolate, Pie","Bakery, Cafe, Italian, Desserts"
4946,"Gulab Jamun","North Indian, Continental, Chinese"
4947,"Donne Chicken Biryani, Akki Rottis, Roti, Mutton Chops, Chicken Curry, Vada, Coffee","South Indian, Biryani"
4948,"Waffles, Ice Cream Roll, Brownie Fudge, Chocolate Icecreams","Desserts, Ice Cream"
4949,"\N","North Indian, Continental, Chinese, Italian"
4950,"Momos, Noodles, Chop Suey","Chinese"
4951,"\N","South Indian, Juices"
4952,"Bamboo Chicken, Butter Naan, Mutton Biryani, Paneer Pakora, Chicken Pot Biryani, Ulvacharu Biryani, Jowar Roti","North Indian, Biryani, Andhra, Chinese"
4953,"\N","Continental, North Indian"
4954,"Chicken Grill, Masala Papad, Shawarma, Mutton Kosha, Paratha, Kalmi Kebab, Gulab Jamun","Chinese, North Indian, Biryani, Juices"
4955,"Chicken Tikka Biryani, Hyderabadi Chicken Dum Biryani, Raita, Paneer Tikka, Sandwich, Chicken Malai Tikka, Grilled Mushrooms","North Indian, Biryani"
4956,"Buttermilk, Jal-jeera, Churma, Palak Kofta, Lassi, Gulab Jamun, Dahi Bhindi","Rajasthani"
4957,"\N","Fast Food, North Indian, South Indian, Chinese"
4958,"\N","Mexican, American"
4959,"\N","Seafood, Mangalorean, Kerala"
4960,"Chole Bhature, Puri Sabzi, Chaat, Panipuri, Rasmalai, Jalebi, Pav Bhaji","North Indian, South Indian, Chinese, Street Food, Mithai"
4961,"Mocktails, Pasta, Burgers, Sandwich, Salsa, Salad, Hazelnut Frappe","Cafe, Continental, American, Burger"
4962,"\N","Chinese, Fast Food, Rolls"
4963,"\N","Chinese, Continental, North Indian, Italian"
4964,"\N","Mughlai, North Indian"
4965,"Vegetarian","Chinese, North Indian, Pizza, Italian"
4966,"\N","Bengali, Chinese, Seafood"
4967,"\N","Biryani, North Indian, Kebab, Chinese"
4968,"Sandwich, Pancakes, Garlic Bread, Coffee, Nachos, Pasta Alfredo, Wine","Cafe, Continental, Chinese"
4969,"Veg Thali, Fish Thali","Bengali, North Indian, Oriya"
4970,"Masala Dosa, Aloo Palya, Biryani, Vada Sambar, Badam Halwa, Filter Coffee, Idli","South Indian, North Indian"
4971,"\N","Biryani, South Indian, North Indian"
4972,"Coffee, Pasta, Sandwiches, Sunday Breakfast, Apple Pie, Hot Chocolate, Chicken Quiche","Bakery, Desserts"
4973,"\N","North Indian, Chinese, Andhra, South Indian, Biryani"
4974,"Neer Dosa, Sea Food, Chicken Sukha, Murgh Ghee Roast, Sweet Corn Soup, Mutton Paya Soup, Fish","North Indian, Chinese, Biryani"
4975,"Cocktails, Pie, Peri Peri Fries, Long Island Iced Tea, Chicken Steak, Mocktails, Nachos","Russian, Continental, North Indian"
4976,"Pizza, Nachos, Salads, Peri Peri Fries, Brownie, Pasta Alfredo, Spaghetti","Salad, Healthy Food, Sandwich, Juices, Burger, Desserts, Pizza"
4977,"Lemon Chicken, Hyderabadi Biryani, Chicken Biryani, Chicken Fry, Andhra Meal, Thali, French Chicken","North Indian, Chinese, Biryani"
4978,"Chicken Stew, Ghee Rice, Chai, Beef Biryani","Biryani, North Indian"
4979,"Burgers, Pasta, Hot Chocolate, Caramel Coffee","Cafe"
4980,"Fish, Rasmalai, Doi Katla, Aalo Bhaja, Bhetki Paturi, Chicken Kasha, Aloo Posto","Bengali, North Indian, Chinese"
4981,"Pizza","Pizza, Chinese, North Indian"
4982,"Ice Cream Roll, Nitrogen Ice Cream, Roasted Almonds, Salted Caramel","Ice Cream, Desserts"
4983,"Rolls, Veggie Roll, Chicken Tikka Roll, Beda Roti","Fast Food, Rolls"
4984,"\N","Chinese, Momos, Nepalese, Tibetan"
4985,"Momos, Thukpa, Dumplings, Crispy Chilli Potatoes, Beef Shaptak Dry, Chicken Momo, Fruit Beer","Chinese, Tibetan, North Indian"
4986,"Biryani, Tandoori Chicken, Panneer Butter Masala, Naan, Mutton Roganjosh, Lassi, Chicken Tikka Masala","North Indian, Mughlai, Chinese, Rolls"
4987,"Thin Crust Pizza, Pepperoni, Pie","Italian, Pizza"
4988,"Butter Chicken, Paratha","North Indian"
4989,"\N","North Indian, Seafood"
4990,"Tandoori Chicken","North Indian, Chinese, Biryani"
4991,"Gulab Jamun, Raita, Chaat, Chole, Soya Chaap, Panipuri, Dal Makhani","Street Food, North Indian, Mithai, Chinese, Beverages"
4992,"\N","Kerala, South Indian, Desserts"
4993,"English Breakfast, Waffles, Chocolate Cake, Frittata, Chicken Lasagne, Ginger Tea, Burgers","Cafe, Continental"
4994,"Butter Chicken, Kadhai Murgh, Rajma Chawal, Kadhai Paneer, Makke Ki Roti, Sweet Lassi, Dal Makhani","North Indian"
4995,"Mocktails, Salad, Coffee, Pizza, Meat Balls, Hot Chocolate, Pasta","Cafe, Continental, Beverages"
4996,"Pasta, Sandwiches, Peppy Paneer Pizza, Sandwich, Thick Shakes, Onion Rings, Tomato Soup","Cafe, Italian, Mexican, Chinese"
4997,"Paratha, Liti Chokha, Buttermilk, Tea, Aloo Litti, Raita","Bihari, North Indian"
4998,"Mutton Biryani, Chilli Paneer, Chicken Biryani","North Indian, Mughlai, Chinese"
4999,"Burgers, Pasta, Chocolate Mousse, Potato Wedges, Cup Cake, Cheesy Fries, Peri Peri Chicken","Cafe, Italian, Burger, American, Steak"
5000,"\N","Chinese, North Indian, Continental"
5001,"Pizza, Brownie, Chicken Biryani","Healthy Food, North Indian, Thai"
5002,"Chicken Grill, Sandwich","Healthy Food, Beverages"
5003,"Mutton Mandi, Laccha Paratha, Chicken Curry, Tawa Chicken, Rabri, Raan, Biryani","Arabian, North Indian, Beverages"
5004,"\N","Mangalorean, South Indian"
5005,"Idli, Masala Dosa, Sweet Lassi","South Indian, Chinese, North Indian"
5006,"Rooftop Ambience","Finger Food"
5007,"Chilli Chicken","Biryani, Fast Food"
5008,"Appam, Thali","Kerala, Seafood"
5009,"\N","North Indian, Chinese, Thai, Italian, South Indian"
5010,"\N","Oriya"
5011,"Paratha, Paneer Pakora, Chole Bhature, Rajma Chawal, Chaach, Lassi, Buttermilk","North Indian, Street Food"
5012,"\N","Andhra, Biryani, South Indian, Chinese"
5013,"Masala Chai, Sandwiches, Samosa, Masala Tea, Ice Tea, Bombay Sandwich, Chicken Mayo Sandwich","Beverages, Fast Food, Tea"
5014,"\N","Andhra, Hyderabadi, North Indian"
5015,"Maggi, Pasta, Burgers, Grilled Sandwich, Latte, French Fries","Cafe, Continental, Italian, Burger"
5016,"Coffee, Thali, Kharabath, Masala Dosa, Idli Vada, Vanilla Ice Cream, Bisi Bele Bhaath","North Indian, South Indian, Fast Food, Juices"
5017,"Paneer Satay, Beer, Creme Brulee, Crispy Prawns","Asian"
5018,"Hot Chocolate Fudge, Chocolate Sundae, Almond Fudge, Brownie, Thick Shakes, Vanilla Ice Cream","Ice Cream, Desserts"
5019,"Squid Rings, Udon Noodle, Miso Soup, Tempura Prawns, Sushi Platter, Fish, Egg Custard","Japanese"
5020,"Chicken Kebab, Gulab Jamun, Chicken Biryani Combo","Biryani, Kebab, Continental"
5021,"Paratha, Vegetarian, Makke Ki Roti, Curd Rice, Chicken Biryani, Malai Kofta, Sweet Lassi","North Indian"
5022,"Burgers, Pasta, Noodles, Shawarma, Tea, Cappuccino, Coffee","Burger, Juices, Beverages, Fast Food, Cafe, Chinese, Coffee"
5023,"Churros, Empanadas","Beverages, Cafe, Desserts, Spanish, Bakery"
5024,"Salads, Chicken Bbq Wings, Sandwiches, Pasta, Biryani, Cocktails, Pizza","Chinese, Continental, North Indian"
5025,"Hyderabadi Biryani, Mutton Biryani, Tandoori Chicken, Vegetable Biryani, Chicken Boneless Biryani, Lime Soda, Chicken Dum Biryani","Biryani, North Indian, Chinese"
5026,"Coffee, Vegetable Biryani, Masala Chai, Roti","North Indian, Chinese, Fast Food"
5027,"\N","North Indian, Chinese, Andhra, Mangalorean"
5028,"\N","North Indian, Chinese, Seafood, South Indian"
5029,"Paratha, Vada Pav, Thali, Lassi, Manchurian","North Indian, Chinese"
5030,"\N","Fast Food, Bakery"
5031,"\N","North Indian, South Indian, Chinese, Street Food, Beverages"
5032,"Sandwich, Pancakes, Sandwiches, Pasta, Waffles, Chocolate Cake, Salted Caramel","American, Italian, Bakery, Desserts, Sandwich, Beverages, Salad, Rolls"
5033,"Tea, Coffee, Sabudana Khichdi, Samosa, Sandwiches, Onion Pakoda, Khichda","Beverages, Fast Food, Tea"
5034,"\N","North Indian, Chinese, Bengali"
5035,"Dal Bati, Gatte Ki Subzi, Churma, Rasmalai, Dahi Vada, Khichda, Chaach","Rajasthani, North Indian"
5036,"Filter Coffee, Plain Dosa","South Indian, North Indian, Chinese"
5037,"\N","North Indian, Chinese, Biryani, Street Food"
5038,"Chicken Grill, Dal Fry, Arabian Grape Juice, Rumali Roti, Shawarma Roll","North Indian, Mughlai, Chinese"
5039,"\N","North Indian, South Indian, Chinese, Desserts"
5040,"Chicken Salad, Chicken Grill, Salads, Palak Chicken, Chicken Sandwich","Healthy Food, Beverages"
5041,"Paratha, Momos, Pasta, Lassi, Sandwiches, Burgers, Nachos","Fast Food, North Indian, Rolls"
5042,"Pizza, Nachos, Draught Beer, Pasta, Brownie, Potli Biryani, Mojito","North Indian, Pizza, Chinese"
5043,"Hot Chocolate Fudge, Chocolate Mousse, Ice Cream Strawberry, Vanilla Ice Cream, Thick Shakes, Fruit Salad, Fudge Cake","Ice Cream, Desserts"
5044,"\N","Fast Food, North Indian, Chinese, Biryani"
5045,"Breakfast Buffet, Kulcha, Almond Soup, Lunch Buffet, Roti, Mocktails, Vegetarian","North Indian, Chinese"
5046,"Masala Vada Pav, Kulfi","Street Food"
5047,"Egg Biryani, Dum Biryani, Naan","North Indian, Mughlai, Chinese, Arabian, Kerala"
5048,"Brownie Chocolate, Manchow Soup, Jalebi, Rabri, Mocktails, Beer, Tandoori Chicken","Asian, Chinese, Continental, North Indian, South Indian"
5049,"\N","North Indian, South Indian, Biryani"
5050,"Garlic Bread, Waffles, Brownie Shake, Cookie Monster Shake, Wood Fire Pizza, Big Bang Shake, Mushroom Pizza","Cafe, Pizza, Beverages"
5051,"Rolls, Biryani, Chilli Chicken, Seekh Kebab, Rumali Roti, Burgers, Butter Naan","North Indian, Chinese, Fast Food"
5052,"Fried Rice, Biryani","North Indian, Chinese, Rolls"
5053,"\N","Lucknowi, Kebab, Rolls"
5054,"Appam, Sea Food, Fry Prawns, Dal Fry, Chicken Curry, Fish, Murgh Ghee Roast","Mangalorean, Seafood, Chinese, North Indian"
5055,"\N","South Indian, Street Food, Beverages, Desserts"
5056,"Pancakes, Cocktails, Berry Pulao, Kanda Bhajiya, Brownie Chocolate, Crispy Okra, Kulfi","Parsi, North Indian"
5057,"Pool Table","Finger Food"
5058,"Vanilla Ice Cream, Hot Chocolate Fudge, Chocolate Icecreams","Desserts, Ice Cream"
5059,"\N","Beverages, Sandwich"
5060,"Waffles, Chocolate Bomb, Brownie Delight","Desserts, Ice Cream"
5061,"Rolls, Veggie Wrap, Biryani, Paratha, Cheesy Chicken Wrap","North Indian, Biryani, Fast Food"
5062,"Raita, Vegetable Biryani, Hyderabadi Biryani, Chicken Curry, Chicken Biryani","North Indian, Chinese, Biryani"
5063,"\N","Healthy Food, Pizza, Italian, South Indian, North Indian"
5064,"Biryani","Andhra"
5065,"Brownie, Coffee, Hot Chocolate, Garlic Pops, Chocolate Waffles, Chocolate Avalanche","Cafe, Desserts"
5066,"Biryani, Rolls, Firni, Chicken Roll, Mutton Pasanda, Mutton Rezala, Phirni","North Indian, Mughlai, Biryani"
5067,"\N","Healthy Food, Beverages, Mexican, Burger, Italian"
5068,"Samosa, Dhokla, Ladoo, Sweet Kachori, Onion Kachori, Ghee Jalebi","Street Food, Mithai"
5069,"Soba Noodles, Pad Thai Noodle, Chicken Sandwich","Continental, Chinese, North Indian, Asian, Healthy Food, Fast Food"
5070,"Caramel Pudding, Cocktails, Pizza, Mocktails, Bbq Chicken, Veg Starter, Sea Food","Mediterranean, Pizza, Continental, Seafood, Salad"
5071,"Lunch Buffet, Breakfast Buffet, Salads, Chips, Pasta, Omelette","North Indian, Continental, South Indian"
5072,"Fried Rice, Draught Beer, Beef Chilli, Chicken Curry, Fish Fingers, French Fries","Finger Food"
5073,"Chicken Grill, Cheese Balls, Vegetable Noodles","Chinese, Fast Food, Italian"
5074,"Sea Food, Prawn Biryani, Neer Dosa, Crab Sukha, Chicken Biryani, Fish, Murgh Ghee Roast","Seafood, North Indian, Chinese, Biryani"
5075,"Coffee, Mousse Cup","Bakery, Fast Food"
5076,"Thalassery Biryani, Chicken Tikka, Coffee, Tea, Tandoori Chicken, Ghee Rice, Appam","Kerala, Biryani, South Indian, North Indian, Chinese, Seafood, Juices"
5077,"Cocktails, Biryani, Roti, Beer, Chilli Pork, Potato Wedges, Pizza","Continental, North Indian, Chinese, Salad"
5078,"Noodles, Rolls, Mala Chicken, Momos, Chop Suey","Chinese, Thai, Momos, Vietnamese"
5079,"Momos, Spring Roll, Manchow Soup, Dragon Noodles","Chinese, Momos"
5080,"\N","Juices, Desserts"
5081,"Thali, Puran Poli, Misal Pav, Sabudana Vada, Buttermilk, Kanda Poha, Kanda Bhaji","Maharashtrian"
5082,"\N","Rolls, Sandwich"
5083,"\N","Juices, Beverages, Salad"
5084,"Pizza, Pancakes, Pasta, Burgers, Buffalo Wings, Peri Peri Chicken Steak, Latte","Cafe, Continental, Pizza, Salad"
5085,"\N","Chinese, Seafood"
5086,"\N","North Indian, South Indian, Andhra, Continental"
5087,"Garlic Bread, Big Bang Shake, Smokey Marzano Pizza","Cafe, Pizza, Beverages"
5088,"Burgers, Pasta, Crunchy Veg Burger, American Cheese Burger, Peri Peri Chicken Burger, Mojito, Chicken Paprika","Cafe, American, Burger, Steak"
5089,"Noodles, Watermelon Mint Mojito, Rendang Curry, Chicken Dim Sum, Laksa, Dimsum Platter, Spinach Corn Cheese","Thai, Asian, Indonesian"
5090,"\N","North Indian, South Indian, Gujarati, Bengali, Street Food"
5091,"Rolls, Beda Roti, Chicken Malai Roll, Peri Peri Chicken, Mutton Baida Roti, Chicken Beda, Chicken Baida Roti","Rolls, North Indian, Fast Food"
5092,"Sandwiches, Fruit Juices, Chaat, Paneer Sandwich, Watermelon Juice, Cheese Sandwich","Juices, Healthy Food"
5093,"Lassi, Chole, Palak Paneer, Chaap, Paneer Tikka, Panneer Butter Masala, Paratha","North Indian, Chinese"
5094,"Vada, Masala Dosa, Idli","South Indian, Fast Food"
5095,"Chicken Shorba, Paneer Tikka Masala, Jumbo Prawns, Beer, Cocktails, Butter Naan, Paan Shot","North Indian"
5096,"Lassi, Chai, Paratha","North Indian, Fast Food, Beverages, Momos"
5097,"Paan Ice Cream, Madagascar Chocolate, Faluda, Cheesecake, Bubble Gum Ice Cream","Desserts, Ice Cream"
5098,"Mocktails, Cocktails, Beer, Peri Peri Fries, Hot Wings, Pasta, Chilli Chicken","Chinese, Continental, Burger, Pizza"
5099,"Tandoori Maggi, Paneer Sizzler, Pasta, Pizza, Butter Garlic Fries, Peri Peri Maggi, Garlic Maggi","Fast Food, Beverages"
5100,"Coffee, Potato Wedges, Tea","Cafe, Fast Food"
5101,"Cocktails, Pasta, Hara Bhara Kebab, Peppy Paneer, Paneer Pizza, Peri Peri Prawn, Fiery Paneer","North Indian, Continental"
5102,"Rolls, Chicken Roll, Burgers, Egg Sandwich","Arabian, Chinese, Fast Food, Beverages"
5103,"Mutton Biryani, Jeera Rice, Chicken Sholay, Chicken Biryani, Mutton Chops, Kheer, Phirni","Mughlai, North Indian, Chinese"
5104,"\N","Beverages, Juices, Street Food"
5105,"Rolls, French Fries, Paratha","Rolls, Chinese"
5106,"\N","Bakery, Ice Cream"
5107,"Pizza, Bannoffee Pie, Mocktails, Pasta Alfredo, Burgers, Nachos, Veg Burger","Pizza, Burger, Sandwich, Coffee, Desserts, Continental, Salad, Asian"
5108,"\N","North Eastern, Chinese"
5109,"Tea, Coffee, Neer Dosa, Gajar Ka Halwa, Thali, Chaat, Cheese Dosa","South Indian, North Indian, Fast Food"
5110,"Choco Fudge Brownie, Sandwich, Ice Cream Pizza, Tiramisu, Sandwiches, Chocolate Icecreams, Hot Chocolate","Desserts, Ice Cream, Beverages, Sandwich"
5111,"Spaghetti, Hot Chocolate, Coffee, Tea","Cafe, Italian, Continental"
5112,"Sandwiches, Sandwich, Coffee","Bakery, Fast Food, Italian"
5113,"Anjal Masala Fry, Pasta, Veg Platter, Biryani, Jeera Rice, Murgh Ghee Roast, Sea Food","North Indian, Chinese, Continental, Mangalorean"
5114,"Pizza, Pasta, Lemonade, Brownie, Chocolate Shake, Peri Peri Fries, Chicken Wings","Cafe, Burger, Pizza, Sandwich"
5115,"Roti, Vegetable Biryani, Chicken Biryani","Biryani, Chinese, North Indian"
5116,"Shawarma, Chicken Grill, Tandoori Chicken, Butter Chicken, Rolls, Chicken Tikka, Grape Juice","North Indian, Chinese, Fast Food, Rolls, Juices"
5117,"Butter Chicken, Chicken Biryani","North Indian, Arabian, Chinese"
5118,"Palak Paneer, Mango Lassi, Panner Tikka, Veg Platter, Dal Makhani, Chicken Rara, Malai Tikka","North Indian, Mughlai"
5119,"\N","Biryani, South Indian, Chinese"
5120,"\N","Mithai, Beverages"
5121,"\N","Cafe, Fast Food, Chinese, Beverages"
5122,"Sandwiches, Bbq Chicken Pizza, Burgers, Steak, Mashed Potato, Peri Peri Chicken Pizza, Aglio Olio Pasta","Cafe, Italian"
5123,"\N","Biryani, Chinese, Kebab"
5124,"Mango Ice Cream, Coffee Walnut, Waffle Cone, Tender Coconut Ice Cream, Custard Apple, Kesar Pista, Chips","Ice Cream, Desserts"
5125,"\N","Asian, BBQ, South Indian, Chinese"
5126,"Pav Bhaji, Dahipuri, Chaat, Paratha, Noodles","Street Food"
5127,"Mutton Biryani, Mojito, Dal Makhani, Cocktails, Raita","North Indian, Afghan"
5128,"\N","Fast Food, Finger Food"
5129,"\N","North Indian, Fast Food, Biryani, Chinese"
5130,"\N","Desserts, Street Food, Mithai"
5131,"\N","Chinese, Bakery"
5132,"Coffee, Sandwiches, Tea","Coffee, Fast Food, Chinese, Beverages"
5133,"Mutton Biryani","Andhra, Chinese, North Indian"
5134,"Chaat, Rasmalai, Motichoor Ladoo, Thali, Pav Bhaji, Paneer Tikka, Chole Bhature","Mithai, Street Food"
5135,"Burgers, Pasta","North Indian, South Indian, Chinese, Fast Food"
5136,"Burgers, Pizza, Bacon Burger, Wings, Cheesecake, Chicken Burger, Pepperoni","Burger, American, Italian"
5137,"Biryani Combo","Andhra, North Indian, Chinese, Biryani"
5138,"\N","Desserts, Cafe, Beverages, Burger, Fast Food"
5139,"Burgers, Chicken Fries, Chicken Grill, Hot Wings, Chicken Roll","Fast Food"
5140,"Coffee, Pasta, Pizza, Hot Chocolate, Key Lime Pie","Cafe, Italian, Coffee"
5141,"Mutton Roganjosh, Mango Mousse, Sev Puri, Kadai Paneer, Butter Chicken, Vanilla Ice Cream, Mocktails","North Indian, BBQ, Mughlai"
5142,"\N","North Indian, Continental, Chinese, Asian, Thai"
5143,"\N","Kebab, Chinese, Biryani"
5144,"Peri Peri Chicken, Peri Peri Fries, Peri Peri Drizzle, Burgers, Chicken Breast Burger, Potato Wedges, Murgh Platter","Portuguese, Wraps, Burger, Salad"
5145,"Burgers","Fast Food, Burger"
5146,"Rolls, Paratha, Chicken Chaap, Kathi Roll, Chicken Egg Roll, Mutton Biryani","Street Food, North Indian, Rolls"
5147,"Singapore Noodles, Fish, Clear Soup, Manchow Soup, Lemongrass Tea, Nasi Goreng, Pad Thai","Chinese, Asian, Seafood"
5148,"\N","North Indian, South Indian, Chinese, Hyderabadi"
5149,"Thali, Manchurian, Chicken Keema, Chicken Biryani, Butter Chicken, Paneer Mirch Masala, Naan","North Indian, Chinese, Biryani"
5150,"\N","Pizza, Momos"
5151,"Biryani, Gulab Jamun, Pav Bhaji","North Indian, Fast Food, Street Food"
5152,"Sushi, Dumplings, Sea Food, Chocolate Volcano, Lamb, Sunday Brunch, Chicken Yakitori","Japanese, Asian"
5153,"\N","South Indian, Seafood, Kerala, Biryani"
5154,"Burgers, Beer, Veg Lasagna, Peri Peri Chicken Wings, Barbecue Wings, Sandwiches, Beef Steak","American, Continental, BBQ, Steak"
5155,"Gajar Halwa, Shikanji, Kheer, Dal Makhani, Lunch Buffet, Panner Tikka, Butter Chicken","North Indian, Mughlai, Desserts"
5156,"Cocktails, Peri Peri Chicken, Biryani, Mocktails, Pizza, Sangria, Chicken Dim Sum","Chinese, Continental, North Indian, Mexican"
5157,"Veg Puff, Plum Cake, Sponge Cake, Tea, Coconut Biscuits, Fruit Cake, Apple Cake","Bakery, Desserts"
5158,"\N","North Indian, Mughlai, Chinese, Continental"
5159,"\N","Finger Food, North Indian, Chinese"
5160,"\N","Beverages, Street Food, North Indian"
5161,"\N","Andhra, Chinese, South Indian, North Indian"
5162,"Dal Bati, Liti Chokha","North Indian"
5163,"\N","Cafe, Burger, Sandwich"
5164,"Sandwiches, Rice Bowl, Chicken Grill","Healthy Food, Beverages"
5165,"\N","Bakery, Beverages, Cafe, Coffee, Desserts, Sandwich"
5166,"\N","Continental, Italian"
5167,"Pork Ribs, Chicken Soup, Veg Fajitas, Cocktails, Burgers, Tacos, Pasta","American, Tex-Mex, Burger, BBQ"
5168,"Wheat Beer, Beef Burger, Pizza, Craft Beer, Pork Chops, Mezze Platter, Cocktails","Continental, BBQ, Finger Food"
5169,"Waffles","Desserts, Beverages"
5170,"Waffles, Burgers, Fish","Cafe, Modern Indian, Pizza, Burger, Desserts"
5171,"Pav Bhaji, Tawa Pulav, Vada Pav, Chaat, Rolls, Dabeli, Sandwiches","Cafe, North Indian, Street Food"
5172,"Jowar Roti, Benne Dosa, Idli, Brinjal Curry, Akki Rottis, Jolada Rotti, Buttermilk","South Indian"
5173,"Thali, Fish Fry, Alur Dom, Aalo Bhaja","Bengali, Chinese, North Indian"
5174,"Chole Bhature, Paratha, Veg Thali, Poori Bhaji, Chaat, Chhole Bhature","North Indian, Fast Food, Street Food"
5175,"\N","Pizza, North Indian, Finger Food, Bar Food"
5176,"Pasta, Breakfast Buffet, Lasagne, Salads, Chocolate Cake, Chicken Soup, Seafood Salad","North Indian, Continental, Italian"
5177,"Chocolate Overload, Burgers, Peri Peri Chicken Pizza, Pasta, Peri Peri Chicken Burger, Momos, Freak Shake","Cafe, Continental, Italian, Burger, Beverages"
5178,"Burgers, Pizza, Pasta, Sandwich, Peri Peri Chicken Satay, Fries, Nachos","Cafe, Burger, Continental, Pizza, Steak"
5179,"Sangria, Wine, Burgers, Tea, Cheesecake, Cheese Croquettes, Chicken Grill","American, North Indian, European, Tex-Mex"
5180,"Pizza, Pasta, Mocktails, Nachos, Mushroom Soup, Garlic Bread, Mojito","Italian, Pizza"
5181,"Rolls","Chettinad, South Indian, Chinese, Seafood, Rolls, North Indian"
5182,"Roti","North Indian, Chinese"
5183,"Mojito, Fajitas","Cafe, Italian, Tex-Mex, Fast Food, Burger"
5184,"\N","South Indian, North Indian, Seafood"
5185,"\N","Cafe, South Indian"
5186,"Pasta, Chicken Steak, Pink Lemonade, Pizza, Nachos, Wings, Burgers","Cafe"
5187,"Masala Dosa, Chole, Filter Coffee, Tea, Vada, Idli, Upma","South Indian, North Indian, Street Food"
5188,"Pizza, Tiramisu, Wine, Vegetarian, Sangria, Gnocchi, Pasta","Salad, Italian, Desserts, Pizza"
5189,"Rolls, Veg Momos, Chicken Momo, Paneer Tikka Roll","Fast Food, Rolls, Momos"
5190,"\N","Chinese, Vietnamese, Desserts"
5191,"Chicken Biryani, Mutton Biryani, Hyderabadi Biryani, Vegetable Biryani","Biryani, North Indian, Chinese"
5192,"English Breakfast, French Fries, Burgers, Pancakes, Corn Sandwich, Chicken Burger, Bacon Fry","American, Sandwich"
5193,"\N","North Indian, Chinese, Continental, Biryani, Thai"
5194,"\N","Kerala, Biryani"
5195,"\N","Arabian, Chinese, North Indian"
5196,"Burgers, Fries, Peri Peri Wings, Chicken Jumbo Burger, Salads, Jumbo Royale Burger, Peri Peri Chicken","Turkish, Arabian, Fast Food, Salad, Healthy Food, Desserts"
5197,"Rolls, Rasgulla, Fish Fry, Bhetki Paturi, Mutton Kosha, Veg Thali, Luchi","Bengali"
5198,"Paneer Picante Pizza, Chicken Salami, Peri Peri Pizza, Veggie Pizza","Pizza"
5199,"Tandoori Chicken, Paneer Tikka, Chicken Biryani, Paratha, Butter Chicken","North Indian, Biryani"
5200,"Thali, Biryani, Aloo Paratha","North Indian"
5201,"Rice Noodles, Dragon Chicken, Momos, Clear Soup, Hakka Noodles, Chop Suey, Salad","Chinese, Thai, Momos"
5202,"Mocktails, Sandwiches, Mushroom Soup, Crepe, Nachos, Idli Platter, Appam","Cafe, Continental"
5203,"Dal Tadka","North Indian"
5204,"\N","South Indian, Chinese, Sandwich"
5205,"Beer, Butter Garlic Prawns, Potato Wedges, Nachos, Pasta, Cocktails, Burgers","Finger Food, Continental, Asian, North Indian"
5206,"Paratha, Puri Sabzi, Tea, Chole","North Indian, Chinese, Street Food"
5207,"Appam, Chicken Stew, Chicken Curry, Sea Food, Kerala Parotta, Fish Curry, Paratha","Seafood, South Indian, Chinese, Kerala"
5208,"Tender Coconut Chicken, Sea Food, Paneer Pakora, Chicken Biryani, Kori Roti, Fish Fry, Beer","Seafood, North Indian, Chinese"
5209,"Salads, Chicken Bbq Wings, Sandwiches, Pasta, Biryani, Pizza, Cocktails","Chinese, Continental, North Indian, Burger, Pizza"
5210,"Dal Bukhara, Biryani, Fish, Gulab Jamun, Kulfi, Warqi Parantha, Raan","North Indian, Mughlai"
5211,"\N","North Indian, Chinese, Mangalorean, Andhra"
5212,"\N","North Indian, Chinese, Healthy Food"
5213,"\N","North Indian, South Indian, Chinese, Andhra, Biryani"
5214,"Pasta, Ravioli, Potato Wedges, Jalapeno Cheeseballs, Chicken Pizza, Lasagne, Veggie Pizza","Pizza, Cafe, Italian"
5215,"\N","Chinese, Fast Food, Beverages"
5216,"Fish Thali, Chicken Curry, Chicken Biryani, Aalo Bhaja","North Indian, Fast Food, Biryani"
5217,"Burgers, Sandwiches, Salads, Disco Chicken, Beef Steak, Wedges, Peri Chicken","Cafe, Italian, Burger, American, Steak"
5218,"Paper Masala Dosa, Coffee","North Indian, South Indian, Chinese"
5219,"Healthy Breakfast, Salads, Date Pudding, Chicken Curry, Hakka Noodles, Fruit Bowl, Dal Makhani","Healthy Food, North Indian, Biryani, Continental, Sandwich, Desserts"
5220,"\N","Cafe, Continental, Italian"
5221,"\N","Burger, Sandwich, Fast Food"
5222,"Murgh Ghee Roast, Egg Fried Rice, Thali, Mutton Biryani, Naan, Andhra Meal","North Indian, Chinese, Andhra"
5223,"Prawn, Masala Peanuts, Honey Chilli Potatoes, Craft Beer, Mushroom Noodles, Cocktails, Pizza","Continental, North Indian, Chinese, Finger Food"
5224,"Coffee, Dahi Vada, Chaat","South Indian, North Indian, Chinese, Street Food"
5225,"Veg Salad, Sandwich","Salad, Fast Food"
5226,"Biryani, Rice","Biryani, North Indian"
5227,"Pandi Curry, Caramel Custard, Coconut Souffle, Chicken Curry, Akki Rottis, Pork Curry, Set Menu","South Indian"
5228,"Hot Chocolate, Chocolate Pastry, Cheesecake, Chocolate Sundae, Coffee, Chips, Macaroon","Desserts, Cafe, Beverages"
5229,"Idli Vada, Tea, Masala Dosa, Filter Coffee, Pav Bhaji, Kesari Bath, Chaat","South Indian, North Indian, Chinese, Beverages"
5230,"\N","Bakery, Fast Food, Street Food"
5231,"Chicken Grill, Chicken Shawarama, Shawarma, Tandoori Chicken, Rumali Roti, Rolls, Egg Biryani","North Indian, Chinese, Rolls, Juices"
5232,"Peri Peri Chicken, Peri Peri Fries, Peri Peri Drizzle, Burgers, Chicken Breast Burger, Potato Wedges, Murgh Platter","Portuguese, African"
5233,"Beef Fry, Kerala Parotta, Fish, Roast Beef, Appam, Crab Toast, Mackerel Fry","Kerala, South Indian"
5234,"Paratha, Naan, Kadai Paneer, Malai Kofta, Panneer Butter Masala, Lassi, Chicken Keema","North Indian, Chinese"
5235,"\N","Arabian, Afghan"
5236,"Pasta, Gelato, Garlic Bread, Mojito, Nachos, Paneer Pizza, Mocktails","Chinese, Cafe, Italian"
5237,"Prompt Service, Friendly Staff","Ice Cream, Desserts"
5238,"Icecream Cake, Brownie, Hot Chocolate, Belgian Chocolate, Salted Caramel","Desserts"
5239,"\N","Desserts, Cafe, Beverages"
5240,"\N","South Indian, Mithai, Chinese, North Indian"
5241,"Sea Food, Neer Dosa, Anjal Masala Fry, Coconut Pudding, Chicken Biryani, Roti, Fish Curry","Seafood, Biryani, Beverages, South Indian, North Indian, Kebab"
5242,"Dal Makhani, Thali, Rajma Masala, Dal Fry, Sweet Lassi, Gulab Jamun","North Indian"
5243,"Salad, Chicken Curry, Peri Peri Chicken, Thai Red Curry, Momos, Chicken Satay, Pasta","Cafe, Healthy Food, Asian, Italian, North Indian, Biryani, Juices"
5244,"Waffles, Brownie Sundae","Desserts, Beverages"
5245,"Sea Food, Mocktails, Noodles, Murgh Ghee Roast, Cocktails, Tom Yum Soup, Spring Roll","Chinese, Thai, Seafood, North Indian, Momos"
5246,"Burgers, Murgh Malai, Oreo Shake","Fast Food, North Indian"
5247,"Momos, Chilli Mushroom, Chop Suey, Sweet Corn Soup, Clear Soup, Hakka Noodles, Honey Chilli Potatoes","Chinese, Momos"
5248,"Sandwiches, Brownie Fudge, Hot Chocolate Fudge, Thick Shakes","Ice Cream, Desserts, Beverages, Sandwich"
5249,"Fries, Malgoum Shawarma","Arabian"
5250,"\N","Modern Indian, Biryani"
5251,"Sushi, Mocktails, Maki Roll, Salad, Dynamite Roll, Scallops, Set Menu","Asian, Chinese, Japanese, BBQ"
5252,"Beef Fry, Beef Biryani, Beef Curry, Roast Beef, Masala Prawn, Fish, Kerala Parotta","South Indian, Biryani, North Indian"
5253,"\N","Arabian, Mughlai"
5254,"Belgian Chocoholic, Italian Wonder","Desserts"
5255,"Pork Thali, Chicken Curry, Prawn Curry, Momos, Pork Fry, Smoked Pork, Salad","Naga, Goan, Seafood, Chinese"
5256,"Rolls, Chicken Momo, Biryani, Paneer Roll","Fast Food, Rolls, Momos"
5257,"Shawarma, Falafel Pita, Veg Bonanza Pizza, Cheese Manakeesh, Arabic Cuisine, Cheese Steak Pizza","Arabian, Pizza, Greek, Lebanese, Mediterranean"
5258,"Dhokla, Raj Kachori, Panipuri, Jalebi, Pyaz Kachori","Street Food, Beverages"
5259,"\N","Biryani, North Indian, Chinese, Andhra"
5260,"Beer, Steak, Chilli Chicken, Burgers, Tandoori Chicken, Masala Peanuts, Fries","American, North Indian, Chinese"
5261,"Mutton Biryani","Biryani, North Indian"
5262,"Basanti Pulao, Fish, Aloo Posto, Thali, Daab Chingri","Bengali"
5263,"Beef Fry, Masala Dosa, Chicken Curry, Fish Fry, Chicken Biryani, Roast Beef, Beef Curry","Kerala, South Indian, Biryani"
5264,"Chicken Curry, Pepper Chicken, Neer Dosa, Mutton Chops, Fish, Mutton Curry","South Indian, Chinese"
5265,"Shawarma, Chicken Grill, Tandoori Chicken, Chicken Curry, Butter Chicken, Kheer, Keema Naan","North Indian, Mughlai, Chinese"
5266,"Pandi Curry, Tender Coconut Pudding, Chocolate Mousse, Ghee Rice, Pork Curry, Bella Coffee, Chicken Curry","South Indian"
5267,"Pasta, Mutton Seekh, Fish, Prawn Curry, Pizza, Papdi Chaat, Salad","North Indian, BBQ"
5268,"\N","Biryani, Chinese, North Indian, Bengali"
5269,"Fish Chilli, Tea, Lamb, Thai Wok Chicken","Chinese, Thai, Asian"
5270,"\N","Chinese, Fast Food, Seafood, Momos"
5271,"Pav Bhaji, Chaat, Paratha, Chole Bhature, Panipuri, Dhokla, Dahi Bhalle","Mithai, Street Food"
5272,"Caramel Pudding, Cocktails, Pizza, Mocktails, Wedges, Bbq Chicken, Veg Starter","Mediterranean, Pizza, Continental, Seafood, Salad"
5273,"Hummus Platter, Juicy Lamb Burger, Salmon Steak, Mousse, Pasta, Pizza, Sweet Potato Fries","Cafe, Healthy Food"
5274,"Paratha, Sandwich, Chilli Idli, Noodles, Sandwiches, Lime Soda","North Indian, Cafe, Chinese, Fast Food"
5275,"\N","Sandwich, Pizza, Beverages"
5276,"Salads, Sandwiches, Salad, Thai Rice, Pasta, Noodles, Pizza","Healthy Food, Chinese, Biryani, North Indian, Continental, Salad, American, Burger"
5277,"Friendly Staff","Ice Cream"
5278,"Lime Soda, Manchow Soup, Biryani, Lemon Chicken, Tomato Soup, Butter Naan, Chilli Chicken","Andhra, Seafood, North Indian, Chinese"
5279,"Sweet Lassi, Gulab Jamun, Palak Paneer Paratha, Paneer Parantha","North Indian, Street Food"
5280,"Nachos, Cup Cake, Hot Chocolate Fudge, Salsa, Cheesy Garlic Bread, Waffles, Tiramisu","Desserts, Ice Cream"
5281,"Roti, Masala Dosa","South Indian, North Indian, Chinese"
5282,"Biryani, Thick Shakes, Fries","Fast Food, Desserts, Beverages"
5283,"Sweet Pongal, Curd Rice","South Indian"
5284,"Rolls, Burgers, Juicy Momos, Chicken Momo, Chocolate Momos, Mushroom Momo, Paneer Momos","Tibetan, Momos"
5285,"Gulab Jamun, Roti, Masala Papad, Babycorn Manchurian, Paratha, Clear Soup, Biryani","North Indian, Chinese, Beverages"
5286,"Andhra Meal, Mutton Biryani, Chicken Sholay, Chicken Biryani, Chicken Guntur, Andhra Thali, Guava Ice Cream","Andhra, Biryani, North Indian, Chinese"
5287,"Kesari Bath, Masala Dosa","South Indian, Chinese"
5288,"Masala Dosa, Vada, Obbattu, Badam Milk, Khara Bhath, Coffee, Puri Saagu","South Indian"
5289,"\N","Kerala, Seafood, South Indian, Chinese, North Indian, Charcoal Chicken, Beverages"
5290,"Chocolate Truffle","Desserts"
5291,"Fries","Burger, Fast Food, Roast Chicken, Finger Food"
5292,"Paneer Biryani, Raita, Gulab Jamun, Vegetable Biryani, Dum Biryani, Chicken Boneless Biryani, Chicken Kebab Biryani","Biryani, Kebab"
5293,"Tacos, Fries, Nachos, Burrito","Mexican, American, Fast Food"
5294,"\N","Fast Food, Bengali"
5295,"Noodles, Corn Momo, Manchurian, Momo Platter, Veg Momos, Potato Momos, Tandoori Momos","Chinese, Tibetan, Momos"
5296,"Andhra Meal, Mutton Biryani, Pepper Chicken, Veg Thali, Chicken Guntur, Raita, Chicken Kebab","Andhra, Biryani"
5297,"\N","Rolls, Kebab, Fast Food"
5298,"Jal-jeera, Paratha, Chaat","North Indian, Fast Food, Street Food"
5299,"\N","Cafe, Pizza, Fast Food"
5300,"Peri Peri Chicken, Chicken Pizza, White Pasta, Kit Kat Shake","Pizza, Italian, Beverages"
5301,"\N","Street Food, North Indian, Beverages"
5302,"Shawarma","Juices, Fast Food"
5303,"\N","Fast Food, Italian, Pizza"
5304,"\N","Mexican"
5305,"Chicken Biryani, Mocktails, Pizza, Cocktails, Beer, Pork Ribs, Nachos","Italian, Continental"
5306,"Mocktails, Cocktails, Appam, Paneer Satay, Sea Food, Paneer Tikka, Jeera Rice","North Indian, Asian, Seafood, Chinese"
5307,"Tandoori Chicken, Chicken Sukha, Chicken Biryani, Neer Dosa, Dal Makhani, Mutton Biryani, Paneer Tikka Masala","North Indian, South Indian, Chinese, Seafood"
5308,"\N","Biryani, Chinese, Hyderabadi, Kebab"
5309,"Palak Paneer, Aam Panna, Crispy Corn, Gajar Ka Halwa, Panipuri, Kulfi, Salads","North Indian, Chinese"
5310,"Barbeque Chicken Pizza, Mushroom Ravioli, Pasta, Lasagne, Berryblast, Mocktails, Potato Wedges","Pizza, Cafe, Italian"
5311,"Whole Meat Shawarma, Malgoum Shawarma, Rolls, Pita Bread, Kerala Parotta","Arabian"
5312,"Biryani, Chicken Curry, Paya Soup, Paratha, Mutton Keema, Chicken Guntur, Pepper Chicken","Biryani, Fast Food"
5313,"\N","Pizza, South Indian, Healthy Food"
5314,"Khara Bun, Mousse, Veg Puff, Rich Chocolate Cake, Fruit Cake, Chocolate Truffle, Rolls","Bakery, Desserts"
5315,"Kharabath, Filter Coffee, Idli Vada, Crispy Vada, Kesari Bath, Hot Coffee, Tea","South Indian"
5316,"\N","Burger, Fast Food, Italian"
5317,"Sea Food, Bhetki Paturi, Chicken Dak Bunglow, Prawn, Rasgulla, Potato Curry, Mishti Doi","Bengali"
5318,"Sabudana Khichdi, Pav Bhaji, Pyaz Kachori, Chole Bhature, Faluda, Malai Ghewar, Lassi","North Indian, Street Food"
5319,"Penne Arrabiata Pasta, Craft Beer, Bruschettas, Cocktails, Peri Peri Chicken, Pizza, Mocktails","Continental, North Indian, Chinese, European, BBQ, Finger Food, Asian"
5320,"Paneer Tikka, Chicken Biryani, Cocktails, Prawn, Barbeque Chicken, Malai Kofta, Roti","North Indian, Continental, Chinese"
5321,"\N","Street Food, Sandwich, Beverages"
5322,"Rolls, Masala Veg Frankie, Chicken Frankie","Street Food, Rolls"
5323,"Coffee, Cappuccino, Hot Chocolate, Sandwich, Tiramisu, Pasta, Fries","Cafe, Salad, Desserts, Pizza"
5324,"\N","North Indian, Fast Food, Kebab, Rolls, Beverages"
5325,"Rolls, Shawarma Roll, Chicken Grill, Thali","Arabian, Biryani, North Indian, Chinese, Fast Food"
5326,"Cup Cake, Blueberry Cheesecake, Coffee, Cake Pops, Pineapple Cake, Brownie","Bakery, Desserts"
5327,"Garlic Bread, Paneer Pizza, Supreme Pizza, Tandoori Paneer","Pizza, Fast Food"
5328,"Burgers, Chicken Tandoori Grill Burger, Cheesy Chicken Fries, Chicken Whopper, Whopper Burger, Tandoor Chicken Burger, Mutton Whopper","Burger, Fast Food, Beverages"
5329,"Cocktails, Salads, Pork Ribs, Tomato Soup, Burgers, Mushroom Toast, Cheesecake","European, Asian"
5330,"Badam Milk, Cocktails, Mutton Liver Fry, Paan Mojito, Neer Dosa, Veg Thali, Mocktails","Seafood, South Indian, Bar Food, Mangalorean, Konkan"
5331,"Masala Peanuts, Beer, Chicken Lollipop, Pepper Chicken, Chilli Chicken, Fried Rice, Fries","North Indian, Chinese, Fast Food"
5332,"Kimchi, Salads, Momos, Mocktails, Manchow Soup, Chicken Dumplings, Dimsum Platter","Chinese"
5333,"\N","Seafood, Chinese, North Indian, South Indian"
5334,"Filter Coffee, Elaneer Mousse, Tea, Poori Bhaji, Vada, Buttermilk, Mini Idlis","South Indian"
5335,"Rooftop Ambience","Finger Food, Continental"
5336,"Burgers, Cheddar Cheese Balls, Peri Peri Chicken Steak, Pasta, Pizza, Fries, Peri Peri Chicken Burger","Cafe, Italian, Burger, American, Steak"
5337,"Cake Jar","Beverages, Desserts"
5338,"Lemon Chicken, Hyderabadi Chicken Biryani, Andhra Meal","North Indian, Chinese"
5339,"Panneer Butter Masala, Coffee, Tea, Idli, Manchurian, Vada, Thali","Chinese, North Indian, South Indian"
5340,"\N","North Indian, Arabian, Fast Food, Chinese"
5341,"Fruit Juices, Chaat","Mithai, Street Food"
5342,"Filter Coffee, Vada, Chai, Caramel Coffee, Masala Dosa, Kesari Bath, Veg Dosa","South Indian"
5343,"Sandwiches, Fruit Juices, Oreo Shake, Sandwich","Beverages, Sandwich"
5344,"Biryani","Andhra, North Indian"
5345,"\N","South Indian, Chinese, Seafood"
5346,"Panneer Butter Masala, Kulcha, Paneer Methi Malai, Kadhai Paneer, Tangdi Kabab, Roti, Dal Makhani","North Indian"
5347,"Neer Dosa, Murgh Ghee Roast, Sea Food, Crab Fry, Fry Prawns, Biskoot Roti, Fish","Konkan, Mangalorean, Seafood"
5348,"Duck Roast, Appam, Kadala Curry, Chicken Curry, Chicken Biryani, Fish Fry, Egg Curry","North Indian, South Indian, Kerala, Seafood"
5349,"Sandwiches, Brownie","Cafe"
5350,"Lassi, Paratha, Paneer Bhurji","North Indian"
5351,"\N","Chinese, North Indian, Juices"
5352,"Butter Chicken, Lassi, Thali, Dal Makhani, Mutton Roganjosh, Paneer Tikka, Malai Kofta","North Indian, Mughlai"
5353,"\N","North Indian, Gujarati"
5354,"Club Kachori, Thepla, Jalebi, Paratha, Poha, Thali","North Indian"
5355,"\N","North Indian, Mughlai, Biryani, Chinese"
5356,"Cup Cake, Pie, Red Velvet, Chocolate Cake, German Chocolate","Desserts, Bakery"
5357,"Tiramisu, Bruschettas, Salmon, Chocolate Dessert, King Prawns, Wine, Scallops","Italian, Salad"
5358,"Burgers, Biryani, Cheesecake","North Indian, Chinese, Fast Food"
5359,"Mutton Biryani, Chilli Chicken, Pepper Chicken, Chicken Fry, Donne Chicken Biryani, Chicken Guntur, Chicken Kebab","Biryani"
5360,"Chicken Manchow Soup, Lime Soda, Clear Soup, Spring Roll, Veg Manchurian, Chilli Potatoes, Wonton Soup","Chinese, Seafood, Momos"
5361,"Tandoori Chai, Tea, Paratha, Samosa Chaat, Onion Pakoda, Raj Kachori","North Indian, Fast Food, Street Food, Beverages"
5362,"Beer, Mashed Potato, Pork Thali, Pork Curry, Smoked Pork, Veg Thali","North Eastern, Chinese"
5363,"Sunday Brunch, Pasta, Shawarma, Breakfast Buffet, Lamb, Lunch Buffet, Pizza","Italian, North Indian, Lebanese"
5364,"Paratha, Thali, Rajma","North Indian"
5365,"Chicken Grill, Chicken Shawarama, Shawarma, Tandoori Chicken, Rumali Roti, Rolls, Egg Biryani","North Indian, Chinese, Kebab, Beverages"
5366,"Paneer Tikka, Bheja Fry, Ghee Rice, Jumbo Shawarma, Brain Fry, Raita, Biryani","North Indian, Mughlai, South Indian, Chinese"
5367,"Garlic Bread","Pizza, Fast Food"
5368,"Neer Dosa, Sea Food, Pepper Chicken","North Indian, South Indian, Chinese, Biryani, Seafood"
5369,"Chicken Dum Biryani, Egg Curry, Honey Cake, Gajar Halwa, Carrot Halwa, Hakka Noodles, Rabri","North Indian, Continental, Chettinad, Andhra, Bengali"
5370,"Naan, Paratha, Sweet Lassi, Egg Masala, Matar Paneer, Dal Tadka, Panneer Butter Masala","North Indian, Chinese"
5371,"Brownie Fudge Sundae, Ferrero Rocher Shake, Cheesecake, Chocolate Mocha, Chocolate Truffle, Pasta Alfredo, Chocolate Sundae","Bakery, Desserts, Italian"
5372,"Paratha, Chole","North Indian, South Indian"
5373,"\N","South Indian, Hyderabadi, Chinese"
5374,"Paratha, Paneer Thali, Tandoori Roti, Chole Bhature","North Indian, Chinese"
5375,"\N","Chinese, Oriya, Bengali, North Indian"
5376,"Waffles, Pancakes, Liti Chokha, Ginger Tea, Maggi, Hot Chocolate, Chaat","Desserts, Street Food, Sandwich, Beverages"
5377,"Chicken Satay, Chicken Chettinad, Sea Food, Salads, Pumpkin Soup, Chicken Soup, Mousse","Continental, Asian"
5378,"\N","North Indian, Chinese, South Indian, Biryani"
5379,"Salads, Burgers, Sandwich, Pasta, Pizza, Rice Bowls, Biryani","Healthy Food, Chinese, Biryani, North Indian, Continental, Salad, American, Burger"
5380,"Hakka Noodles, Honey Chilli Chicken, Garlic Butter Noodle, Dragon Chicken, Garlic Chicken","Chinese"
5381,"\N","North Indian, Hyderabadi, Continental"
5382,"Lassi, Shikanji, Dal Makhani, Makke Ki Roti, Butter Chicken, Paneer Punjabi, Chicken Curry","North Indian"
5383,"Pav Bhaji, Panneer Butter Masala, Deluxe Thali, Tea, Panipuri, Chaat, Masala Dosa","South Indian, North Indian, Chinese, Street Food"
5384,"Steak, Garlic Bread, Mocktails, Burgers, Caramel Custard, Wings, Pork Ribs","Continental, Burger, Pizza, Steak"
5385,"Thick Shakes, Vanilla Ice Cream","Desserts, Beverages, Ice Cream"
5386,"Cocktails, Pizza, Mocktails, Sweet Yogurt, Nachos, Karela Chaat, Burgers","Asian, Continental, European, North Indian"
5387,"Salads, Veg Buffet, Dahi Vada, Pasta, Vegetarian, Halwa, Noodles","Continental, North Indian, South Indian, Chinese"
5388,"Kadala Curry, Kerala Parotta, Tea, Paratha, Sea Food, Appam, Biryani","North Indian, Chinese, Kerala"
5389,"\N","Andhra, South Indian, North Indian, Chinese"
5390,"\N","Street Food, Chinese, North Indian, South Indian"
5391,"\N","North Indian, Momos"
5392,"\N","Healthy Food, North Indian, Biryani, Continental, Sandwich, Desserts"
5393,"\N","South Indian, Bakery, Fast Food"
5394,"Cocktails, Kulfi, Onion Rings, Chicken Wings, Draught Beer","Finger Food, Continental"
5395,"\N","Fast Food, North Indian, Finger Food"
5396,"Panner Tikka, Chicken Biryani, Thali, Gajar Ka Halwa, Lunch Buffet, Raita, Tandoori Aloo","North Indian, Chinese, Continental"
5397,"Cup Cake, Cheesecake","Desserts, Bakery"
5398,"Dal Makhani, Lassi, Palak Paneer, Mutton Roganjosh, Butter Chicken, Tandoori Chicken, Jal-jeera","North Indian, Mughlai"
5399,"Coffee","South Indian, North Indian, Fast Food, Street Food"
5400,"Obbattu","Mithai, South Indian"
5401,"Brownie, Mojito, Prawn Ghee Roast, Corn Tikki, Mushroom Ghee Roast, Pinacolada, Biryani","Andhra, North Indian, Chinese"
5402,"Hyderabadi Biryani, Mutton Biryani, Vegetable Biryani","Biryani, Hyderabadi"
5403,"Sandwiches, Sandwich, Coffee, Cheesecake","Beverages, Fast Food"
5404,"Chicken Biryani, Hyderabadi Biryani, Raita, Mutton Biryani, Vegetable Biryani, Butter Chicken, Basmati Rice","Biryani, North Indian, Chinese"
5405,"Ice Cream Strawberry, Tiramisu, Chocolate Icecreams, Chocolava, Hot Chocolate Fudge, Ferrero Rocher, Coffee Craze","Desserts, Beverages"
5406,"Momos, Shawarma","Chinese, Momos"
5407,"Butter Chicken, Murgh Khurchan, Naan, Kulcha, Tandoori Roti, Mutton Biryani, Rice","Mughlai, North Indian, Biryani, Chinese"
5408,"\N","Chinese, Thai, Nepalese, Tibetan"
5409,"Filter Coffee, Cappuccino, Brewed Coffee","Cafe, Fast Food"
5410,"\N","North Indian, Finger Food, Chinese"
5411,"Chicken Steak, Burgers, Pizza, Salad, Fries, Garlic Bread, Chicken Nuggets","Italian, Mediterranean, European, Sandwich"
5412,"Basanti Pulao, Fish, Aloo Posto, Thali","Bengali"
5413,"Noodles, Biryani, Peri Peri Pasta, Laccha Paratha","Chinese, Biryani, Pizza, Italian, North Indian"
5414,"Sea Food","Seafood, BBQ, Biryani"
5415,"Chicken Biryani, Mutton Biryani, Chicken Manchurian, Shahi Biryani","North Indian, Biryani"
5416,"Rajma Chawal, Khichda, Gulab Jamun, Paratha, Dal Makhani, Lassi, Paneer Tikka","North Indian"
5417,"\N","Andhra, Hyderabadi"
5418,"\N","North Indian, Iranian"
5419,"Chicken Wings, Margherita Pizza, Veggie Pizza, Brownie Chocolate, Chocolava Cake, Exotic Garlic Bread, Cheesy Garlic Bread","Pizza"
5420,"Mutton Biryani, Raita, Firni, Chicken Biryani, Rolls, Chicken Tikka Kebab, Naan","North Indian, Mughlai, Biryani, Rolls"
5421,"Salads, Salad, Sandwiches, Chicken Grill","Cafe, Healthy Food, Salad"
5422,"\N","South Indian, North Indian, Andhra"
5423,"Sandwich","Beverages, Fast Food"
5424,"Mocktails, Coffee, Salad, Barbecue Chicken Wings, Pizza, Meat Balls, Hot Chocolate","Cafe, Continental, Beverages"
5425,"Cup Cake, Pineapple Cake","Bakery, Desserts"
5426,"Sea Food, Fish Fry, Fish Curry, Fish Kebab, Buttermilk, Fry Prawns, Ragi Mudde","Seafood, Mangalorean"
5427,"\N","Cafe, Mughlai"
5428,"Paratha, Samosa, Paneer Parantha, Salad, Sweet Lassi, Dal Makhani, Raita","North Indian, Chinese"
5429,"Pizza, Garlic Bread","Pizza"
5430,"\N","Chinese, North Indian, Bengali"
5431,"\N","Chinese, Andhra"
5432,"Mutton Biryani, Chicken Biryani, Mutton Seekh Kebab, Gajar Ka Halwa, Hyderabadi Biryani, Kebab Platter, Panneer Butter Masala","Biryani, North Indian, Kebab"
5433,"Murgh Lababdar, Butter Chicken, Paneer Lababdar, Dal Makhani, Afghan Chicken, Chicken Achari Tikka, Lassi","North Indian"
5434,"Burgers, Peri Peri Chicken Burger, Pasta, Chicken Salad, Hot Chocolate, Coffee, Nutella Shake","Cafe, Italian, Burger, American, Steak"
5435,"Mutton Fry, Mutton Keema, Mutton Biryani, Chicken Biryani, Mutton Chops, Ragi Mudde, Mutton Curry","South Indian, Biryani, Chinese"
5436,"Virgin Mojito, Pasta Alfredo, Mocktails, Mutton Boti Kebab, Chelo Kebab, Diwani Handi, Dragon Rolls","North Indian, Chinese, Continental"
5437,"Donne Biryani, Chicken Biryani Combo, Pepper Chicken, Chicken Fry","Biryani, Kebab"
5438,"\N","Kerala, North Indian, South Indian"
5439,"Designer Cakes","Bakery, Desserts"
5440,"Breakfast Buffet, Paratha, Rice","North Indian, Chinese, South Indian, Continental"
5441,"Chicken Tikka Masala, Chicken Biryani, Mutton Biryani, Chicken Curry, Gajar Ka Halwa, Malai Kebab, Gulab Jamun","Biryani, Mughlai, Chinese, North Indian, Kebab"
5442,"Cheese Pasta, Cocktails, Stout, Bruschettas, Craft Beer, Pinacolada, Wheat Beer","North Indian, Continental, Italian"
5443,"Manchurian, Noodles, Basil Chicken, Chop Suey, Triple Schezwan, Dragon Chicken, Schezwan Rice","Chinese, Thai"
5444,"Chaat, Buttermilk, Paneer Bhurji, Gaon Ki Thali, Paratha, Gulab Jamun, Chole","North Indian"
5445,"\N","Bakery, Fast Food, Juices"
5446,"Chocolate Decadence, Chocolate Fantasy, Pancakes, Pan Cake","Bakery, Desserts"
5447,"Burgers, Pasta, Chicken Wings, Chicken Popcorn, Chicken Burger, Cheese Corn Balls","Fast Food, Cafe"
5448,"Shawarma, Pepper Chicken","Arabian, North Indian, Seafood, Chinese, Biryani"
5449,"Jackfruit Biryani, Naan, Tomato Soup, Soya Chaap Tikka, Raita, Peri Peri Fries, Kheer","Cafe, North Indian, Chinese, Biryani, Beverages"
5450,"\N","Rolls, BBQ, Kebab"
5451,"Mutton Kosha, Basanti Pulao, Fish Curry, Chicken Biryani","Bengali, North Indian, Chinese"
5452,"Salmon","Asian, Continental, North Indian, Italian"
5453,"Momos, Noodles, Schezwan Rice","Asian"
5454,"Hyderabadi Chicken, Murgh Khurchan, Rajma, Brownie Chocolate, Cabbage Salad, Raita, Chicken Curry","Healthy Food, North Indian, Biryani, Continental, Sandwich, Desserts"
5455,"Chicken Lollipop, Idiyappam, Chicken Biryani, Fried Rice, Roti, Kerala Parotta, Pepper Chicken","North Indian, Mughlai, Chinese"
5456,"Pizza, Garlic Bread, Veg Supreme","Pizza"
5457,"Filter Coffee, Idli, Vada, Masala Dosa, Tea, Pongal, Plain Dosa","South Indian, North Indian, Chinese"
5458,"Butter Chicken, Beer, Vegetable Biryani, Kulfi, Cocktails, Chur Chur Paratha, Keema Pav","Modern Indian"
5459,"Rolls, Whole Meat Shawarma, Chicken Shawarama, Malgoum Shawarma","Arabian"
5460,"Masala Dosa, Naan, Pongal, Grape Juice, Kulcha, Chaat, Rava Dosa","North Indian, South Indian, Chinese, Juices"
5461,"\N","North Indian, South Indian, Chinese, Continental, Arabian"
5462,"Martini, Cocktails, Paneer Tikka","Continental, North Indian"
5463,"\N","Ice Cream, Beverages, Desserts"
5464,"Burgers, Chicken Grill, Faluda, French Fries, Sandwich","North Indian, Chinese, Beverages"
5465,"Lasagne, Chicken Masala, Garlic Bread","Mexican, Italian"
5466,"Dal Pakwan, Rabri, Aloo Tuk, Dal Makhani, Paneer Tikka, Khamiri Roti, Gulab Jamun","North Indian, Sindhi, Seafood"
5467,"Cocktails, Pepper Chicken","Finger Food"
5468,"Thali, Fish Curry, Dal Makhani, Khichda, Chicken Handi","Bengali, Seafood, Oriya, North Indian, Biryani"
5469,"Ginger Tea, Poha, Paratha, Chai, Chaai","Cafe, Tea, Beverages"
5470,"\N","South Indian, Chinese, Kerala"
5471,"Pasta, Burgers, Pizza, Nachos, Exotic Garlic Bread, French Fries, Chocolate Shake","Fast Food, Beverages"
5472,"Chole, Samosa Chaat, Papdi Chaat, Dahipuri, Sev Puri, Chai, Panipuri","Street Food, Mithai"
5473,"Hyderabadi Biryani, Palak Paneer, Veg Thali, Mushroom Biryani, Mutton Biryani","North Indian, Chinese, Biryani, Andhra"
6152,"Thick Shakes, Rasmalai, Milk Shake","Beverages, Desserts, Ice Cream"
6153,"Chicken Guntur, Andhra Meal, Chicken Tikka Masala, Chicken Biryani, Hyderabadi Biryani, Dum Biryani, Lime Soda","North Indian, Chinese, Biryani, Andhra"
6154,"\N","Lebanese"
6155,"Cajun Potato, Pasta, Panneer Butter Masala, Sandwich, Kulcha, Raita, Dal Makhani","North Indian, Continental, Chinese, Italian"
6156,"Kalmi Kebab, Vegetable Biryani, Chilli Chicken, Dum Biryani, Chicken Biryani, Honey Chilli Potatoes, Chicken Tikka","North Indian, Chinese"
6157,"Cocktails, Biryani, Roti, Beer, Chilli Pork, Pizza, Potato Wedges","Continental, North Indian, Chinese, Salad"
6158,"\N","North Indian, Pizza, Asian, Italian"
6159,"Whole Meat Shawarma, Wheat Shawarma, Pita Bread, Malgoum Shawarma, French Fries","Arabian"
6160,"Fish, Egg Tadka, Kachori, Luchi","Bengali, Chinese, North Indian, Seafood"
6161,"Paratha, Lassi, Chaach, Matar Pulao, Buttermilk, Saag, Chole","North Indian"
6162,"\N","BBQ, Chinese"
6163,"Lassi, Liti Chokha, Chicken Keema Paratha, Buttermilk, Raita, Aloo Paratha, Chocolate Paratha","North Indian"
6164,"\N","Chinese, Rolls, Beverages"
6165,"Roast Beef, Chicken Curry, Tea, Pazham Pori, Fish Fry, Beef Fry, Puttu Biryani","South Indian, Kerala, Biryani"
6166,"Chocolate Icecreams, Coffee Craze, Chocolava, Ferrero Rocher, Waffles, Nutella Brownie, Tiramisu","Desserts"
6167,"Sandwiches, Chocolate Sandwich, Potato Twister, Sev Puri, Corn Sandwich, Cheese Sandwich, Panipuri","Fast Food, Street Food"
6168,"Pot Biryani, Raita, Mutton Biryani","Biryani, Kebab, Rolls"
6169,"Chocolate Waffles, Chocolate Overload, Oreo Waffle, Nachos, Belgian Waffles, French Fries","Desserts"
6170,"Poricha Kozhi, Brain Fry, Fry Prawns, Mutton Sukha, Paratha, Dum Biryani, Chicken Sukha","Seafood, Biryani, South Indian, Chettinad"
6171,"Biryani, Andhra Thali, Mutton Fry, Andhra Chilli Chicken, Chicken Kshatriya, Chicken Guntur, Bamboo Chicken","Andhra, Biryani, North Indian, Chinese"
6172,"Lemon Chicken, Vegetable Biryani","Andhra, North Indian, Chinese, Biryani"
6173,"Rolls, Jumbo Shawarma","Fast Food, Beverages, Rolls"
6174,"Chicken Chettinad","South Indian, Andhra, Biryani"
6175,"Chicken Biryani, Mint Lemonade, Falafel, French Fries","Arabian, Mediterranean, North Indian"
6176,"Ulavacharu, Biryani, Bangla Kodi, Rajugari Kodi Pulao, Curd Rice, Gadwal Kodi Pulao, Fish","Andhra, North Indian, Chinese"
6177,"Samosa Soup, Khau Suey, Salads, Khao Suey, Avocado Ice Cream, Mocktails, Salad","Asian, Burmese"
6178,"Fruit Salad, Filter Coffee, Rava Masala Dosa, Tea, Pav Bhaji, Set Dosa, Onion Dosa","South Indian, North Indian, Chinese"
6179,"Burgers, Sandwiches, Peanut Butter Smoothie, Margherita Pizza, Ravioli, Cocktails, Hot Chocolate","American, Cafe, Continental"
6180,"Chicken Biryani, Chicken Grill, Tandoori Chicken, Butter Chicken","North Indian, Chinese"
6181,"Chocolate Waffles, Nutella Waffle, Nachos, French Fries, Blueberry Waffles, Berryblast, Belgian Waffles","Desserts"
6182,"Chicken Kebab, Roast Mutton, Chicken Guntur, Thali, Chicken Biryani, Lemon Chicken, Babycorn Manchurian","Andhra, North Indian, Chinese"
6183,"\N","Continental, Italian, Cafe"
6184,"Masala Dosa, Coffee, Khali Dosa, Idli, Kali Dosa","South Indian"
6185,"\N","North Indian, Hyderabadi, Andhra, Chinese"
6186,"\N","Bengali, Oriya"
6187,"Mocktails, Cocktails, Burgers, Pizza, Tandoori Salmon, Brownie, Tiramisu","Spanish, Italian, Mediterranean"
6188,"Masala Chaach, Roti, Dal Makhani, Panneer Butter Masala, Butter Kulcha, Paneer Tikka Biryani","North Indian, Chinese"
6189,"Burgers, Coffee, Peri Peri Chicken Wings, Beef Burger, Veggie Pizza, Mango Salad, Chicken Burger","Beverages, Italian, Pizza, Burger"
6190,"Burgers, French Fries, Garlic Bread, Sandwiches, Cheesy Juicy Burger, Veg Burger","Fast Food, Burger, Sandwich, Beverages"
6191,"Ghee Rice, Chicken Grill, Butter Chicken, Chicken Tikka Masala, Chicken Curry, Roti, Chicken Kebab","North Indian, Chinese, Mughlai, Seafood"
6192,"English Breakfast, Coffee, Watermelon Feta Salad, Waffles, Salads, Pasta, Hazelnut Cappuccino","Cafe, Italian, Fast Food"
6193,"French Fries","Burger, Fast Food"
6194,"Chaat, Jalebi, Rasgulla, Panipuri, Dhokla, Kullad Chai, Pav Bhaji","North Indian, Street Food"
6195,"Garlic Bread, Chicken Wings, House Pizza","Pizza"
6196,"Burgers, French Fries, Maharaja Chicken Burger, Mc Flurry","Burger, Fast Food"
6197,"Chai, Ice Tea, Maggi, Poha, Chaai, Vada Pav, French Fries","Cafe, Rolls, Fast Food"
6198,"Sea Food, Chicken Kebab, Crab Sukha, Veg Fried Rice","Seafood, Mangalorean"
6199,"Thali, Egg Masala, Paratha, Chole, Roti, Butter Chicken, Paneer Manchurian","North Indian, Chinese, Fast Food"
6200,"Coffee, Cappuccino, Burgers, Garlic Bread, Sandwich","Cafe"
6201,"Cappuccino","Cafe, Fast Food"
6202,"\N","North Indian, Chinese, Continental, Italian"
6203,"Sunday Brunch, Mocktails, Salads, Jumbo Prawns, Biryani, Breakfast Buffet, Appam","North Indian, Continental, Chinese, South Indian"
6204,"Sandwiches, Burgers, Hot Dog, Sandwich, Honey Cake, Pizza, Veg Cheese Burger","Bakery, Fast Food"
6205,"Cocktails, Bruschettas, Peppy Paneer Pizza, Beer, Caramel Custard, Peri Peri Wings, Wood Fire Pizza","Continental, North Indian, Chinese, American"
5474,"Paratha, Butter Chicken, Burgers, Sunday Brunch, Cocktails, Akki Rottis, Pasta","Continental, Asian, South Indian, North Indian"
5475,"Tiramisu Ice Cream, Chocolate Overload, Paneer Tikka Pizza, Hot Chocolate, Chicken Chilli Pizza, Mango Tango, Chocolate Lava","Ice Cream, Pizza, Beverages"
5476,"Brain Fry, Butter Chicken, Chicken Kebab, Chicken Wings, Lunch Buffet, Mutton Biryani, Chicken Grill","North Indian, Mughlai, South Indian, Chinese"
5477,"Paratha","North Indian, Chinese, Fast Food"
5478,"Pongal, Vada, Curd Rice","South Indian, North Indian, Chinese, Street Food, Fast Food"
5479,"Burgers, Hot Wings, Popcorn Chicken","Burger, Fast Food"
5480,"Biryani, Shawarma, Tandoori Chicken, Chicken Grill, Bbq Chicken","Arabian, Kerala, North Indian, Chinese, BBQ"
5481,"Chicken Shashlik, Pasta, Veg Sizzler","Continental, Fast Food"
5482,"Biryani, Fish, Mughlai Paratha","Bengali, North Indian, Chinese, Biryani"
5483,"Paratha, Chicken Butter Masala, Chicken Parantha, Palak Paneer, Hariyali Chicken, Thali","North Indian, Chinese, Fast Food"
5484,"\N","Beverages, Juices, Fast Food"
5485,"Waffles, Hot Chocolate, Coffee, Pancakes, Brownie, Pizza, Sandwiches","Cafe, Bakery, Fast Food, Desserts"
5486,"Sandwich, Burgers","Cafe, Fast Food"
5487,"Sandwiches, Ice Cream Pizza, Vanilla Ice Cream, Chocolate Fudge, Sandwich, Brownie, Chocolate Cake","Ice Cream, Desserts, Beverages, Sandwich"
5488,"Rice, Donne Biryani, Mutton Biryani, Chicken Kebab, Chilli Chicken, Chicken Biryani, Kshatriya Kebab","Biryani"
5489,"Rolls, Momos, Masala Fries, Chicken Tikka Roll, Paratha","Fast Food, Rolls, Momos"
5490,"Sea Food, Pizza, Coffee, Biryani, Chaat, Fish, Pasta","Continental, North Indian"
5491,"Phirni, Panneer Butter Masala, Gulab Jamun, Roti, Murgh Angara, Chicken Biryani, Paneer Angara","North Indian, Fast Food"
5492,"Pancakes, Salsa, Steak, Fries, Burgers, Sandwich, Salted Caramel","Salad, Cafe, Continental, Steak, Italian, Burger, Desserts, Pizza"
5493,"Chaat, Jalebi, Rasgulla, Panipuri, Dhokla, Kullad Chai, Paratha","North Indian, Street Food, Chinese"
5494,"Sea Food, Jumbo Vanjiram, Chicken Biryani, Mutton Biryani, Naan, Paratha, Chicken Chettinad","Chettinad, Biryani, South Indian, Seafood"
5495,"Pizza, Nachos, Garlic Maggi, Burgers, Cheese Maggi, Cottage Cheese Sandwich, Bruschetta Bites","Cafe, Beverages"
5496,"Dragon Chicken, Mutton Biryani, Mocktails, Dal Makhani, Rumali Roti, Butter Naan, Paneer Tikka","North Indian, Chinese, Continental"
5497,"Burrito Bowl, Tacos, Salad, Salads, Steak, Lemonade, Fish","Mexican"
5498,"Rice, Hyderabadi Chicken Biryani, Raita, Vegetable Biryani","Biryani"
5499,"Garlic Bread, Tex Mex Pizza, Pepperoni Pizza, Chicken Wings","Pizza"
5500,"Biryani","Biryani, Kebab"
5501,"Podi Dosa, Vada, Pongal, Ghee Dosa, Masala Dosa, Coffee","South Indian"
5502,"\N","Arabian, Lebanese, Chinese"
5503,"\N","Burger, Desserts"
5504,"\N","Bar Food"
5505,"Noodles, Dragon Rolls, Momos, Garlic Chicken, Pork Ribs","Chinese, Momos"
5506,"\N","Desserts, Drinks Only"
5507,"French Fries, Chicken Roll, Sandwich, Falafel Roll, Charcoal Shawarma, Chicken Fries, Brosted Chicken","Fast Food, Juices"
5508,"Badam Milk, Chaat, Sev Puri, Gol Gappe","Mithai, Street Food"
5509,"Ghee Rice, Chicken Grill, Butter Chicken","North Indian, Chinese, South Indian"
5510,"\N","Vietnamese"
5511,"Pizza, Garlic Bread, Chocolava","Pizza, Fast Food"
5512,"Chicken Grill, Grape Juice, Tandoori Chicken, Shawarma Roll, Wings, Rolls, Chicken Curry","North Indian, Kebab, Fast Food"
5513,"Vegetable Biryani, Hyderabadi Biryani, Chicken Dum Biryani, Raita, Chicken Boneless Biryani, Mutton Biryani, Paneer Biryani","Mughlai, Biryani, North Indian"
5514,"Cocktails, Bruschettas, Peppy Paneer Pizza, Beer, Sea Food, Caramel Custard, Peri Peri Wings","Continental, North Indian, Chinese, American"
5515,"Mocktails, Salad, Coffee, Pizza, Meat Balls, Nachos, Hot Chocolate","Cafe, Continental, Beverages"
5516,"Noodles, Mushroom Ramen","Japanese, Chinese, Thai"
5517,"Paratha, Paneer Sizzler, Pizza, Thick Shakes, White Sauce Pasta, Mexican Rice, Chinese Sizzlers","Continental, Cafe, Italian, North Indian"
5518,"Chicken Grill, Biryani, Ghee Rice, Paratha","Chinese, North Indian"
5519,"Neer Dosa, Filter Coffee, Button Idli, Benne Masala Dosa, Puri Saagu, Badam Halwa, Vada","South Indian, North Indian, Chinese"
5520,"Chilli Paneer, Manchurian, Aloo Paratha, Dahipuri","North Indian"
5521,"Masala Dosa","North Indian, South Indian, Chinese"
5522,"\N","South Indian, Chinese, Beverages"
5523,"Paneer Tikka, Kulcha","North Indian, Chinese"
5524,"Mutton Biryani, Fish Biryani, Paneer Biryani, Egg Biryani, Vegetable Biryani, Raita, Hyderabadi Biryani","Biryani, North Indian, Chinese"
5525,"Burgers, Fries, Coffee, Mojito, Prawn, American Cheese Burger, Mocktails","Cafe, Burger, Fast Food"
5526,"Filter Coffee, Vada","South Indian, Street Food"
5527,"Kiwi Juice, Papdi Chaat, Kheer, Veg Buffet, Roti, Pasta, Gulab Jamun","North Indian, South Indian"
5528,"Pizza, Masala Garlic Bread, Nachos","Pizza, Italian"
5529,"Pork Pepper Fry, Mutton Chops, Mutton Biryani, Chicken Fry, Garlic Chicken, Akki Rottis, Pepper Chicken","South Indian, North Indian, Chinese"
5530,"Murgh Ghee Roast, Pasta, Buffalo Wings, Dragon Chicken, Pizza, Mocktails, Fish","North Indian, Chinese, Fast Food"
5531,"Appam, Kerala Parotta, Sea Food, Idiyappam, Chicken Chettinad, Dum Biryani, Egg Curry","Kerala, Biryani, South Indian, North Indian, Chinese, Seafood, Juices"
5532,"\N","Chinese, Rolls, Fast Food"
5533,"Faluda, Mango Lassi, Fruit Lassi, Sweet Lassi","Beverages, Juices, Ice Cream"
5534,"Poha, Bun Maskas, Ginger Chai, Sabudana Khichdi, Vada Pav, Paneer Akuri, Tea","Street Food, Fast Food"
5535,"Fish, Chicken Curry, Paneer Biryani, Basmati Rice, Baby Corn Masala","Biryani, Andhra, North Indian, Chinese"
5536,"Pho, Pad Thai, Jasmine Tea, Chocolate Shake, Spring Roll, Thai Green Curry, Momos","Chinese, Vietnamese, Momos, Thai"
5537,"Pizza, Tiramisu, Pasta, Lobster, Risotto, Panna Cotta, Salad","Italian"
5538,"Butter Chicken, Salads, Dal Makhani, Paratha, Vada, Brownie Chocolate, Chole","North Indian, Continental"
5539,"\N","Sandwich, Fast Food, Pizza"
5540,"Shawarma, Appam, Tea, Chai, Thalassery Biryani, Vegetable Stew, Chicken Grill","Seafood, Biryani, South Indian, North Indian, Chinese, Arabian, Kebab, Kerala"
5541,"Filter Coffee, Blueberry Muffin, Hot Coffee, Brownie, Cappuccino","Cafe"
5542,"Paratha, Thali","North Indian, Chinese, Street Food, Sandwich"
5543,"Tempura Prawns, Cocktails, Noodles, Masala Peanuts, Sangria, Wine, Pasta","Asian, Continental, European"
5544,"Ramen, Sushi Platter, Sushi Bar, Pork Dumplings, Maki Roll, Japanese Green Tea, Thai Red Curry","Sushi, Japanese, Chinese, Thai"
5545,"Noodles, Andhra Meal","Andhra, North Indian, Chinese, Biryani"
5546,"\N","Street Food, North Indian, Fast Food"
5547,"Thali, Idli, Neer Dosa","South Indian, Mangalorean"
5548,"Virgin Colada, Naan, Biryani, Raita, Tomato Basil Soup, Babycorn Manchurian, Cheese Kurkuri","North Indian, Chinese, Italian"
5549,"Pasta, Sandwiches, Chicken Jumbo Burger, Burgers, Lime Soda Sweet, Sandwich, Fried Cheese","Fast Food"
5550,"Filter Coffee, Mysore Masala Dosa, Buttermilk, Idli, Rava Dosa, Neer Dosa, Thali","South Indian, North Indian, Chinese, Street Food"
5551,"Pizza, Thick Shakes","Continental, Sandwich, Burger, Italian, Salad, Pizza"
285,"Prompt Service","Italian, North Indian, South Indian, Chinese"
286,"Pizza, Hyderabadi Chicken Biryani, Chicken Tikka Biryani","Italian, Biryani, Fast Food, North Indian, Rolls"
287,"Tea, Chai, Nachos, Poha, Veg Sandwich, Bombay Sandwich, Maggi","Cafe, Street Food"
288,"Churros, Tacos, Nachos, Salad, Burrito Bowl, Enchiladas, Hot Chocolate","Mexican"
289,"Cocktails, Paneer Tikka, Corn Paratha, Mocktails, Pesto Pasta, Wheat Beer, Misal Pav","North Indian, Continental, Finger Food, American, Asian"
290,"\N","Kerala, Biryani, Chinese, North Indian"
291,"Idli, Filter Coffee, Vada Curry, Podi Dosa, Sweet Pongal","South Indian, Chinese"
292,"Chicken Kolhapuri, Biryani","North Indian, Chinese, Mughlai"
293,"Garlic Bread, Pizza, Burgers, Salad, Chicken Burger, Baked Chicken, Potato Wedges","Fast Food, Italian, Pizza"
294,"Chocolate Momos, Fried Momo","Tibetan, Momos"
295,"\N","North Indian, Chinese, Arabian, Momos"
296,"Biryani, Andhra Meal","Andhra, South Indian, Chinese, North Indian"
297,"Rolls, Tandoori Chicken, Paratha","Chinese, Fast Food"
298,"Chaat, Rasmalai, Samosa, Pav Bhaji, Raj Kachori","South Indian, Street Food, Beverages"
299,"Chicken Boneless Biryani, Chicken Kebab, Nati Biryani","North Indian"
300,"Brinjal Curry, Butter Chicken, Bucket Biryani","Biryani, North Indian, Chinese"
301,"Spring Roll, Sushi, Noodles, Rolls, Wine, Fish, Sea Food","Japanese, Asian"
302,"Idli, Plain Dosa","South Indian"
303,"Beer, Pasta, Pepper Chicken, Cocktails, Onion Rings, Mocktails, Supreme Pizza","Continental, North Indian, Chinese"
304,"Panipuri, Chaat, Gol Gappe, Thali, Rasgulla, Dhokla, Raj Kachori","North Indian, Street Food, Mithai"
305,"Malai Kulfi, Kulfi Faluda, Panipuri, Anjeer Kulfi, Chaat, Matka Kulfi, Mango Kulfi","Ice Cream, Desserts"
306,"Rolls, Chicken Grill","North Indian, Chinese, Kebab"
307,"Non Veg Thali, Faluda, Chicken Kolhapuri, Paneer Tikka, Chicken Keema, Biryani, Paratha","North Indian, Mughlai, Biryani, South Indian, Beverages"
308,"Pizza, Pasta, Sandwiches, Burgers, Nachos, Meatballs, Mocktails","Continental, Italian, Mexican, Asian"
309,"Latte, Sandwich, Falafel, Pasta, Pizza, Choco Brownie Shake, Waffles","Cafe, Continental, Beverages, Desserts"
310,"Chicken Butter Masala, Donne Biryani","North Indian, Chinese, Biryani"
311,"Rolls, Sabudana Vada, Chicken Wrap, Meatballs, Chicken Overload, Biryani, Veggie Wrap","North Indian, Biryani, Fast Food"
312,"\N","South Indian, North Indian, Arabian, Continental"
313,"Rolls, Chicken Wrap, Paratha, Veggie Wrap, Cheesy Chicken, Paneer Wrap","North Indian, Biryani, Fast Food"
456,"Chicken Biryani, Mutton Biryani, Andhra Meal, Mutton Fry, Fry Prawns, Fish Fry, Chilli Chicken","Andhra, Biryani"
457,"Chaat, Thali, Chole Bhature, Dahipuri, Raita, Raj Kachori, Lassi","North Indian, Continental, Street Food"
458,"Rolls, Chicken Wrap, Chicken Roll, Veggie Wrap, Chocolate Fantasy, Paneer Wrap","North Indian, Biryani, Fast Food"
459,"Hyderabadi Style Biryani, Pot Biryani, Andhra Style Biryani, Buttermilk, Guntur Chicken Biryani, Chicken Vepudu, Vegetable Biryani","Andhra, Biryani, Chinese, North Indian"
460,"\N","South Indian, Mangalorean, Chinese"
461,"Rolls, Veggie Wrap, Chicken Wrap, Kheer","North Indian, Biryani, Fast Food"
462,"Pasta, Sandwich, Salad","Continental, Healthy Food"
463,"Shawarma","Rolls, Fast Food, Biryani"
464,"Pizza, Sandwiches, Burgers, Nachos, Meatballs, Pasta Carbonara, Mocktails","Continental, Italian, Mexican, Asian"
465,"Masala Dosa, Coffee, Tea, Vada, Idli, Chaat, Pongal","South Indian, North Indian, Chinese, Street Food, Fast Food"
466,"Chicken Wrap, Veggie Wrap, Rolls","North Indian, Biryani, Fast Food"
467,"\N","South Indian, Andhra, Chinese, North Indian"
468,"Waffles, Oreo Shake, Banana Nutella Crepe","Desserts, Beverages"
469,"Masala Poori, Dahipuri, Panipuri, Sev Puri, Vada Pav","Street Food"
470,"Beer, Pizza, Mocktails, Pasta, Cocktails, Rasmalai, Brownie","Continental, North Indian, Pizza, BBQ"
471,"Chaat, Chole Bhature, Lassi, Paratha, Chhole Bhature, Panipuri, Raj Kachori","North Indian, Street Food"
472,"\N","Rolls, North Indian"
473,"Chicken Biryani","North Indian, Chinese, Biryani, Seafood"
474,"Momos, Kimchi, Veg Hakka Noodles, Dumplings, Vanilla Ice Cream, Spring Roll, Pan Fried Noodles","Chinese, Momos"
475,"Rice Bowl, Nachos, California Burrito, Rice Bowls, Chicken Quesadilla, Bbq Chicken, Pink Lemonade","Mexican, Fast Food"
476,"Rolls, Chicken Tikka Roll, Egg Roll, Veggie Roll","Fast Food, Rolls"
477,"\N","Beverages, Burger"
478,"Wood Fire Pizza, Cocktails, Ferrero Rocher Shake, Falafel, Peri Peri Chicken, Pasta, Mocktails","Continental, North Indian, Mughlai"
479,"Jumbo Prawns, Lunch Buffet, Veg Hakka Noodles, Crispy Corn, Fried Fish, Crackling Spinach, Brownie","Chinese"
480,"Biryani, Shawarma, Ghee Rice, Chicken Grill, Sulemani Chai, Chicken Manchurian, Methi Murg","North Indian, Chinese, Biryani, Kebab, Juices"
481,"Coffee, Masala Dosa, Idli, Vada, Thali","South Indian, North Indian, Chinese, Street Food"
482,"Churros, Cannelloni, Minestrone Soup, Hot Chocolate, Pizza, Pink Sauce Pasta, Salsa","Cafe, Mexican, Italian"
483,"Sushi, Seaweed Salad, Sea Food, Sashimi, Set Menu, Fish, Sake","Japanese"
700,"Vada, Masala Idli, Benne Khali Dosa, Benne Masala Dosa, Set Dosa, Filter Coffee","South Indian"
701,"Upma, Filter Coffee, Sagu Masala Dosa, Badam Halwa, Rava Idli, Hot Coffee, Kesari Bath","South Indian"
702,"Chicken Biryani, Masala Prawn, Hyderabadi Biryani, Tandoori Chicken, Kalmi Kebab, Chicken Guntur, Mutton Biryani","Biryani, North Indian, Chinese, Seafood"
703,"Blueberry Waffles, Nutella Waffle, Hot Chocolate, Thick Shakes, Coffee, Oreo Shake, Kit Kat Shake","Desserts, Beverages"
704,"\N","Chinese, North Indian, Biryani, Rolls"
705,"Pasta, Wedges, Pizza, Nachos, Mocktails, Peri Peri Fish, Thick Shakes","Cafe, Continental, Italian, Burger"
706,"Hyderabadi Biryani, Chicken Biryani, Vegetable Biryani","Biryani, Andhra, North Indian"
707,"Pizza, Pasta, Mozzarella Sticks, Mocktails, Fries, Tiramisu, Salad","Pizza, Italian, Continental, Desserts"
708,"Chaat, Bombay Bhel, Pav Bhaji, Ragda Pattis","South Indian, Chinese, North Indian"
709,"Hyderabadi Biryani, Dum Biryani, Chicken Biryani","Hyderabadi, Biryani"
710,"Chicken Grill, Biryani, Roti, Shawarma, Kulcha, Fried Rice, Tandoori Chicken","North Indian, Chinese, Arabian, Kebab"
711,"Idli, Filter Coffee, Vada Curry, Podi Dosa, Sweet Pongal","South Indian, Chinese, North Indian"
712,"Masala Dosa, Naan, Vada, Pongal, Grape Juice, Coffee, Kulcha","North Indian, South Indian, Chinese, Juices"
713,"Vada, Idli, Coffee, Masala Dosa","South Indian"
714,"Fries, Sea Food, Beer Batter Fish, Salad, Clear Soup, Pasta, Mustard Fish","Continental, Seafood, Bengali, Fast Food"
715,"Sandwiches, Poha, Fruit Parfait, Pasta","Healthy Food, Sandwich"
716,"Masala Lassi, Paneer Tikka Masala, Jeera Rice, Dal Makhani, Butter Chicken, Matar Paneer, Chicken Irani","North Indian"
717,"Cheesecake, Chocolate Decadence, Pancakes","Bakery, Desserts"
718,"Cocktails, Panna Cotta, Lamb Pizza, Pita Bread","Mediterranean"
719,"Cappuccino, Coffee, Hot Chocolate, Mango Waffles, Nutella Waffle, Belgium Waffles, Chocolate Waffles","Desserts"
720,"Badam Milk, Kulfi, Rasmalai, Rasgulla","Mithai, Street Food"
721,"Sushi, Mocktails, Maki Roll, Dynamite Roll, Scallops, Set Menu, Tempura Prawns","Asian, Chinese, Japanese, BBQ"
722,"Chicken Tikka, Chicken Biryani, Roti, Naan, Panneer Butter Masala","Biryani, North Indian, Chinese"
723,"\N","North Indian, Chinese, Bengali, Fast Food"
724,"Murgh Platter, Dessert Platter, Chicken Sizzler, Tiramisu, Lobster, Mocktails, Vegetable Biryani","North Indian"
725,"Thali, Salad, Palak Paneer, Chicken Curry, Butter Chicken, Buttermilk, Shahi Paneer","North Indian"
726,"Oreo Waffle, Nachos, Coffee, Chocolate Waffles, Nutella Waffle, Salsa, Belgian Waffles","Desserts"
727,"Biryani, Andhra Thali, Bamboo Chicken, Mutton Fry, Chicken Kshatriya, Chicken Guntur, Andhra Chilli Chicken","Andhra, Biryani, North Indian, Chinese"
728,"Raita, Dum Biryani, Chicken Kebab Biryani","Biryani, Andhra"
729,"Biryani, Fried Rice, Tawa Roti","North Indian, Chinese"
730,"\N","North Indian, South Indian, Biryani, Fast Food"
731,"Vada, Lime Soda, Thali, Masala Dosa","South Indian, North Indian, Fast Food, Chinese"
1302,"Chicken Grill, Roti","North Indian, Chinese, South Indian, Juices"
1303,"Brownie, Hot Chocolate Fudge, Kesar Kulfi, Chocolate Icecreams","Ice Cream, Desserts, Beverages, Sandwich"
1304,"Khara Bun, Mousse, Rich Chocolate Cake, Veg Puff, Chocolate Truffle, Banana Walnut Cake, Fruit Cake","Bakery, Desserts"
1305,"Biryani, Pepper Chicken, Raita, Buttermilk","Biryani, Chinese, North Indian, South Indian"
1306,"Ferrero Rocher, Belgian Chocolate, Milk Shake, Cake Jar, Chocolate Hazelnut, Thick Shakes, Lychee Delight","Beverages, Desserts, Ice Cream"
1307,"Rice Bowl, Salads, Pasta, Burgers, Pancakes, Nachos, Salad","Healthy Food, Continental, Juices, Salad, Burger, Beverages, Desserts"
1308,"Rice Bowl, Salads, Burgers, Nachos, Salad, Prawn, Chocolate Pancakes","Healthy Food, Continental, Juices, Salad, Burger, Beverages, Desserts"
1309,"\N","Andhra, North Indian, Chinese, South Indian"
1310,"Pasta, Garlic Bread, Tandoori Paneer, Pane Pizza, Potato Wedges, Chicken Pizza, Chocolate Fudge","Pizza, Fast Food"
1311,"Boneless Biryani, Andhra Thali, Chicken Guntur","Biryani, North Indian"
1312,"Burgers, Maharaja Burger, Mc Chicken, French Fries, Mc Veggie Burger","Burger, Fast Food"
1313,"Roti, Paratha, Tandoori Chicken, Egg Noodles","Kerala, Seafood, South Indian, Chinese, North Indian, Charcoal Chicken, Beverages"
1314,"Sandwiches, Sandwich, Bun Nippat Cheese","Fast Food, Pizza, Sandwich"
1315,"Pizza, Chocolava","Pizza"
1316,"Tandoori Chicken, Mutton Biryani, Butter Chicken","Arabian, North Indian, Biryani, Chinese, Seafood"
1317,"\N","Kerala, Seafood"
1318,"Beef Biryani, Beef Fry, Beef Curry, Roast Beef, Masala Prawn, Fish, Kerala Parotta","South Indian, Biryani, North Indian"
1319,"Panner Tikka, Kulfi, Coffee, Pav Bhaji, Carrot Halwa, Fried Rice, Set Dosa","South Indian, North Indian, Chinese"
1320,"English Breakfast, Waffles, Pasta, Chicken Lasagne, Thukpa, Momos, Watermelon Juice","Cafe, Continental, Fast Food"
1321,"Garlic Bread, Pasta","Pizza, Fast Food"
1322,"Coffee, Jeera Rice, Masala Dosa, Set Dosa, Neer Dosa","South Indian"
1323,"Coffee, Potato Wedges, Tea","Cafe"
1324,"Salads, Chicken Sandwich, Sandwiches, Spaghetti, Arugula Salad, Cheesecake, Cheese Chilli Toast","Cafe, Healthy Food, Salad, Beverages, Desserts"
1325,"Hazelnut Cappuccino, Pancakes, Nutella Shake, Chocolate Icecreams, Butter Chicken, Hibiscus Tea","Desserts, Fast Food"
1326,"\N","Chinese, North Indian, South Indian, Biryani, Andhra"
1327,"Momos, Beer, Biryani, Cocktails","North Indian, South Indian, Chinese, Continental"
1328,"English Breakfast, Healthy Breakfast, Waffles, Chicken Sandwich, Pancakes, Eggs Benedict, Pork Sausage","Cafe, Continental"
1329,"Pizza, Bruschettas","Pizza"
1330,"Cocktails, Pasta, Pizza","North Indian, Chinese, Continental"
1389,"\N","Mithai, Gujarati"
1390,"\N","North Indian, Fast Food, Desserts, Beverages"
1391,"Tom Yum Soup, Dumplings, Ramen, Sushi, Thai Green Curry, Khau Suey, Cheesecake","Asian, Japanese, Korean, Indonesian, Malaysian, Singaporean"
1392,"Guntur Chicken Biryani, Thali, Andhra Chilli Chicken, Raita, Kothu Paratha, Coconut Mousse, Appam","South Indian, Kerala, Andhra, Biryani, Chettinad, Konkan, Mangalorean"
1393,"Cocktails, Gulab Jamun, Spring Roll, Egg Pakora, Biryani, Veg Nachos, Buffalo Wings","Chinese, Continental, North Indian, Finger Food"
1394,"Mutton Biryani, Nalli Nihari, Patthar Ka Gosht, Phirni, Fry Prawns, Lamb Chops, Paya Soup","Mughlai, Biryani"
1395,"Lassi, Faluda, Kulfi","Beverages, Juices, Ice Cream, Fast Food"
1396,"\N","Andhra, Biryani, South Indian"
1397,"Chocolate Overdose, Death By Chocolate, Chocolate Icecreams, Brownie, Coffee, Hot Chocolate Fudge, Red Velvet","Desserts, Ice Cream, Beverages"
1398,"Biryani","Biryani"
1399,"\N","North Indian, Bengali, Chinese, Beverages"
1400,"Biryani, Chicken Guntur","Andhra, North Indian, Biryani, Beverages"
1401,"French Fries, Burgers","Pizza, Sandwich, Burger, Fast Food"
1402,"\N","South Indian, Bakery, Chinese"
1403,"\N","North Indian, South Indian, Fast Food, Chinese, Italian"
1404,"Rice Bowl, Nachos, Rice Bowls, Salad, California Burrito, Tacos, Salads","Mexican, Fast Food"
1405,"Brownie, Noodles","Healthy Food, North Indian, Biryani, Continental, Sandwich, Desserts"
1406,"Chocolate Cookies, Mexican Patty","Salad, Fast Food"
1407,"Mocktails, Cocktails, Beer, Hot Wings, Pasta","Chinese, Continental, Burger, Pizza"
1408,"Coffee, Mutton Steak, Veg Burger, Plum Cake, Ginger Tea","Cafe, Italian, Continental, European"
1409,"Biryani, Kerala Parotta, Chilli Chicken, Paratha, Roti","North Indian, Mughlai, Chinese"
1410,"Salads, Burgers, Sandwiches, Pizza, Pasta, Fish, Salad","Asian, Continental, Mediterranean, Salad, American, Biryani"
1411,"Deep Dish Pizza, Mocktails, Onion Rings, Thin Crust Pizza, Pasta, Burgers, Chicken Tenders","American"
1412,"Chicken Biryani, Hyderabadi Biryani, Dum Biryani","North Indian, Chinese"
1413,"Ginger Tea, Poha, Banana Cake, Lemon Chai, Samosa, Masala Tea, Ginger Chai","Fast Food, Beverages"
1551,"Tea, Tomato Rice, Vada, Pongal, Filter Coffee, Idli, Biryani","Coffee, South Indian"
1552,"Vegetable Biryani, Dal Makhani, Matar Methi Malai, Pasta, Rasmalai, Gulab Jamun, Dal Tadka","Continental, Italian, North Indian, Chinese"
1553,"Rolls, Momos, Paratha, Chaap","North Indian, Chinese, Fast Food"
1554,"Pasta, Tiramisu, Cheesy Pizza","Italian"
1555,"Sea Food, Chicken Dosa, Jeera Rice, Non Veg Thali, Chilli Chicken, Butter Chicken, Tandoori Chicken","North Indian, Mughlai, South Indian, Chinese"
1556,"Mutton Roganjosh, Mutton Keema, Mutton Curry, Macaroon, Paan Ice Cream, Sea Food, Biryani","European, Mediterranean, North Indian, BBQ"
1557,"\N","North Indian, Chinese, American, Italian, Fast Food"
1558,"Pizza, Garlic Bread, Pasta, Chocolava Cake, Chicken Fiesta","Pizza, Fast Food"
1559,"Paratha, Matka Lassi, Rabri, Puri Sabzi, Masala Soda, Chaach, Veg Kolhapuri","North Indian"
1560,"\N","Mughlai, Biryani, Chinese, North Indian"
1561,"Fish, Burgers, Omelette, Pasta, Salads, Dal Makhani, Breakfast Buffet","North Indian, Continental, South Indian"
1562,"Masala Chaach, Vegetable Biryani, Paratha, Thali, Buttermilk, Sweet Lassi, Paneer Parantha","North Indian"
1563,"Garlic Bread, Tex Mex, Chicken Tikka Pizza, Chicken Keema Pizza, Pepperoni, Spicy Paneer","Pizza"
1564,"Fish Curry","North Indian, Fast Food, South Indian"
1565,"\N","Desserts, Fast Food, Beverages"
1566,"Hot Chocolate Fudge, Mango Sorbet, Brownie Fudge","Ice Cream, Desserts, Beverages, Sandwich"
1567,"Panneer Butter Masala, Lassi, Paratha, Jeera Rice, Paneer Parantha, Bhindi Fry, Veg Kolhapuri","North Indian"
1568,"\N","Chinese, Continental, Italian, North Indian"
1569,"\N","Continental, Sandwich, Burger, Italian, Salad, Pizza"
1570,"Masala Dosa, Chole Bhature, Coffee","South Indian, Street Food"
1571,"Barbeque Chicken Pizza, Paneer Pizza, Burgers, Crispy Chicken, Aglio Olio Pasta, Chicken Wings, English Breakfast","Cafe, Italian, Continental"
1572,"Coffee, Kerala Parotta, Thalassery Dum Biriyani, Appam, Noodles, Malabari Biryani, Thalassery Chicken Curry","Kerala, Biryani, South Indian, North Indian, Chinese, Arabian, Beverages"
1573,"Butter Chicken, Chaach, Paratha, Tandoori Chicken, Biryani, Dal Makhani, Kulcha","North Indian"
1574,"Cappuccino, Sandwich","Cafe"
1575,"Zinger Burger, Burgers, Popcorn Chicken","Burger, Fast Food"
1576,"Fruit Cake, Chocolate Cake, Egg Puff","Bakery"
1577,"\N","Cafe, Continental, Sandwich"
1578,"Rasgulla, Rasmalai, Mishti Doi","Mithai, Street Food"
1788,"Lassi, Cheese Balls, Paneer Pakora, Chaach, Buttermilk, Thali, Masala Fries","North Indian"
1789,"Faluda, Rabri, Malai Kulfi","Ice Cream"
1790,"Coffee, Burgers, Cappuccino, Latte, Smoked Chicken Sandwich","Cafe, Fast Food"
1791,"Noodles, Dragon Chicken, Kung Pao Chicken, Dragon Rolls, Chicken Lollipop, Prawn, Clear Soup","Chinese, Thai"
1792,"\N","Biryani, Fast Food, Cafe, Coffee, Rolls, Wraps"
1793,"Noodles, Chicken Wings, Chop Suey, Chilli Chicken, Honey Chilli Wings, Spring Chicken","Chinese"
1794,"Watermelon Feta Salad, Craft Beer, Mutton Biryani, Blueberry Cheesecake, Bbq Pizza, Cocktails, Shitake Mushrooms","Continental, North Indian, Chinese, Pizza, Thai"
1795,"Hyderabadi Biryani, Chicken 65","Biryani, Hyderabadi, Chinese"
1796,"Coconut Payassam, Boneless Chicken, Seafood Soup, Fish, Filter Kaapi, Appam, Tender Coconut Payasam","Chettinad, Andhra, Kerala"
1797,"Burgers, Chicken Burger, Chips, Veg Burger","Fast Food, Burger"
1798,"Gulab Jamun, Chicken Biryani, Raita, Buttermilk, Haleem, Gosht Dum Biryani","Biryani"
1799,"Chole Bhature, Sweet Lassi, Papdi Chaat, Dahi Bhalle, Pav Bhaji, Thali","North Indian, Street Food"
1800,"Sandwiches, Hot Chocolate Fudge, Strawberry Milkshake","Ice Cream, Desserts, Beverages, Sandwich"
1801,"Chole, Chaat, Gulab Jamun, Dahipuri, Sev Puri, Bhel Puri, Pakoda","North Indian, Street Food"
1802,"Chocolate Sundae, Gelato Ice Cream, Chocolate Truffle, Coffee, Cheesecake","Ice Cream, Desserts"
1803,"Tomato Soup, Salad, Pizza, Fries, Brownie Shake, Pasta, Chicken Bbq Wings","Cafe, North Indian, Pizza, Sandwich, Salad"
1804,"\N","French"
1805,"Paratha, Chicken Thali, Kheer, Veg Dum Biryani, Raita, Chole, Chicken Curry","North Indian"
1806,"\N","Tamil, South Indian, North Indian, Chinese"
1807,"Panner Tikka, Chicken Biryani, Gajar Ka Halwa, Thali, Lunch Buffet, Raita, Tandoori Aloo","North Indian, Chinese, Continental"
1808,"Garlic Bread, Salad, Salads, Pita Bread, Lamb Chops, Sea Food, Chicken Wings","Mediterranean, Continental, Italian, Salad"
1809,"Brownie Chocolate, Donut","Bakery"
1810,"Chocolate Fudge, Chocolate Shake, Bubble Gum Shake, Hot Chocolate, Belgian Waffles, Mango Milkshake","Beverages, Ice Cream, Desserts"
1811,"Filter Coffee, Chaat, Pav Bhaji, Ghee Pongal, Masala Dosa, Vada, Rava Dosa","South Indian, North Indian, Chinese, Street Food, Fast Food"
1812,"Rolls, Paneer Roll, Chicken Egg Roll, Double Egg Roll","Street Food"
1813,"Dal Fry, Ghee Rice","Chinese, North Indian"
1814,"Hyderabadi Biryani, Rumali Roti, Raita","Biryani, Kebab, Rolls, Mughlai"
1949,"Sandwiches, Chocolava, Salads, Rajma, Halwa, Biryani, Chicken Curry","North Indian, Mughlai, Fast Food"
1950,"Shawarma, Chicken Grill, Faluda","North Indian, Chinese, Arabian, Rolls, Juices"
1951,"\N","South Indian, Chinese, North Indian, Biryani, Kebab, Andhra"
1952,"Sea Food, Andhra Meal, Mutton Biryani, Mutton Chops, Noodles, Brownie, Tandoori Chicken","Andhra, North Indian, Chinese"
1953,"Benne Dosa, Chaat, Idli Vada, Biryani, Filter Coffee, Cheese Masala Dosa, Paper Plain Dosa","South Indian, North Indian, Chinese, Beverages"
1954,"Rabri, Shahi Tukda, Paratha, Fruit Custard, Kheer, Malpua, Wings","North Indian, Chinese, Biryani"
1955,"Ginger Tea, Banana Cake, Green Tea, Veg Puff, Lemon Tea, Ice Tea","Beverages, Fast Food"
1956,"Salads, Salad, Sandwich, Chicken Ham, Roast Chicken Sub","Healthy Food, Sandwich, Salad"
1957,"Brownie, Paneer Manchurian, Filter Coffee, Chocolate Sizzler, Nachos, Panneer Butter Masala, Masala Papad","South Indian, North Indian, Chinese"
1958,"Masala Vada Pav","Street Food"
1959,"\N","Biryani, Andhra, Hyderabadi, North Indian"
1960,"\N","Chinese, Street Food, Ice Cream"
1961,"Chicken Curry, Chicken Biryani, Jeera Rice, Paneer Biryani, Ghee Rice, Roti, Aloo Matar","Biryani, North Indian, South Indian"
1962,"Rasgulla, Mishti Doi, Samosa, Gulab Jamun, Indian Sweets, Malai Roll","Street Food, Mithai"
1963,"Badam Halwa, Butter Masala Dosa, Filter Coffee, Neer Dosa, Pasta, Tea, Biryani","South Indian, North Indian, Street Food"
1964,"Pasta, Creme Brulee, Tiramisu, Bbq Chicken Pizza, Steak, Salads, Wine","Continental, Italian, Mediterranean, Salad"
1965,"Mysore Pak, Cocktails, Burgers, Pork Ribs, Fish, Mocktails, Churros","American, European"
1966,"Burgers, Hot Dog, Mint Mojito, French Fries, Bbq Burger, Lime Mojito, Grilled Burger","Cafe, Burger, Beverages"
1967,"Salads, Chicken Ceaser Salad, Sandwiches, Burrito Bowl, Shawarma, Sandwich","Beverages, Fast Food"
1968,"Thali, Paratha","Mithai, Street Food"
1969,"Panneer Butter Masala, Lassi, Paratha, Jeera Rice, Paneer Parantha, Veg Kolhapuri, Bhindi Fry","North Indian"
1970,"Filter Coffee, Rava Dosa, Panneer Butter Masala, Tea, Masala Dosa, Idli, Thali","South Indian, North Indian, Chinese, Beverages"
1971,"Salads, Chicken Curry, Pasta, Lime Soda Sweet, Lunch Buffet, Cheesecake, Rara Meat","Continental, North Indian"
1972,"\N","Andhra, South Indian, North Indian, Biryani"
1973,"Biryani, Rice","Biryani"
1974,"Cocktails, Fish, Roast Pork, Appam, Mocktails, Stuffed Mushroom, Pizza","Goan, Mangalorean"
1975,"\N","North Indian, Chinese, Continental, Italian, South Indian"
1976,"\N","Biryani, Kebab, South Indian"
6206,"Butter Naan, Buttermilk, Jowar Roti, Panneer Butter Masala","South Indian, North Indian, Chinese"
6207,"Thalassery Biryani, Chicken Fry, Chicken Biryani","Biryani, South Indian"
6208,"Chicken Sandwich","Cafe, Beverages, Continental, North Indian, Chinese"
6209,"\N","South Indian, Biryani"
6210,"Pasta, Tandoori Roti, Brownie","Biryani, North Indian, Italian, Chinese, Sandwich, Desserts"
6211,"Pasta, Lunch Buffet, Pizza, Noodles, Draught Beer","Chinese, Italian, North Indian"
6212,"\N","South Indian, Chinese"
6213,"\N","Hyderabadi, North Indian, Biryani"
6214,"\N","North Indian, Chinese, Biryani"
6215,"Sattu Paratha, Pasta, Idli, Salads, Thali, Khichda, Masala Dosa","North Indian, Salad, Healthy Food"
6216,"\N","Cafe"
6217,"\N","Chinese, Thai"
6218,"\N","Cafe, Fast Food, Pizza, Burger"
6219,"\N","Fast Food, Momos"
6220,"Noodles, Kung Pao Vegetables, Sweet Corn Soup, Chowmein, Prawn","Chinese, Thai, Momos, Vietnamese"
6221,"\N","Street Food, Rolls"
6222,"\N","Continental, Thai, North Indian"
6223,"Chocolate Overload, Burgers, Pasta, Peri Peri Chicken Pizza, Peri Peri Chicken Burger, Momos, Freak Shake","Cafe, Continental, Italian, Burger, Beverages"
6224,"Spaghetti, Mezze Platter, Bombay Sandwich, Tomato Ragout, Mushroom Sandwich, Thai Green Curry, Tea","Cafe, Healthy Food, Salad, Continental, Beverages, Italian, Sandwich"
6225,"\N","Fast Food, Burger"
6226,"\N","Cafe, Rolls, Fast Food"
6227,"Fry Prawns, Biryani, Andhra Thali, Neer Dosa, Kokum Juice, Masala Prawn, Brinjal Curry","South Indian, Kerala, Andhra"
6228,"\N","Pizza, Fast Food"
6229,"\N","North Indian, Chinese, Thai, Asian"
6230,"\N","Tibetan, Momos"
6231,"\N","Beverages, Desserts"
6232,"\N","Chinese, Momos"
6233,"Radhaballavi, Biryani, Egg Noodles, Egg Roll, Fish Curry, Egg Devils, Thali","Bengali, North Indian"
6234,"Cocktails, Butter Chicken, Beer, Biryani, Tandoori Chicken, Nachos, Roti","North Indian, South Indian, Andhra, Chinese"
6235,"Cosmopolitan, Salads, Chaat, Coffee, Biryani, Dal Makhani, Butter Chicken","Continental, Asian, Italian"
6236,"Mutton Biryani, Noodles, Butter Chicken, Naan, Panneer Butter Masala","North Indian, Chinese"
6237,"Cocktails, Pizza","Asian, North Indian, Continental"
6238,"Biryani","North Indian"
6239,"Paan Ice Cream, Cocktails, Fish Grill, Crispy Corn, Butter Chicken, Phirni, Chicken Tikka","North Indian, Mediterranean, European, BBQ"
6240,"\N","Maharashtrian"
6241,"\N","American, Pizza"
6242,"Pho, Noodles, Salads, Mocktails, Veg Momos, Banh Cuon, Pork Chops","Vietnamese, Salad"
6243,"Momos, Chicken Lollipop, Chicken Momo, Noodles, Chicken Thukpa","Chinese, Nepalese, Tibetan, Momos"
6244,"\N","North Indian, Chinese, Arabian"
6245,"Club Chicken Sandwich, Sandwiches, Coffee, Pie, Burgers, Carrot Cake, Cheesecake","Desserts"
6246,"\N","Street Food, Mithai"
6247,"\N","North Indian, South Indian"
6248,"\N","Bakery"
6249,"Rolls, Chicken Tikka Roll, Cheese Roll","Fast Food, Biryani, Rolls"
6250,"Chicken Lollipop, Crispy Spinach Chicken","Chinese"
6251,"Coffee, Pizza, Pasta, Burgers, Eggs Benedict, Brownie Fudge, Salad","BBQ, Continental, Burger, Wraps, Pizza, Cafe"
6252,"Noodles, Salad","North Indian, Chinese, Fast Food"
6253,"\N","Cafe, Beverages"
6254,"\N","South Indian, Chinese, North Indian"
6255,"\N","North Indian, Continental"
6256,"Gulab Jamun, Noodles, Chicken Rara, Butter Naan","North Indian, Chinese"
6257,"\N","Asian"
6258,"\N","Pizza, Italian"
6259,"Coffee, Cappuccino","Chinese, Fast Food, Cafe"
6260,"\N","Street Food, Tea"
6261,"Hot Chocolate, Sandwiches, Garden Pizza, Pasta, Cappuccino, Garlic Bread, Sunday Morning Breakfast","Cafe, Italian"
6262,"Masala Peanuts, Cocktails, Paratha, Pizza, Pasta, Burgers, Brownie","Continental, Mediterranean, European"
6263,"\N","Fast Food, Desserts, Bakery"
6264,"Sushi, Sea Food","Japanese, Sushi, Asian"
6265,"\N","Chinese, Italian"
6266,"\N","South Indian, Biryani, Mangalorean"
6267,"Waffles, Coffee, Salads, Burgers, Pasta, Paneer Burger, Sandwiches","Cafe"
6268,"\N","Chinese, Rolls, Momos"
6269,"Garlic Naan","North Indian"
6270,"Churros, Empanadas, Hot Chocolate, Chocolate Banana, Salad, Chocolate Shake, Patata Bravas","Street Food, Continental, Mexican, Beverages, Cafe, Desserts, Spanish"
6271,"\N","Biryani, Mughlai, Fast Food"
6272,"\N","Sandwich"
6273,"Chicken Boneless Biryani, Egg Curry, Andhra Biryani, Hyderabadi Biryani, Paneer Biryani, Buttermilk, Sea Food","Biryani, Seafood, Andhra, North Indian"
6274,"\N","North Indian, Fast Food, Chinese, Beverages"
6275,"Burgers, Chicken Crisp Burger, Chicken Whopper, Chicken Keema Burger, Chicken Fries, Mutton Whopper, Chocolate Shake","Burger, Fast Food, Beverages"
6276,"Cocktails, Beer, Onion Rings, Burgers, Margherita Pizza, Mocktails, Veg Nachos","Asian, American, Mexican"
6277,"Mutton Chops, Mutton Fry, Brain Fry, Mutton Masala, Mutton Curry, Donne Biryani, Chicken Curry","South Indian, Biryani"
6278,"\N","Mangalorean"
6279,"\N","Desserts, Cafe"
6280,"Beer","Continental, North Indian, Chinese"
6281,"\N","Continental, Chinese, North Indian"
6282,"\N","Biryani, Chinese, Fast Food"
6283,"\N","Ice Cream, Juices"
6284,"Nachos, Fries, Pasta, Sizzler Brownie, Masala Chai, Pizza, Burgers","Cafe, Continental, Mexican"
6285,"Chicken Guntur, Pepper Chicken, Chicken Biryani, Raita","Biryani, North Indian, Chinese, Andhra"
6286,"\N","Fast Food, Maharashtrian, Rolls"
6287,"Pancakes, Pasta, Burgers, Exotic Veg Pizza, Mushroom Steak, Sushi, Peri Fries","Cafe, Desserts, Beverages"
6288,"Belgian Waffles, Chocolate Overload, Triple Chocolate","Desserts, Beverages"
6289,"Tea, Chocolate Bomb, Waffles, Peri Chicken, Fries, Pasta Alfredo, Mocktails","Cafe, Italian, Desserts"
6290,"Burgers, Chicken Burger, Beef Burger, Mojito, Tea, French Fries, White Sauce Pasta","Cafe, Continental, Italian, Burger"
6291,"Nachos, Biryani, Chaat, Pancakes, Pizza, Pasta, Burgers","Cafe, Chinese, Pizza, North Indian, Burger"
6292,"Beer, Mocktails, Vada, Pancakes, Waffles, Pasta, Appam","European, Italian, Asian"
6293,"Shawarma, Bamboo Biryani, Chicken Shawarama, Chicken Grill, Chicken Kebab, Fish, Appam","Arabian, North Indian, Chinese, Fast Food"
6294,"Noodles, Veg Momos, Chicken Soup, Chicken Dumplings, Meishan Tofu, Sea Food, Mocktails","Chinese"
6295,"Thali, Egg Masala, Chole, Paratha, Roti, Butter Chicken, Paneer Manchurian","North Indian, Chinese, Fast Food"
6296,"\N","Cafe, Italian, Fast Food"
6297,"Burgers, Beer, Pasta, Nachos, Pizza, Paneer Tikka, Chilli Pork","American, Pizza, Burger"
6298,"\N","Cafe, North Indian, Chinese, Continental"
6299,"Pasta, Vegetable Biryani, Chole, Chicken Kebab, Lunch Buffet, Chicken Biryani, Chicken Curry","North Indian, Chinese"
6300,"Dahipuri, Jal-jeera, Chicken Grill, Mutton Seekh Kabab, Rasmalai, Mutton Curry, Mutton Kebab","North Indian, European, Mediterranean, BBQ"
6301,"\N","Burmese"
6302,"\N","Finger Food, Fast Food, Continental"
6303,"Rasgulla, Dal Bati, Rajasthani Thali, Kachori, Churma, Jal-jeera, Rasmalai","Rajasthani"
6304,"Biryani, Tandoori Chicken","North Indian, Chinese"
6305,"Ghee Rice, Biryani, Chicken Bharta, Roti","North Indian, Biryani, Chinese"
6306,"\N","Rajasthani, North Indian, Street Food"
6307,"Tea, Chai, Margherita Pizza, Sandwiches, Corn Sandwich, Paneer Parantha, Brownie","Cafe, Tea, Street Food"
6308,"Prawn, French Fries, Draught Beer, Biryani","South Indian, North Indian"
6309,"Coffee, Pizza, Pasta, Key Lime Pie","Cafe, Italian, Coffee"
6310,"Appam, Coffee","South Indian"
6311,"Sushi, Teriyaki Chicken, Oysters, Tiramisu, Chocolate Mousse, Tempura, Salmon","Japanese"
6312,"Pasta, Pizza, Wine, Tiramisu, Spaghetti, Salad, Ravioli","Italian"
6313,"Sandwiches, Fruit Bowl, Panipuri, Corn Sandwich, Palak Paneer, Arabian Grape Juice, Cheesy Grilled Sandwich","Juices, Fast Food"
6314,"Vada, Coffee, Masala Dosa, Gulab Jamun, Roti, Idli, Tomato Soup","South Indian, North Indian, Chinese"
6315,"Masala Dosa, Plain Dosa","South Indian, North Indian, Chinese"
6316,"\N","Mughlai, North Indian, Chinese"
6317,"Andhra Thali, Chicken Lollipop, Mutton Biryani, Chicken Boneless Biryani, Andhra Meal, Hyderabadi Biryani, Raita","Andhra, Biryani, North Indian, Chinese"
6318,"Coffee, Potato Wedges","Cafe, Coffee"
6319,"Jalebi, Poha, Puri Sabzi","Mithai, Fast Food"
6320,"Breakfast Buffet, Biryani, Salads, Chocolate Cake, Pasta, Paneer Tikka, Mushroom Soup","European, Mediterranean, North Indian"
6321,"Panneer Butter Masala, Idli, Masala Dosa, Vada, Coffee, Roti, Thali","South Indian, North Indian, Chinese, Street Food"
6322,"Samosa","Mithai, Street Food"
6323,"English Breakfast, Coffee, Burgers, Fish, Omelette, Sandwiches, Chicken Burger","Cafe, Continental, Burger"
6324,"Chocolate Hazelnut, Thick Shakes, Brownie Chocolate, Belgian Chocolate, Chocolate Shake, Tiramisu, Oreo Shake","Beverages, Desserts, Ice Cream"
6325,"Fish, Veg Thali, Bamboo Shoot Pork, Pork Fry, Kheer, Pork Thali, Clear Soup","North Indian, Chinese, Assamese"
6326,"Biryani, Masala Papad, Chicken Grill, Dragon Chicken, Paratha, Roti, Chicken Curry","North Indian, Chinese, Fast Food, Rolls, Beverages"
6327,"Cocktails, Brownie, Verdure Pizza, Veg Bao, Fish, Spaghetti, Mai Thai","Continental, Finger Food, Pizza, North Indian, Bar Food"
6328,"\N","Biryani, Kebab, Rolls"
6329,"Mai Thai, Sangria, Pizza, Cocktails, Biryani, Beer, Chicken Nachos","American, North Indian, Pizza, Finger Food, Continental, Italian"
6330,"Pesto Pasta, Craft Beer, Wheat Beer, Cocktails, Crispy Chilli Corn, Butter Chicken, Paneer Tikka","North Indian, Continental, Chinese"
6331,"Naan","North Indian"
6332,"Rolls, Chocolate Icecreams, Red Velvet Ice Cream, Ice Cream Roll, Waffles","Ice Cream, Desserts"
6333,"Chicken Noodle","Chinese, Thai, Seafood"
6334,"Cappuccino, Pasta, Cucumber Spritzer, Cocktails, Murgh Platter, Mocktails, Burgers","European, Italian, Desserts, Salad, Juices, Steak"
6335,"Baklava, Falafel Roll, Falafel Plate, Pita Bread, Mint Lemonade, Pita Pocket, Pomegranate Juice","Lebanese, Middle Eastern"
6336,"Beer, Biryani, Cocktails, Masala Peanuts, Chicken Tikka, Chips, Fish","Finger Food, North Indian, Chinese"
6337,"Mocktails, Pizza, Veg Platter, Brownie, Burgers, Pasta, Fries Basket","Cafe, Continental, Chinese, Italian"
6338,"Beer, Cocktails, Chicken Burger, Pasta, Tandoori Chicken, Chicken Manchurian, Pizza","Continental, Burger, Italian, Pizza, North Indian, Chinese, Finger Food"
6339,"Pasta, Pizza, Steak, Mojito, Salads, Tiramisu, Sea Food","Salad, Italian, Desserts, Pizza"
6340,"Faluda, Fruit Salad, Fruit Lassi","Beverages"
6341,"Roti, Dal Makhani, Lassi, Panneer Butter Masala, Kulcha, Masala Papad, Butter Chicken","North Indian, Chinese"
6342,"Brownie, Apple Pie, Blackberry Cheesecake, Chocolate Icecreams, Hot Chocolate, Caramel Chocolate, Peach Parfait","Desserts"
6343,"\N","Bakery, Juices, Fast Food"
6344,"Biryani, Paratha, Chicken Masala, Kerala Parotta","Biryani"
6345,"Friendly Staff","North Indian"
6346,"Choco Hazelnut, Belgian Chocolate, Strawberry Sorbet, Mango Sorbet, Mango Cheesecake, Mojito, Belgium Chocolate","Ice Cream, Desserts"
6347,"Pasta, Tacos, Macaroni, Panna Cotta, Salads, Spaghetti, Churros","Cafe, Continental, Sandwich, Beverages"
6348,"Burgers, Pulpy Grape Juice, Chicken Wings, Pita Bread, Chicken Grill, Fish Grill, French Fries","North Indian, Arabian, Mughlai, Middle Eastern, Grill"
6349,"Sea Food, Biryani, Anjal Tava Fry","Seafood, Mangalorean"
6350,"Chicken Chettinad, Donne Biryani, Chicken Guntur, Veg Thali, Gobi Tikka, Mutton Chops, Chicken Curry","North Indian, South Indian, Chinese, Biryani"
6351,"Breakfast Buffet, Biryani, Chocolate Cake, Salads, Pasta, Paneer Tikka, Mushroom Soup","European, Mediterranean, North Indian"
6352,"Chai, Ginger Tea, Poha, Masala Tea, Coffee, Bun Maskas","Cafe, Tea, North Indian"
6353,"Rolls, Momos, Paneer Roll, Veggie Roll","Fast Food"
6354,"Vegetable Biryani, Panipuri, Chaat, Paneer Tikka, Lunch Buffet, Curd Rice, Vegetarian","North Indian"
6355,"Egg Manchurian, Paratha, Momos, Masala Chai, Raj Kachori, Rolls, Chaat","Fast Food, Continental, Chinese"
6356,"\N","Continental, South Indian"
6357,"\N","Andhra, South Indian, Fast Food"
6358,"Paratha","North Indian, Chinese"
6359,"Appam, Khao Suey, Chicken Biryani, Kebab Platter, Rabri, Prawn, Pad Thai","North Indian, South Indian"
6360,"Noodles, Phad Thai, Sweet Corn Soup, Chop Suey","Chinese, Thai"
6361,"Masala Dosa, Coffee","South Indian, North Indian, Fast Food"
6362,"Pizza, White Sauce Pasta","Cafe, Italian, Pizza"
6363,"Chicken Grill, Shawarma, Ghee Rice, Chicken Butter Masala, Mutton Biryani, Tandoori Chicken, Chicken Kebab","Seafood, Biryani, South Indian, Chettinad, Chinese, Arabian, Andhra, Kerala"
6364,"\N","Momos, American"
6365,"Crabmeat Soup, Sesame Chicken, Clear Soup, Peking Duck, Jasmine Tea, Crispy Lotus Stem, Sea Food","Chinese"
6366,"Naan, Kulcha, Panneer Butter Masala, Appam, Malabari Biryani, Tea, Al Faham Chicken","Arabian, Chinese, Kerala, North Indian, Biryani"
6367,"Rolls, Falafel, Biryani, Paratha","Fast Food, Biryani, Rolls"
6368,"Coffee, Cocktails, Tiramisu, Cappuccino, Hot Chocolate, Tea","European, French, North Indian"
6369,"\N","Continental, South Indian, North Indian, Asian"
6370,"Mediterranean Platter, Brownie, Pasta, Burgers, Cheesy Garlic Bread, Steak","Cafe, Mediterranean, Italian, Pizza, Continental"
6371,"Noodles, Kaffir Lime, Spring Roll, Long Island Iced Tea, Yellow Thai Curry, Vanilla Ice Cream, Jasmine Rice","Malaysian, Singaporean, Thai"
6372,"Burgers, Coffee, Chocolate Donut, Bagel, Chocolate Drink, Dunkaccinos, Hot Chocolate","Desserts, Cafe, Beverages, Burger, Fast Food"
6373,"\N","North Indian, Chinese, Kerala, Arabian"
6374,"Paneer Makhani, Chaat, Jalebi, Hara Bhara Kabab, Makke Ki Roti, Punjabi Lassi, Rabri","North Indian"
6375,"Chicken Biryani, Hyderabadi Biryani, Vegetable Biryani, Chicken Majestic, Mutton Biryani, Mirch Ka Saalan, Butter Chicken","Andhra, Biryani, North Indian"
6376,"\N","Arabian, Rolls"
6377,"Murgh Ghee Roast, Biryani, Dal Fry","North Indian, Chinese, Biryani, Mangalorean"
6378,"Butter Chicken, Jeera Rice, Dal Makhani, Butter Naan, Tandoori Chicken, Rumali Roti, Panneer Butter Masala","North Indian, Chinese"
6379,"\N","Fast Food, Biryani, Chinese"
6380,"\N","North Indian, South Indian, Andhra"
6381,"Laccha Paratha, Murgh Lababdar, Biryani, Mutton Bhuna Gosht, Litti, Bhuna Chicken","North Indian, Mughlai"
6382,"Rolls, Chicken Tikka Roll, Chicken Bhuna Roll, Biryani, Lassi, Paneer Bhurji Roll, Beda Roti","Fast Food, Rolls"
6383,"Masala Dosa","South Indian, North Indian, Chinese, Beverages"
6384,"Kamikaze, Long Island Iced Tea, Pizza, Hefeweizen, Cocktails, Belgian Brew Beer, Chicken Bbq Wings","American, Continental"
6385,"Icecream Cake","Desserts"
6386,"Pizza, Cocktails, Pasta, Mushroom Soup, Panna Cotta, Mocktails, Sandwich","Italian, Seafood, American, Continental"
6387,"Cocktails, Blueberry Cheesecake, Margarita, Long Island Iced Tea, Sangria, Bbq Pizza, Beer","Thai, Chinese, North Indian, Continental, Steak"
6388,"Noodles, Pork Chops, Momos, Chicken Noodle, Mixed Fried Rice, Corn Soup, Roast Pork","Chinese, Momos"
6389,"Salads, Daiquiri, Wheat Beer, Craft Beer, Pepperoni Pizza, Cocktails, Noodles","Finger Food, Continental, Seafood"
6390,"Orange Juice, Garlic Naan","North Indian, Biryani, Chinese"
6391,"\N","Burger, Continental, Fast Food"
6392,"Neer Dosa","Seafood, Mangalorean, North Indian, Biryani"
6393,"Appam, Fish, Sea Food, Cocktails, Prawn, Thali, Paratha","Mangalorean, Konkan, Seafood, Kerala"
6394,"Buttermilk, Chicken Biryani, Lassi, Tandoori Chicken, Bamboo Biryani, Mutton Biryani, Vegetable Biryani","North Indian, Mughlai, Andhra, Biryani"
6395,"Waffles, Sandwiches, Nachos, Burgers, Chicken Keema Pizza, Penne Pasta, Smoothie Bowl","Continental, Cafe, Desserts, Pizza, North Indian, Chinese, Ice Cream"
6396,"Sea Food, Neer Dosa, Fish, Caramel Pudding, Curry Crab, Bombil Fry, Masala Prawn","Mangalorean, Seafood"
6397,"Pasta, Pizza, Appam, Pancakes, Chaat, Fish, Masoor Dal","American, Continental, North Indian, South Indian"
6398,"Tea, Salads, Fish, Chicken Biryani, Breakfast Buffet, Salad, Noodles","North Indian, South Indian, Continental"
6399,"\N","Biryani, Chinese, North Indian, South Indian"
6400,"Rolls, Chicken Tikka, Chicken Seekh Roll, Seekh Kebab, Aloo Tikka Roll, Murgh Malai Kebab, Beda Roti","Rolls, Mughlai"
6401,"\N","Kerala, Coffee"
6402,"Chai, Vada Pav, Pizza","Fast Food, Street Food"
6403,"Lassi, Naan, Chicken Biryani, Butter Chicken, Aloo Paratha, Manchurian, Paneer Tikka Masala","North Indian, Chinese"
6404,"\N","Asian, Continental"
6405,"Nutella Brownie, Ferrero Rocher","Desserts, Beverages"
6406,"\N","Cafe, Bakery, Beverages, Burger, Continental"
6407,"\N","North Indian, South American, Cafe"
6408,"Beer, Manchurian, Kabab Platter, Chips, Lager, Chilli Chicken, Sandwiches","North Indian, Chinese"
6409,"Fish Curry, Chicken Curry","Bengali"
6410,"Biryani, Paratha, Tandoori Chicken, Butter Chicken, Dal Makhani","North Indian"
6411,"Rice, Paratha, Chicken Tikka Biryani, Tandoori Chicken, Lassi, Dal Makhani, Punjabi Veg Thali","North Indian"
6412,"\N","Beverages, Sandwich, Desserts"
6413,"Coconut Payassam, Seafood Soup, Fish, Filter Kaapi, Tender Coconut Payasam, Mutton Curry, Mysore Masala Dosa","Chettinad, Andhra, Kerala"
6414,"Fries, Pasta, Chicken Burger, Sandwich, Burgers, Monster Burger","Cafe, Continental, Fast Food"
6415,"\N","Cafe, Fast Food, Desserts"
6416,"Tacos, Nachos, Potato Pops, Potato Burrito, Fiery Potato, Rice Bowls, Taco Joint","Mexican, American, Fast Food"
6417,"Noodles, Momos","Chinese"
6418,"Lassi, Paratha, Paneer Parantha, Butter Chicken, Punjabi Chicken, Shahi Paneer, Chicken Kolhapuri","North Indian, Chinese"
6419,"\N","Mithai, Desserts, Fast Food"
6420,"Ginger Tea, Chai, Coffee","Bakery, Street Food"
6421,"Pizza, Pasta, Cocktails, Spinach Ravioli, Tiramisu, Panna Cotta, Wine","Italian, Salad"
6422,"Beer, Cocktails, Noodles, Buffalo Wings, Chilli Chicken, Pizza, Chicken Tikka","American, Continental, Finger Food"
6423,"\N","Chinese, Asian"
6424,"Friendly Staff","South Indian, Continental, North Indian"
6425,"Thali, Misal Pav, Pandhra Rassa, Roti, Chicken Kolhapuri, Tamda Rassa, Kadhi","Seafood, Maharashtrian"
6426,"Mudpie, Butter Naan, Mutton Biryani, Kulfi, Steak, Sweet Corn Soup, Beef Chilli","Chinese, Continental, North Indian, Mughlai, Steak"
6427,"Beer, Mocktails, Cocktails, Margherita Pizza, Supreme Pizza, Fish Chilli, Margarita","Finger Food, Salad, Chinese, Continental"
6428,"Dumplings, Momos, Chenin Blanc, Mapo Tofu, Egg Fried Rice, Noodles, Vegetarian","Chinese"
6429,"\N","Mediterranean, American, Asian"
6430,"\N","Kerala, Seafood, Biryani, Desserts"
6431,"Pizza, Waffles","Pizza, Desserts"
6432,"Cocktails, Tandoori Chicken, Wine, Ice Tea, French Fries, Masala Peanuts","Finger Food, North Indian"
6433,"Biryani, Salads, Pasta, Cheese Balls","Chinese, Continental, North Indian, Pizza, South Indian"
6434,"Biryani, Haleem, Jumbo Shawarma, Kerala Parotta, Barbeque Chicken, Mutton Raan Biriyani, Dum Aloo","Arabian, North Indian, Chinese, Beverages"
6435,"Steak, Garlic Bread, Burgers, Pasta, Chicken Wings, Salads, Pepper Chicken","Steak, Continental, Burger, American, BBQ, European, Salad"
6436,"Faluda, Sweet Lassi, Fruit Salad, Mango Lassi, Kulfi","Beverages, Desserts"
6437,"Ginger Tea, Poha, Banana Cake, Lemon Chai, Samosa, Masala Tea, Ginger Chai","Tea, Beverages, Fast Food"
6438,"Pizza Dosa, Pav Bhaji Dosa, Cheese Masala Dosa","South Indian"
6439,"Rasgulla, Egg Devils, Mutton Kosha, Luchi, Chicken Biryani, Aalo Bhaja, Mughlai Paratha","Bengali, Seafood"
6440,"Kaju Katli, Gulab Jamun, Petha","Mithai, Street Food"
6441,"Mutton Kosha, Kosha Mangsho","Bengali"
6442,"Paneer Makhani, Vegetable Biryani, Rabri, Dal Makhani, Paneer Lababdar, Murgh Lababdar, Butter Chicken","North Indian"
6443,"Coffee, Burgers, Salad, Omelette, Hot Chocolate, Tea, Pancakes","Cafe, Italian, Beverages"
6444,"Poha, Masala Tea, Hot Chocolate, Gulkand Chai, Kadak Chai, Iced Peach Tea, Bun Maskas","Cafe, Tea, North Indian"
6445,"\N","Biryani, Mangalorean, Kerala"
6446,"Cocktails, Peri Peri Chicken, Pizza, Mocktails, Biryani, Sangria, Chicken Dim Sum","Chinese, Continental, North Indian, Mexican"
6447,"Pasta, Salads, Mocktails, Veg Buffet, Paneer Tikka, Biryani, Falafel","North Indian, Italian"
6448,"Cup Cake, Swiss Roll","Bakery, Desserts"
6449,"Filter Kaapi, Coffee, Egg Curry, Neer Dosa, Kadala Curry, Sea Food, Ghee Idli","South Indian, Seafood, North Indian, Beverages"
6450,"Chaat, Chole Bhature, Raj Kachori, Thali, Rasmalai, Paratha, Pav Bhaji","Mithai, North Indian, Street Food, Chinese"
6451,"Spring Roll, Vanilla Ice Cream, Veg Thali, Biryani, Thandai, Roti, Tikka","North Indian, Chinese"
6452,"Rolls, Jumbo Chicken Roll, Falafel Roll, Chicken Kudu Roll, Shawarma, Mutton Roll, Spicy Roll","Middle Eastern, Fast Food, Rolls"
6453,"Pancakes, Steak, Mocktails, Burgers, Wings, Paneer Pizza, Wood Fire Pizza","Cafe, Italian, Pizza, Beverages, Desserts"
6454,"Neer Dosa, Roast Pork, Fish, Sea Food, Biryani, Ghee Rice, Caramel Custard","Konkan, Mangalorean, Seafood"
6455,"Veg Pulao, Mutton Biryani, Badami Kheer, Veg Platter, Chicken Kebab, Tandoori Chicken, Stuffed Capsicum","North Indian, Seafood, Middle Eastern, Chinese"
6456,"Andhra Meal, Potato Wedges, Chicken Biryani, Chicken Satay, Dal Fry","North Indian, Chinese, Continental"
6457,"Burgers, Chicken Steak, Cocktails, Beef Hash, Pork Ribs, French Toast","American"
6458,"\N","Cafe, Continental, Bakery"
6459,"Biryani, Fish Curry","Chinese, North Indian, Kerala"
6460,"Mughlai Biryani, Vegetable Biryani, Kaaram Biryani, Gulab Jamun, Raita, Kebab Biryani, Dum Biryani","Andhra, Biryani"
6461,"Chicken Biryani, Chicken Wings, Chicken Curry, Kadhai Paneer, Butter Chicken, Noodles, Vegetable Biryani","North Indian, Chinese"
6462,"Brownie, Vanilla Ice Cream","Desserts"
6463,"\N","Continental, Italian, Fast Food"
6464,"Pizza","Pizza, Chinese, Rolls"
6465,"\N","Rolls, North Indian, Mughlai"
6466,"Burgers, Crispy Chicken, Chicken Wings, Rice Bowl, Zinger Burger, Fries, Chicken Bucket","Burger, Fast Food"
6467,"\N","BBQ, Fast Food"
6468,"\N","Asian, North Indian"
6469,"Burgers, Tea, Ferrero Rocher, Sandwich, French Fries","Burger, Sandwich, Beverages"
6470,"Pizza, Pasta, Nachos, Burgers, Sandwich, Tea, Cheese Balls","Cafe, Italian, Pizza"
6471,"Chicken Biryani, Donne Biryani, Chilli Chicken, Mutton Chops, Paratha, Mutton Biryani, Nati Biryani","South Indian, Biryani, North Indian"
6472,"Sandwiches, Lemonade, Nachos, Mozzarella Sticks, Fries, Pasta, Pizza","Cafe, Continental, Italian, Burger"
6473,"Halwa, Chicken Biryani, Butter Chicken, Kheer, Brownie Chocolate, Chilli Chicken, Raita","North Indian, Chinese"
6474,"Mango Ice Cream, Tender Coconut Ice Cream, Chips, Chocochip Ice Cream, Waffle Cone","Ice Cream, Desserts"
6475,"\N","Italian, Continental, Chinese, Thai, American, Arabian"
6476,"English Breakfast, Burgers, Sandwiches, Chicken Burger, Pasta, Veg Burger, Chicken Sausages","American, Sandwich"
6477,"Butter Chicken, Tikka, Chicken Biryani, Naan, Dal Tadka","North Indian, Chinese"
6478,"Waffles, Nutella Pancakes, Nutella Waffle, Mexican Fries, Chocolate Fondue, Chocolate Overload, Ferrero Rocher","Desserts"
6479,"Phirni, Chicken Chaap, Mutton Biryani, Paratha","North Indian, Biryani, Mughlai, Kebab"
6480,"\N","North Indian, Mughlai, South Indian"
6481,"Sangria, Chicken Satay, Crispy Corn, Masala Fries, Wood Fire Pizza, Pesto Pasta, Cocktails","North Indian, Thai, Japanese, Continental, Cafe"
6482,"Burgers, Sandwiches, Pizza, Beef Burger, French Fries, Chicken Bbq Burger, Lamb Burger","Fast Food, Burger, Beverages"
6483,"Paratha, Tea, Pasta, Omelette, Rolls","North Indian, Chinese, European"
6484,"Hyderabadi Chicken, Murgh Khurchan, Rajma, Brownie Chocolate, Cabbage Salad, Raita, Chicken Curry","Healthy Food, North Indian, Biryani, Continental, Desserts"
6485,"Coffee, Berryblast, Nachos, Chocolate Waffles, Nutella Waffle, Chocolate Overload, Sandwiches","Desserts"
6486,"Sea Food, Murgh Ghee Roast, Masala Peanuts, Beer, Roti","North Indian, Chinese, Seafood"
6487,"Hot Chocolate, Pizza, Sandwiches, Pancakes, Mushroom Pasta, Pasta Salad, Sandwich","Cafe, Continental, Beverages, Burger, Desserts, Pizza, Bakery, European"
6488,"\N","South Indian, North Indian, Chinese, Continental"
6489,"Akki Rottis, Roti, Rava Idli, Filter Coffee, Pongal, Masala Dosa, Kokum Juice","South Indian, North Indian, Chinese"
6490,"Paratha, Deluxe Thali, Lassi, Paneer Tikka, Roti, Biryani, Panneer Butter Masala","North Indian"
6491,"Biryani, Butter Chicken, Phirni, Paya Soup, Bheja Fry, Panneer Butter Masala, Butter Naan","Biryani, North Indian, Mughlai"
6492,"Cocktails, Paneer Tikka, Jeera Rice, Egg Pakora, Sea Food, Roti, Vegetable Biryani","North Indian, Chinese, Seafood"
6493,"Poha, Panneer Butter Masala, Aloo Paratha, Malai Kofta","North Indian"
6494,"Burgers, Pasta Alfredo, Pulled Pork Burger, Pizza","Cafe, Burger, Italian, Salad"
6495,"Breads, Cappuccino, Cheesecake","Continental"
6496,"Dal Kichadi, Gulab Jamun, Buttermilk, Aamras, Grand Thali, Dhokla, Jalebi","Rajasthani, Gujarati, North Indian"
6497,"Coffee, Vada, Rava Masala Dosa, Faluda, Rice, Idli","North Indian, South Indian, Chinese, Fast Food, Beverages, Desserts, Street Food"
6498,"\N","Andhra, South Indian, Biryani, North Indian, Mangalorean"
6499,"Chicken Biryani, Roti","Kebab, Hyderabadi, Biryani, Charcoal Chicken"
6500,"Hyderabadi Biryani, Masala Poori, Kulcha, Butter Masala Dosa, Chaat, Filter Coffee, Kesari Bath","North Indian, Chinese, Continental, South Indian, Street Food, Juices"
6501,"Andhra Chicken Curry, Hyderabadi Chicken Dum Biryani, Fried Rice","North Indian, Chinese, Rolls, Andhra"
6502,"Mango Ice Cream, Tender Coconut Ice Cream, Chips, Chocochip Ice Cream, Waffle Cone","Ice Cream, Beverages"
6503,"Penne Pasta, Pizza, Cocktails, Salads, Risotto, Sea Food, Crab Cake","European, Italian, Seafood, Continental"
6504,"Rolls, Paratha","Rolls, North Indian, Chinese, Biryani"
6505,"Rolls","Rolls, Fast Food"
6506,"\N","Healthy Food, Salad, Mexican, Beverages"
6507,"Dum Biryani","North Indian, Chinese, Biryani, Seafood"
6508,"Cocktails","European, Asian"
6509,"Raita, Kebab Biryani, Dum Biryani, Chicken Kebab, Fish Biryani, Paneer Biryani, Mutton Biryani","Biryani, Andhra"
6510,"Tender Coconut Chicken, Sea Food, Paneer Pakora, Chicken Biryani, Kori Roti, Fish Fry, Beer","Mangalorean, Seafood, North Indian, Chinese"
6511,"Butter Naan, Rumali Roti, Mutton Curry, Paratha, Biryani, Chicken Guntur","North Indian, South Indian, Chinese"
6512,"Biryani","Biryani, North Indian, Mughlai"
6513,"\N","Kerala, South Indian, Seafood"
6514,"\N","Juices, Fast Food, South Indian, Chinese"
6515,"\N","Beverages, Ice Cream, Fast Food"
6516,"Tea, Pizza, New York Cheesecake, Hot Chocolate, Sandwiches, Sunday Brunch","Cafe, Bakery, Fast Food"
6517,"Bamboo Chicken, Hyderabadi Biryani, Ulvacharu Biryani, Spring Roll, Vegetable Biryani, Pot Biryani, Chicken Dum Biryani","Hyderabadi, Andhra, North Indian, Chinese, South Indian"
6518,"Chicken Biryani, Mutton Biryani","Biryani, South Indian, Fast Food"
6519,"Lassi, Jeera Rice, Hariyali Kebab, Dal Fry, Chicken Lollipop, Chicken Rara, Amritsari Kulcha","North Indian"
6520,"Burgers, Sandwiches, Peanut Butter Smoothie, Margherita Pizza, Ravioli, Salad, Cocktails","American, Cafe, Continental"
6521,"Pasta","Cafe, Italian, American"
6522,"\N","Fast Food, Lebanese"
6523,"Rasmalai, Gulab Jamun, Pav Bhaji, Chaat, Sev Puri, Kaju Katli","Mithai, Street Food"
6524,"\N","Italian, North Indian, Mexican, Chinese"
6525,"Masala Dosa, Filter Coffee, Tea, Kadhai Paneer, Chaat, Panneer Butter Masala, Vada","South Indian, North Indian, Chinese, Beverages"
6526,"Biryani","North Indian, South Indian, Chinese, Biryani"
6527,"\N","North Indian, Asian, Continental"
6528,"\N","Beverages, Rolls"
6529,"Chicken Boneless Biryani, Mutton Biryani, Andhra Style Biryani, Hyderabadi Biryani, Vegetable Biryani, Paneer Biryani, Fry Prawns","Biryani, Andhra, North Indian, Seafood"
6530,"Cocktails, Burgers, Salads, Veg Burger, Peri Chicken, Pasta Alfredo, Hazelnut Mousse Flan","European, Italian, Desserts, Salad, Juices, Steak"
6531,"Nachos, California Burrito, Rice Bowl, Salads","Mexican, Fast Food"
6532,"Chicken Grill, Chicken Biryani, Rolls, Ghee Rice, Tandoori Chicken, Seekh Roll, Chicken Lollipop","Mughlai, Kebab, Chinese"
6533,"Fattoush Salad, Mutton Biryani, Mutton Roganjosh, Panipuri, Mocktails, Choco Bomb, Cocktails","North Indian, Mughlai, Mediterranean, Iranian"
6534,"\N","Burger, Sandwich, Beverages, Juices"
6535,"Sandwich, Poha, Gujarati Food, Dabeli, Pav Bhaji, Tea, Thali","North Indian, Fast Food, Beverages"
6536,"Pizza, Cheesecake, Burgers, Pasta, Waffles, Veg Burger, Chocolate Cake","American, Cafe, Continental, French, Burger, Mexican, Desserts, Pizza"
6537,"Paratha, Thali","Healthy Food, South Indian, Fast Food, North Indian, Beverages"
6538,"French Toast, Pasta, Egg Pav Bhaji, Khau Suey, Shakshouka, Chicken Burger, Omelette","Continental, American"
6539,"\N","Fast Food, Ice Cream, Beverages"
6540,"Rice, Paratha, Thali","North Indian"
6541,"Cocktails, Wheat Beer, Bruschettas, Pasta, Burgers, Supreme Pizza, Nachos","Finger Food, North Indian, Chinese, Italian"
6542,"Papaya Salad, Tom Yum Prawn, Tom Yum Soup, Pad Thai, Thai Spice, Sea Food, Thai Green Curry","Thai"
6543,"Dabeli, Masala Poori, Misal Pav, Dahipuri, Papdi Chaat, Panipuri, Pav Bhaji","Street Food, Fast Food"
6544,"\N","Australian, Continental"
6545,"Cheese Pasta, Cocktails, Craft Beer, Stout, Bruschettas, Pinacolada, Wheat Beer","North Indian, Continental, Italian"
6546,"Pizza, Salad, Banana Toffee Cheesecake, Caramel Custard, Croissants, Crepe, Creme Brulee","French, Pizza, Bakery"
6547,"Pizza, Beer","North Indian, Pizza, Chinese"
6548,"Cocktails, Pasta, Peri Peri Chicken Burger, Brownie, Jalapeno Poppers, Mocktails, Basil Pesto","North Indian, Chinese, Continental, Italian"
6549,"\N","Salad, Sandwich, Fast Food, Beverages, Juices"
6550,"Cheesecake, Chocolate Decadence, Chocolate Fantasy, Pancakes, Gulab Jamun, Chocolava Cake","Bakery, Desserts"
6551,"Biryani, Chaat","North Indian, Fast Food, Street Food"
6552,"Manchow Soup, Dragon Rolls, Crispy Spinach Chicken, Thread Chicken, Chop Suey, American Chopsuey, Honey Chilli Chicken","Chinese, Thai"
6553,"Thai Chicken, Momos","Thai, Chinese"
6554,"Fish, Paratha","South Indian, Kerala, Chinese, North Indian"
6555,"Sandwiches, Fries, Sandwich, Pizza, Thick Shakes, Garlic Bread","Fast Food"
6556,"Crispy Chicken, Pasta, Burgers, Pizza, Chicken Burger, Clear Soup, Brownie","Cafe, Continental, Burger"
6557,"\N","Biryani, Rolls, Fast Food"
6558,"Lime Soda, Hyderabadi Biryani, Fish","Andhra, North Indian, Chinese, Biryani, Seafood"
6559,"Butter Chicken Biryani, Gulab Jamun, Chicken Tikka Biryani, Dal Bukhara, Hara Bhara Kebab, Mutton Keema, Masala Biryani","Biryani, North Indian, Kebab"
6560,"Decor","Chettinad, South Indian"
6561,"Chicken Noodle, Rice Noodles, Dragon Rolls, American Chopsuey, Fried Rice Chicken, Chowmein, Clear Chicken Soup","Chinese"
6562,"Sandwiches, Brownie, Chicken Sandwich, Pizza, Hot Chocolate, Chocolate Sundae, Icecream Cake","Desserts, Cafe, Bakery"
6563,"\N","Chinese, Continental, Steak"
6564,"Shawarma, Rolls, Chicken Grill, Kathi Roll, Paneer Roll, Chicken Shawarama, Egg Roll","Chinese, North Indian, Rolls"
6565,"Fish, Chicken Curry, Paneer Biryani","Biryani, Andhra, North Indian, Chinese"
6566,"Pizza, Momos, Pasta, Brownie, Nachos, Hot Chocolate, Waffles","Asian, Chinese, Continental, Italian"
6567,"Red Velvet, Lime Pie, Nutella Cheesecake, Blueberry Cheesecake, Salted Caramel Brownie, Dessert Jar","Desserts, Bakery"
6568,"Hyderabadi Biryani, Mutton Biryani, Vegetable Biryani","Biryani, North Indian, Andhra"
6569,"\N","Chinese, Kerala"
6570,"Lassi, Murgh Lababdar, Makke Ki Roti, Chaap, Butter Paneer, Butter Chicken, Patiala Paneer","North Indian"
6571,"\N","Fast Food, Italian, North Indian, Steak"
6572,"Vada, Pongal, Podi Idli, Masala Dosa, Podi Dosa, Idiyappam, Rice","South Indian"
6573,"Noodles","Chinese, Thai, Momos"
6574,"Afghan Chicken","North Indian, South Indian, Seafood, Biryani, Chinese"
6575,"Paratha, Chicken Curry","North Indian, Chinese"
6576,"\N","Cafe, Continental, North Eastern, Chinese, Fast Food"
6577,"Mutton Dum Biryani, Gulab Jamun, Buttermilk, Raita, Paneer Biryani, Gosht Dum Biryani, Basmati Rice","Biryani"
6578,"Tex Mex Burger, Pizza, Fish, Pasta Alfredo, Mojito, Burgers, Blueberry Cheesecake","Cafe, Continental, Italian, Burger"
6579,"Chicken Biryani","Andhra, Biryani, South Indian, Chinese"
6580,"Makke Ki Roti, Paratha, Lassi, Panneer Butter Masala, Rajma Chawal, Dal Makhani, Chicken Tikka","North Indian"
6581,"Brinjal Curry, Basmati Rice, Mutton Biryani","Biryani, North Indian, Chinese"
6582,"Aloo Paratha, Veggie Wrap, Sabudana Kheer, Chicken Wrap, Rolls, Khichda, Thali","North Indian, Biryani, Fast Food"
6583,"Pasta, Burgers, Monster Burger, Brownie, Chicken Sandwich","Continental"
6584,"\N","Fast Food, Pizza, Salad"
6585,"Tea, Chocolate Bomb, Waffles, Mojito, Fries, Pasta Alfredo, Burgers","Cafe, Italian, Desserts"
6586,"Dessert Jar, Berryblast, Cheesecake, Vanilla Ice Cream","Beverages, Desserts, Ice Cream"
6587,"Salads, Pasta, Shawarma, Mocktails, Falafel, Babaganush, Pizza","Lebanese, Turkish"
6588,"Biryani","North Indian, South Indian, Thai, Chinese, Continental"
6589,"Chicken Guntur, Biryani, Thali","Andhra, Chinese, North Indian, Hyderabadi"
6590,"Gulab Jamun, Samosa, Paratha, Paneer Curry, Biryani, Chaat, Veg Cutlet","North Indian, South Indian"
6591,"Hyderabadi Biryani, Ginger Chicken","North Indian, Fast Food"
6592,"\N","BBQ, Biryani, Charcoal Chicken, Chinese, North Indian, Kerala, Seafood, Street Food"
6593,"Paneer Tikka, Garlic Bread, Thin Crust Pizza, Falafel, Veggie Pizza","Pizza"
6594,"Pasta, Potato Fries, Potato Wedges, Hot Chocolate, Chaat, Filter Coffee, Americano","Beverages, Tea"
6595,"\N","South Indian, North Indian, Continental"
6596,"Coffee, Chaat","South Indian, North Indian, Chinese, Juices"
6597,"Neer Dosa, Sea Food, Ghee Rice, Marwai Sukka, Egg Biryani, Kori Roti, Thai Fish","Mangalorean, Seafood, Chinese, Biryani"
6598,"Murgh Ghee Roast, Fish Fry, Ghee Roast Paneer, Neer Dosa, Appam, Sea Food, Chicken Sukha","Mangalorean, Seafood, South Indian"
6599,"\N","South Indian, Mangalorean"
6600,"Paratha, Coffee, Halwa, Lassi","Street Food, North Indian, South Indian"
6601,"Malai Kofta, Sandwich, Naan","North Indian, Chinese, Rolls"
6602,"Pasta, Nachos, Jalapeno Poppers, Burrito Bowl, Ferrero Rocher Shake, Falafal Sandwich, Banana Waffles","Cafe, Continental, Beverages, Desserts"
6603,"Masala Chai, Coffee, Masala Tea, Maggi","Beverages, Tea"
6604,"Masala Vada Pav, Cheese Vada Pav, Fries","Street Food"
6605,"Corn Augratin, Lasagne, Fries, Garlic Bread, Pili Pili Pizza, Mexican Rice, Ravioli","Italian, Pizza, North Indian, Salad"
6606,"\N","South Indian, Chinese, Continental, Biryani"
6607,"Coffee, Spring Roll, Roti, Panneer Butter Masala, Noodles, Butter Naan, Masala Dosa","North Indian, Chinese, South Indian"
6608,"Masala Dosa","South Indian, North Indian, Chinese, Street Food"
6609,"Cheese Dosa, Chocolate Dosa, Corn Dosa, Pesarattu, Bread Dosa","South Indian, Street Food"
6610,"Paneer Tikka, Masala Papad, Garlic Naan","North Indian, Chinese"
6611,"Murgh Ghee Roast, Malai Kofta, Butter Chicken, Donne Biryani, Cocktails, Palak Rice, Masala Peanuts","North Indian, Chinese, Mughlai"
6612,"English Breakfast, Sandwiches","Cafe"
6613,"Burgers, Mojito, Lamb Burger, French Fries, Hot Dog, Bbq Burger, Wedges","Cafe, Burger, Beverages"
6614,"Filter Coffee, Pizza, Pasta","Burger, Cafe, Desserts, Sandwich, Italian"
6615,"Sandwich, Crispy Chicken, French Fries","Fast Food, Sandwich"
6616,"Pasta, Fries, Cheesiano Pizza, Veggie Pizza, Cheesy Garlic Bread, Peri Peri Paneer Pizza","Pizza, Italian"
6617,"Egg Biryani, Donne Biryani","Biryani, Fast Food"
6618,"Chicken Biryani","Biryani, North Indian"
6619,"Marshmallow, Chocolate Waffles","Desserts, Beverages, Bakery, Ice Cream"
6620,"Sea Food, Neer Dosa","Mangalorean"
6621,"Poha, Tea, Paratha","North Indian, Chinese"
6622,"Coffee, Waffles, Hot Chocolate Fudge, Cheesy Garlic Bread","Desserts, Ice Cream"
6623,"Ghee Rice, Hyderabadi Biryani, Butter Naan, Chicken Guntur, Thali","North Indian"
6624,"Pothichoru, Roast Chicken, Fish Fry","South Indian, Kerala"
6625,"Biryani, Tandoori Chicken, Chicken Grill, Shawarma Roll","North Indian, Chinese"
6626,"\N","Rolls, Kebab, Biryani"
6627,"\N","Kerala, North Indian"
6628,"Paan Ice Cream, Chocolava, Nutella Brownie, Ferrero Rocher, Waffles, Hot Chocolate Fudge, Chocolate Icecreams","Desserts, Beverages"
6629,"Noodles, Momos, Chicken Noodle","Chinese"
6630,"\N","Hyderabadi, Andhra, North Indian"
6631,"Thick Shakes, Chocolate Hazelnut Shake, Mango Shake, Choco Hazelnut, Milk Shake, Chocolate Oreo, Strawberry Milkshake","Desserts, Beverages, Ice Cream"
6632,"Masala Dosa, Coffee, Pongal, Tea, Bonda","South Indian, North Indian"
6633,"\N","Arabian, Rolls, North Indian, BBQ"
6634,"Chaat, Aloo Tikki, Dabeli, Panipuri, Pav Bhaji, Vada Pav, Masala Poori","Beverages, Street Food"
6635,"\N","South Indian, Street Food, Juices"
6636,"\N","Street Food, North Indian, South Indian"
6637,"Cappuccino, Pesto Sandwich, Brownie, Latte, Hot Chocolate, Sausage Roll, Sandwiches","Cafe, Fast Food"
6638,"Neer Dosa, Murgh Ghee Roast, Sea Food, Fish, Ghee Rice, Appam, Prawn Ghee Roast","Seafood, Mangalorean, North Indian, Chinese"
6639,"Nachos, Cocktails, Nasi Goreng, Chicken Tikka, Pav Bhaji Fondue, Tiramisu, Samosa","Modern Indian"
6640,"\N","Chinese, Continental, North Indian, Italian, Seafood"
6641,"Sea Food Platter, Fish N Chips, Fish Fingers, Fries, Prawn Noodles","Seafood, Fast Food"
6642,"Donne Biryani, Mutton Biryani, Chicken Kebab, Chilli Chicken, Chicken Biryani, Kshatriya Kebab, Chicken Fries","Biryani"
6643,"Salad, Salads, Peri Peri Chicken, Broccoli Soup, Burgers, Steak, Clear Soup","Cafe, Salad"
6644,"Panneer Butter Masala","North Indian"
6645,"\N","North Indian, Kebab"
6646,"Mango Cheesecake, Pizza, Beer, Mocktails, Crispy Water Chestnuts, Cosmopolitan, Prawn","Finger Food, North Indian, Continental, Pizza"
6647,"Biryani, Chicken Curry, Paratha, Paya Soup, Mutton Keema, Chicken Guntur, Pepper Chicken","Biryani, Fast Food"
6648,"\N","Italian, Healthy Food, Salad"
6649,"Tandoori Chicken, Cocktails, Noodles, Beer, Nachos, Pasta, Dragon Chicken","Finger Food, North Indian"
6650,"Noodles, Thukpa, Beef Momos, Chowmein, Veg Momos, Cheese Momos","Chinese, Tibetan, Momos"
6651,"Rolls, Veggie Wrap, Chicken Wrap, Paneer Wrap, Chole, Dal Makhani, Jal-jeera","North Indian, Biryani, Fast Food"
6652,"Oreo Delight, Apple Pie, Barbeque Chicken, Bbq Chicken, Stuffed Pizza, Ravioli, Mojito","Pizza, Cafe, Italian"
6653,"Pandi Curry, Khichda, Chicken Biryani","Biryani, Chinese, North Indian, Mangalorean"
6654,"Chicken Malai Tikka, Jalebi Rabri, Paneer Tikka, Kulfi, Jumbo Prawns, Murgh Malai, Lunch Buffet","North Indian, Mughlai"
6655,"\N","Mangalorean, Seafood, South Indian"
6656,"\N","Cafe, Pizza, Continental, South Indian"
6657,"Bbq Platter, Craft Beer, Cocktails, Nachos, Pizza, Cosmopolitan, Wheat Beer","Continental, North Indian, BBQ, Steak"
6658,"\N","Bengali, Continental, Fast Food, North Indian, Seafood"
6659,"Samosa, Jalebi, Rasmalai, Poha, Aloo Poori, Panipuri, Aloo Sabji","North Indian, Street Food"
6660,"Aloo Paratha, Dal Makhani, Chaat","North Indian"
6661,"Naan, Dal Makhani, Rice, Seekh Kebab, Butter Chicken, Sweet Lassi, Aam Panna","North Indian"
6662,"Lime Soda, Crispy Chicken, Kung Pao Chicken, Veg Manchow Soup, Hakka Noodles, Clear Soup, Singapore Noodles","Chinese, Seafood"
6663,"Chaat, Panipuri, Chole Bhature, Rasmalai, Chhole Bhature, Sev Puri, Samosa","Mithai, Street Food"
6664,"Mutton Biryani, Mutton Sukha, Chicken Varuval, Chicken Boneless Biryani, Kola Urundai, Dindigul Biryani","Biryani, Chinese, North Indian, South Indian"
6665,"Burgers, Pasta, Chicken Wings, Chicken Popcorn, Chicken Burger, Cheese Corn Balls","Cafe, Fast Food, Chinese"
6666,"Palak Chicken, Mutton Keema Masala, Sarson Ka Saag, Mushroom Masala, Makkai Roti, Dal Tadka, Palak Paneer","North Indian, Chinese"
6667,"Biryani","Andhra, North Indian, Chinese"
6668,"Aloo Gobhi, Mocktails, Veg Buffet, Dahi Vada, Salads, Chaat, Buttermilk","Pizza, Biryani, North Indian, South Indian"
6669,"Momos, Noodles, Fish, Spring Roll, Chicken Noodle, Hunan Chicken, Chicken Momo","Chinese, Fast Food, Momos"
6670,"Pasta, Momos, Noodles, Manchurian, Peri Peri Fries, Chinese Bhel, Tacos","Chinese, Fast Food, Momos"
6671,"Burgers, Mc Spicy Chicken, Chicken Burger, Maharaja Mac","Burger, Fast Food"
6672,"Chicken Biryani, Kastoori Chicken, Mushroom Biryani, Mutton Biryani, Paneer Biryani, Naan, Tandoori Chicken","North Indian, Biryani, Chinese"
6673,"Mango Ice Cream, Coffee Walnut, Waffle Cone, Tender Coconut Ice Cream, Custard Apple, Kesar Pista, Chips","Ice Cream, Beverages"
6674,"Waffles, Sandwiches, Burgers, Pasta Primavera, Veg Burger, Omelette, Chicken Sausages","Fast Food, Italian, Continental"
6675,"Papdi Chaat, Thandai, Chole Bhature, Lassi, Paan Ice Cream, Mutton Curry, Paneer Tikka","North Indian"
6676,"Tandoori Chicken, Coffee, Butter Chicken, Fish Curry, Biryani","North Indian, Biryani, Chinese, Beverages"
6677,"\N","Arabian, North Indian, Biryani"
6678,"\N","North Indian, Street Food, Beverages"
6679,"Burgers","Burger, Fast Food"
6680,"Butter Chicken, Paneer Methi Malai, Lassi, Butter Naan, Sarso Da Saag, Tandoori Chicken, Gajar Ka Halwa","North Indian"
6681,"Biryani, Pepper Chicken, Ghee Rice, Dal Fry","North Indian, Chinese"
6682,"Kala Jamun, Fruit Shake, Waffles, Chocolate Dessert","Beverages, Desserts"
6683,"Chocolava, Paneer Pizza","Pizza"
6684,"Healthy Breakfast, English Breakfast, Caesar Salad, Burgers, Enchiladas, Sunday Brunch, Omelette","Cafe, Continental, American, Italian"
6685,"Supreme Chicken Biryani, Veg Thali, Chilli Chicken, Curd Rice, Lime Soda, Mutton Bone Soup, Hyderabadi Biryani","Andhra, Biryani, North Indian, Chinese"
6686,"Lassi, Chicken Curry, Chicken Malai Tikka, Butter Chicken, Panner Tikka, Butter Naan, Jeera Rice","North Indian, Mughlai"
6687,"\N","Pizza, American, Fast Food, Seafood"
6688,"Appam, Masala Dosa, Tea, Coffee","South Indian"
6689,"Chole Bhature, Rasmalai, Rasgulla, Chaat, Pav Bhaji, Kaju Katli, Samosa","Mithai, Street Food"
6690,"Khali Dosa, Kali Dosa, Masala Dosa, Vada Sambar","South Indian"
6691,"Friendly Staff","North Indian, Chinese, Seafood"
6692,"Chicken Biryani, Rice, Punjabi Chicken, Vegetable Biryani","Andhra, South Indian, North Indian, Biryani"
6693,"Pasta, Apple Pie, Sandwich, Chocolate Cake, Burgers, Hot Chocolate, Donut","Bakery, Fast Food, Pizza, Burger, Cafe"
6694,"Filter Coffee, Cafe Mocha, Blueberry Muffin","Cafe"
6695,"Burgers, Fries, Mojito, Bbq Chicken Pizza, Pasta, Potato Wedges, Peri Peri Chicken","Cafe, American, Italian, Pizza, Burger"
6696,"Liti Chokha","North Indian"
6697,"Kadala Curry, Appam, Shawarma Roll, Mutton Stew, Tea, Thalassery Biryani, Chicken Fry","Kerala, Biryani, South Indian, North Indian, Chinese, Arabian, Beverages"
6698,"Brownie, Blueberry Cheesecake, Chocolate Truffle, Blueberry Shake, Tiramisu, German Chocolate, Thick Shakes","Bakery, Desserts"
6699,"Paratha, Pizza Parantha, Sandwich, Tea, Honey Chilli Potatoes, Pasta Alfredo, Coffee","North Indian, Sandwich"
6700,"Mutton Biryani, Ghee Rice","North Indian, BBQ"
6701,"Idli, Masala Dosa","South Indian, Chinese, North Indian"
6702,"Nachos, Tacos, Mexican Pizza, Cheesy Fiesta Potato, Fries, Rice Bowl, Salsa","Mexican, American, Fast Food"
6703,"Pizza, Pita Bread, Beer Cocktail, Shrimp Soup, Baklava, Pasta, Babaganush","Mediterranean, Pizza, Italian, Beverages"
6704,"Pizza, Waffles, Pasta, Sushi, Salads, Fish, Coffee","North Indian, European, Thai"
6705,"Rolls, French Fries, Chicken Momo, Roti, Pulpy Grape Juice, Mutton Keema, Chicken Kebab","Fast Food, Rolls, Momos"
6706,"Sweet Lassi, Corn Sandwich","Beverages, Sandwich, Fast Food"
6707,"\N","Kerala, South Indian, North Indian, Chinese, Beverages"
6708,"\N","North Indian, Chinese, Fast Food, Biryani"
6709,"Cocktails, Biryani, Noodles, Beer, Garlic Bread, Tea, Pizza","North Indian, Pizza, Asian, Italian"
6710,"Momos, Noodles, Chilli Chicken, Spring Roll, Clear Chicken Soup, Crispy Noodle, Mixed Fried Rice","Chinese, Thai, Momos"
6711,"\N","Rolls, Biryani"
6712,"Biryani, Buttermilk, Mutton Curry, Thali, Mutton Fry","Maharashtrian, North Indian"
6713,"Cocktails, Beer, Martini, French Fries","Continental, North Indian"
6714,"Smoothie Chocolate, Vanilla Ice Cream, Hot Chocolate Fudge, Nachos, Waffles, Garlic Bread","Desserts, Ice Cream"
6715,"\N","Healthy Food, Sandwich"
6716,"Seafood Soup, Mocktails, Mushroom Salad, Wine, Jasmine Rice, Som Tam, Thai Red Curry","Thai"
6717,"Paneer Roll, Momos, Thali, Chai, Corn Bhel, Momo Platter, Corn Momo","Cafe, Healthy Food, Momos"
6718,"Coffee, Brownie","Cafe, Fast Food"
6719,"Chole, Veg Thali","North Indian, South Indian"
6720,"Chicken Kebab","Biryani, Fast Food"
6721,"\N","Cafe, North Indian"
6722,"Rolls, Paratha, Chicken Biryani","Chinese, North Indian, Mughlai, Rolls"
6723,"\N","North Indian, Biryani, Mughlai"
6724,"\N","Beverages, Juices, Fast Food, Rolls"
6725,"Butter Naan, Butter Kulcha, Momos, Noodles, Paneer Tikka, Chop Suey, Tangdi Kabab","North Indian, Chinese"
6726,"Salads, Pineapple Grill, Caramel Custard, Caramel Pudding, Chicken Sausages","European"
6727,"Coffee, Caramel Macchiato, Cappuccino, Cafe Mocha, Fruit Tart, Sandwiches, Americano","Cafe"
6728,"Chicken Tikka, Mutton Rara, Garlic Naan, Roti","North Indian, Mughlai"
6729,"Hyderabadi Biryani","Biryani, Hyderabadi, Chinese"
6730,"Chicken Burger, Pasta, Hash Brown, Noodles","Cafe, Continental, Chinese, Momos"
6731,"Burgers, Brownie, Veggie Pizza, Chicken Lasagne, Chicken Burger, French Fries, White Sauce Pasta","Continental, Italian, Burger, American"
6732,"\N","North Indian, South Indian, Chinese, Mughlai"
6733,"\N","North Indian, South Indian, Chinese, Arabian"
6734,"Club Sandwich, Burgers, Basil Chicken, Pasta, Sandwiches, Mojito, Fries","Cafe, Continental, North Indian"
6735,"Sandwiches, Fruit Juices, French Fries, Irish Coffee","Beverages, Fast Food"
6736,"Chicken Satay, Mocktails, Bruschettas","Continental, American, Indonesian, Asian, Thai"
6737,"Burgers, Pizza, Pasta, Momos, Wings, Chilli Paneer","Fast Food, Burger, Sandwich, Pizza"
6738,"Supreme Pizza, Sandwich","North Indian, Chinese, Continental, Pizza"
6739,"Coffee, Masala Dosa","South Indian, North Indian, Chinese"
6740,"Chicken Lollipop, Spring Roll, Momos, Singapore Noodles, Chop Suey, Clear Soup, Sweet Corn Soup","Chinese"
6741,"\N","North Indian, Seafood, Biryani, Chinese"
6742,"\N","Biryani, Hyderabadi, Chinese, North Indian"
6743,"Paratha, Panneer Butter Masala, Roti, Khichda","North Indian, Chinese"
6744,"Maddur Vada, Idli, Thali, Tea, Butter Masala Dosa, Filter Coffee, Cheese Dosa","Chinese, South Indian, North Indian"
6745,"Veg Burger, Pesto Pasta, Cocktails, Pizza, Craft Beer, Chicken Steak, Prawn","North Indian, Continental, Chinese, Thai"
6746,"Gajar Ka Halwa, Tandoori Chicken, Gulab Jamun, Mutton Seekh Kebab, Al Faham Chicken, Mutton Biryani, Fish","Arabian, Lebanese, Mughlai, North Indian, BBQ"
6747,"\N","Arabian, Mughlai, Chinese, Biryani"
6748,"Mutton Roganjosh, Mutton Keema, Mutton Curry, Macaroon, Paan Ice Cream, Sea Food, Prawn","European, Mediterranean, North Indian, BBQ"
6749,"Jumbo Prawns, Tai Pai Chicken, Singapore Noodles, Wine, Cocktails, Chicken Dim Sum, Momos","Chinese, Momos"
6750,"Beer, Mezze Platter, Penne Arrabiata Pasta, Cocktails, Bruschettas, Peri Peri Chicken, Pizza","Continental, North Indian, Chinese, European, BBQ, Finger Food, Asian"
6751,"Fish, Salads, Dal Makhani, Burgers, Lunch Buffet","Continental, American, South Indian, Italian, North Indian, Chinese"
6752,"\N","Chinese, North Indian, Arabian, Kerala"
6753,"Hot Chocolate Fudge, Brownie Fudge, Thick Shakes, Fudge Cake","Ice Cream, Desserts"
6754,"Wood Fire Pizza, Cocktails, Ferrero Rocher Shake, Falafel, Peri Peri Chicken, Pasta, Nachos","Continental, North Indian, Mughlai"
6755,"Sweet Lassi, Thali, Kadhai Paneer, Kadhi, Aloo Paratha, Paneer Bhurji, Chole","North Indian"
6756,"Cocktails, Mocktails, Pizza, Sushi, Beer","Sushi, Continental, Pizza, Italian, Asian"
6757,"\N","Bengali, Chinese, Sandwich"
6758,"Chocolate Almond, Tender Coconut Ice Cream, Choco Almond, Coffee Walnut, Custard Apple","Ice Cream, Beverages"
6759,"Roti","North Indian, South Indian, Chinese"
6760,"Aloo Paratha","North Indian, Chinese"
6761,"Mutton Biryani, Mutton Fry, Donne Biryani, Chicken Biryani, Chicken Fry, Mutton Chops, Dum Biryani","South Indian, Biryani"
6762,"Chicken Fries, Burgers","Cafe, Continental, Beverages"
6763,"Biryani, Fish","Chinese, North Indian, Hyderabadi, Biryani"
6764,"Ramen, Kimchi, Beef Bulgogi, Egg Soup, Salad, Clear Soup, Pork Bulgogi","Korean"
6765,"Panneer Butter Masala, Vada, Filter Coffee, Tandoori Roti","Chinese, North Indian, South Indian"
6766,"\N","Tea, Coffee, Fast Food"
6767,"Coffee, Vada, Masala Dosa, Gulab Jamun","South Indian, Chinese"
6768,"\N","BBQ, Beverages, Burger, Rolls, Tea"
6769,"Badami Holige, Puran Poli","South Indian"
6770,"Appam, Fish","Kerala, North Indian, Italian, Thai"
6771,"Club Sandwich, Pork Chops, Sunday Brunch, Burgers, Fish Fingers, Pizza, Chicken Tikka","Chinese, North Indian, Continental, Cafe"
6772,"\N","Continental, Pizza"
6773,"Cocktails, Veg Burger, Pizza, Beer, Burgers, Spaghetti Aglio Olio, Sweet Lime Juice","Pizza, Continental, North Indian, Asian"
6774,"Ginger Tea, Masala Tea, Banana Cake, Poha, Samosa, Vada Pav, Sandwiches","Tea, Beverages, Fast Food"
6775,"Coffee, Masala Tea, Cappuccino, Latte","Cafe"
6776,"Salads, Burgers, Salad, Potato Wedges, Pizza, Noodles, Fish","Healthy Food, Chinese, Biryani, North Indian, Continental, Salad, American, Burger"
6777,"Salad, Hakka Noodles, Paratha, Veg Thali","Healthy Food, North Indian, Biryani, Continental, Desserts"
6778,"Cocktails, Pasta, Vegetable Biryani, Nachos, Pizza, Chicken Achari Tikka, Tiramisu","Finger Food, Continental, North Indian, Italian, Japanese"
6779,"Dal Makhani, Rice Bowl, Butter Chicken Box, Cheese Paratha, Panneer Butter Masala","North Indian, Fast Food"
6780,"Lassi, Brownie, Faluda, Kulfi, Coffee","Beverages, Desserts"
6781,"Spring Roll, Chop Suey, Manchow Soup, American Chopsuey","Chinese, Thai, Seafood, Momos"
6782,"Thick Shakes, Choco Chip Shake, Choco Hazelnut, Chocolate Hazelnut Shake, Oreo Shake, Kit Kat Shake, Butterscotch Shake","Beverages, Desserts, Ice Cream"
6783,"Aloo Palya, Masala Poori, Panipuri, Rolls, Chaat, Benne Dosa, Dahipuri","Chinese, North Indian, Street Food"
6784,"Biryani, Gulab Jamun, Shikanji, Kulfi, Chaat","North Indian, Fast Food, Street Food"
6785,"Ghee Roast Mutton, Paneer Tikka Masala, Dum Aloo, Fish, Chilli Chicken, Murgh Ghee Roast, Fried Rice","North Indian, Seafood, Chinese, Biryani"
6786,"Panipuri, Guava Ice Cream","Ice Cream, Desserts"
6787,"Beer, Butter Chicken, Vegetable Biryani, Cocktails, Kulfi, Keema Pav, Chur Chur Paratha","Modern Indian"
6788,"Chicken Curry, Biryani, Chilli Chicken, Fry Prawns, Chicken Kebab","Andhra, South Indian"
6789,"Paneer Tikka, Butter Chicken, Paneer Kofta, Butter Naan, Panneer Butter Masala, Sweet Lassi, Masala Kulcha","North Indian, Chinese, Mughlai"
6790,"Rolls, Mutton Seekh, Chicken Roll","Arabian, Rolls, North Indian, BBQ"
6791,"\N","Biryani, Chinese, Kebab, North Indian"
6792,"Buttermilk, Thali, Dal Bati, Panneer Butter Masala, Rajma Rice, Sweet Lassi, Kadhi","North Indian, Chinese, Rajasthani"
6793,"\N","Continental, Burger, Desserts, Sandwich, Italian, Pizza, Bakery, Salad"
6794,"Kebab Biryani, Raita, Chicken Biryani, Vegetable Biryani, Basmati Rice, Hyderabadi Biryani, Dum Biryani","Biryani, Kebab"
6795,"Momos, Dumplings, Prawn, Chicken Soup, Dragon Rolls, Kung Pao Chicken, Manchow Soup","Chinese, Asian"
6796,"Andhra Thali, Veg Thali, Lollipop Biryani, Chicken Boneless Biryani, Hyderabadi Biryani, Mutton Biryani, Vegetable Biryani","Biryani, Andhra, North Indian, Seafood"
6797,"Sweet Paan","Ice Cream, Desserts"
6798,"Veg Momos, Thukpa","Tibetan, Momos"
6799,"Pizza, Tiramisu, Pasta, Risotto, Lobster, Panna Cotta, Salad","Italian"
6800,"Chicken Wings, Burgers, Beer, Cocktails, Mocktails, Nachos, Chips","American, Finger Food, BBQ, Steak"
6801,"\N","Bakery, Fast Food, Cafe"
6802,"\N","Fast Food, South Indian, North Indian"
6803,"Donut, Brownie, Hot Chocolate, Sandwiches","Desserts, Fast Food"
6804,"\N","Chinese, Fast Food, North Indian, Rolls"
6805,"Veg Platter","Finger Food"
6806,"\N","Burger, Italian, North Indian, Chinese"
6807,"Momos, Thukpa, Butter Tea","Chinese, Tibetan"
6808,"Sea Food, Chicken Kebab, Crab Sukha, Veg Fried Rice","Seafood, South Indian"
6809,"Pasta","Asian, Continental, European, Fast Food, North Indian, Mughlai, South Indian"
6810,"Panipuri, Jalebi Rabri, Momos, Papdi Chaat, Dhokla, Paratha, Aloo Tikki Chat","Street Food, Mithai, Momos"
6811,"Pasta","Bakery"
6812,"\N","Continental, Italian, North Indian, Chinese"
6813,"\N","Asian, BBQ, Seafood, Chinese"
6814,"Biryani, Chicken Grill","Kerala, Seafood, South Indian, Chinese, North Indian, Charcoal Chicken, Beverages"
6815,"Chai, Lemon Tea, Chicken Roll","Fast Food"
6816,"Pizza, Pasta, Spinach Salsa, Garlic Bread, Lasagne, Bruschettas, Chocolate Bomb","Italian"
6817,"\N","Kerala, Arabian, Seafood, Beverages"
6818,"Roti, Paratha, Biryani, Thali","North Indian, Chinese"
6819,"Coffee, Momos, Kimchi, Bbq Pork, Hot Pot, Wine, Pancakes","Korean"
6820,"Kunafa, Tea, Mutton Madfoon, Mutton Ribs, Salad, Lamb Ribs, Arabic Cuisine","Arabian"
6821,"\N","Continental, Healthy Food"
6822,"Dessert Jar, Berryblast, Vanilla Ice Cream, Cheesecake","Beverages, Desserts, Ice Cream"
6823,"Ginger Tea, Filter Coffee, Sandwich, Poha, Waffles, Vada","Beverages, Sandwich"
6824,"\N","North Indian, Chinese, Rolls, Fast Food"
6825,"Burgers, Nachos, Fries, Peri Peri Prawn, Fish, Virgin Mojito, Chips","American, Fast Food"
6826,"Burgers, Fries, Chicken Filet Burger, Peri Peri Chicken Wings, Peri Peri Chicken Salad, Peri Peri Chicken Burger, Falafel","Burger, Turkish, Arabian, Fast Food, Salad, Healthy Food, Desserts"
6827,"Vegetable Biryani","Biryani, Kerala, Mughlai, Street Food, North Indian, Chinese, South Indian, Andhra"
6828,"\N","Mughlai, Chinese"
6829,"Pasta, Salad, Noodles, Mousse, Fries, Mocktails, Pizza","Cafe, Continental, Beverages"
6830,"Momos, Prawn, Barfi, Shahi Tukda, Veg Mushroom, Pizza, Masala Lemonade","Continental, North Indian, Asian, Italian"
6831,"Icecream Cake, Hot Chocolate, Brownie, Fig N Honey, Chocolate Fudge, Custard Apple, Cream Cake","Desserts"
6832,"Tea, Pasta, Sandwiches, Hot Chocolate, Sandwich, Pizza, Spaghetti","Cafe"
6833,"Cocktails, Khao Suey, Mocktails, Salad, Malacca Curry, Beer, Sangria","Asian, Thai"
6834,"Filter Coffee, Tea","South Indian, North Indian, Chinese, Beverages"
6835,"Chilli Chicken, Mutton Biryani, Pepper Chicken, Chicken Fry, Donne Chicken Biryani, Chicken Guntur, Chicken Kebab","Biryani"
6836,"Waffles, Vanilla Ice Cream, Hot Chocolate Fudge, Coffee, Tiramisu, Brownie, Chocolava","Desserts, Ice Cream, Beverages"
6837,"Hyderabadi Biryani, Mutton Biryani, Dal Fry","Biryani, Mughlai, Chinese"
6838,"Cocktails, Peri Peri Chicken, Beer, Pasta, Nachos, Pizza, Potato Mash","Continental, North Indian, Chinese, BBQ"
6839,"Momos, Shawarma, Chicken Shawarama","Fast Food, Chinese, Lebanese"
6840,"Pasta, Butter Chicken, Fruit Bowl","Continental, North Indian, Desserts, Beverages"
6841,"Cocktails, Lasagne, Mocktails, Martini, Mutton Pepper, Long Island Iced Tea, Mojito","Asian, North Indian, Thai"
6842,"Burgers, Chicken Grill, Chicken Popcorn, Hot Wings","Burger, Fast Food"
6843,"Burgers, Coke Float, French Fries","Burger, Fast Food"
6844,"Thali","North Indian, Chinese"
6845,"Butter Chicken, Rolls, Railway Mutton Curry, Panneer Butter Masala, Chole Bhature, Palak Paneer, Roti","North Indian, Mughlai"
6846,"Malabar Fish Curry, Appam, Sea Food, Idiyappam, Fish Fry, Thali, Ghee Rice","Kerala, Seafood, Biryani"
6847,"Salt Lassi, Kosha Mangsho, Luchi, Sweet Corn Veg Soup","North Indian, Bengali, Chinese"
6848,"\N","Ice Cream, Fast Food, Beverages"
6849,"Cocktails, Bruschettas, Beer, Tiramisu, Brownie, Chicken Popcorn, Chicken Bbq Wings","Continental, Italian, Burger"
6850,"Cheesecake, Rolls, Coffee, Ice Cream Roll","Ice Cream, Desserts"
6851,"Paratha, Chai, Pav Bhaji, Rolls, Vada Pav, Tea, Poori Chole","Fast Food, North Indian"
6852,"Chicken Grill, Chicken Tikka Roll, Grape Juice, Biryani, Shawarma Roll, Tandoori Chicken, Tandoori Raan","North Indian, Chinese"
6853,"Thali, Biryani","North Indian, Chinese"
6854,"Beer, Cocktails, Burgers, Chicken Nachos, Mocktails, Stout, Margarita","European, American"
6855,"\N","North Indian, Desserts"
6856,"Masala Dosa, Pongal, Tea, Bonda, Filter Coffee","South Indian, North Indian"
6857,"Noodles, Honey Chilli Chicken, Crispy Chilli Chicken","Chinese, Asian, American, Seafood"
6858,"Biryani, Kulfi, Butter Chicken, Dal Makhani, Zaraja Paratha, Vegetable Kebab Platter, Gulab Jamun","North Indian"
6859,"Fries, Ice Cream Roll, Rolls","Ice Cream, Beverages, Fast Food"
6860,"\N","Biryani, Chinese, Hyderabadi, North Indian, South Indian"
6861,"\N","Seafood, Hyderabadi, Chinese"
6862,"Dahipuri, Jal-jeera, Jalebi Rabri, Chicken Grill, Mutton Seekh Kabab, Mutton Curry, Chocolate Sandwich","North Indian, European, Mediterranean, BBQ"
6863,"Chole, Vada, Roti, Paratha","South Indian"
345,"Pasta, Salads, Calamari, Ravioli, Pumpkin Soup, Verdure Pizza, Wine","Italian, Salad"
346,"Noodles, Garlic Butter Noodle, Momos, Chicken Soup, Vanilla Ice Cream, Mocktails, Jasmine Tea","Chinese, Momos"
347,"Prawn Ghee Roast, Fish, Chicken Stew, Appam, Sol Kadhi, Neer Dosa, Kerala Parotta","Kerala, Mangalorean, Seafood"
348,"Burgers, Fries, Mojito, Coffee, Hot Dog, American Cheese Burger","Cafe, Burger, Beverages"
349,"\N","North Indian, Continental, Mughlai, Andhra"
350,"Sea Food, Neer Dosa, Murgh Ghee Roast, Fish, Chicken Sukha, Beer, Butter Chicken","North Indian, Chinese, Mughlai"
351,"Ragi Mudde, Buttermilk","South Indian"
352,"Healthy Breakfast, Caesar Salad, English Breakfast, Burgers, Enchiladas, Omelette, Egg Burger","Cafe, Continental, American, Italian"
353,"Chicken Quesadilla, Burrito Bowl, Rice Bowl, Nachos, California Burrito","Mexican, Fast Food"
354,"Italian Wonder","Desserts, Ice Cream"
355,"Tandoori Fries, Pizza Fries","Fast Food, Beverages"
356,"Burgers, Hot Dog, Mushroom Burger, Mojito, Chicken Bbq Burger, French Fries, Grilled Burger","Cafe, Burger, Fast Food"
357,"Burgers, Spicy Fries, Cosmopolitan, Cocktails, Peri Peri Chicken, Custard, Pepperoni Pizza","Continental, Finger Food"
358,"Rolls, Sabudana Vada, Veggie Wrap, Chicken Wrap, Dal Makhani, Paneer Wrap, Meat Balls","North Indian, Biryani, Fast Food"
359,"Pav Bhaji, Coffee, Tea, Masala Dosa, Naan","South Indian, North Indian, Chinese"
360,"Pancakes, Cocktails, Berry Pulao, Kanda Bhajiya, Brownie Chocolate, Crispy Okra, Mocktails","Parsi, North Indian"
361,"\N","Healthy Food, Cafe, Beverages"
362,"Potato Wedges, Chicken Sizzler, Garlic Bread, Vanilla Ice Cream, Pasta, French Fries","Continental, Chinese, Thai, Italian, BBQ, Steak"
363,"Burgers, Cheesy Fries","Burger, Fast Food, Beverages"
364,"Cocktails, Bruschettas, Peppy Paneer Pizza, Caramel Custard, Beer, Peri Peri Wings, Wood Fire Pizza","Continental, North Indian, Chinese, American, Pizza, Finger Food"
365,"Brownie, Biryani","Healthy Food, North Indian, Thai"
366,"Andhra Meal, Biryani, Chicken Curry","North Indian, Andhra, Chinese"
367,"Cocktails, Butter Chicken, Pizza, Burgers, Pasta, Nachos, Mocktails","European, Continental"
368,"Panneer Butter Masala, Butter Chicken, Kadhai Paneer, Egg Biryani, Noodles, Chilli Paneer","North Indian, Chinese"
369,"Sandwich, Cheesecake, Rainbow Cake, Hot Chocolate, Coffee, Cup Cake, Macaroon","Desserts, Beverages"
370,"Burgers, French Fries, Maharaja Burger","Fast Food, Burger, Beverages, Cafe, Desserts"
371,"\N","Chinese, North Indian, Kerala, Seafood, Fast Food"
372,"\N","Chinese, North Indian, Fast Food, Biryani"
373,"Momos, Spring Roll, Noodles","Chinese, Thai, Seafood, Malaysian"
609,"Chop Suey, Spring Roll, Sweet Corn Soup, Chowmein, Basil Chicken, Manchow Soup, Diced Chicken","Chinese, Asian, American, Seafood"
610,"Chicken Burger, Popcorn Chicken, Sandwich","Fast Food"
611,"\N","Ice Cream, Desserts, Beverages"
612,"Lasagne, Chicken Quesadilla, Garlic Bread","Mexican, Italian"
613,"Sea Food, Neer Dosa, Fish, Squid Masala, Palak Rice, Masala Papad, Chicken Gassi","Mangalorean, Seafood, South Indian, North Indian, Chinese, Mughlai"
614,"Dabeli, Veg Manchow Soup, Momos, Hakka Noodles, Egg Roll, Rolls, Dragon Chicken","South Indian, Chinese"
615,"Chicken Biryani, Fish Curry","Biryani, Kebab, Kerala"
616,"Murgh Ghee Roast, Chicken Biryani","North Indian, Chinese, Biryani, South Indian"
617,"\N","Chinese, Nepalese, Tibetan"
618,"Masala Dosa, Vada, Upma, Filter Coffee, Kesari Bath, Idli Chutney, Kharabath","South Indian"
619,"Garlic Bread, Pasta, Nachos, Salsa, Thin Crust Pizza","Pizza, Italian"
620,"Burgers, Chicken Wings","Fast Food, Burger"
621,"Paneer Hyderabadi, Panneer Butter Masala, Roti, Coffee, Masala Dosa, Mughlai Biryani, Idli Vada","South Indian, North Indian, Chinese"
622,"Chicken Grill, Rumali Roti, Rolls","Mughlai, North Indian, Kebab, Rolls, Chinese"
623,"Icecream Cake","Desserts, Ice Cream"
624,"Waffles, Pasta Alfredo, Hot Coffee","Continental, Beverages, Burger, Coffee, Desserts"
625,"Butter Chicken, Tandoori Chicken, Rolls, Chicken Masala, Chicken Tikka, Roti","North Indian, Chinese"
626,"Brownie, Sandwich","Fast Food, North Indian, Chinese"
627,"\N","North Indian, Chinese, Mughlai, Seafood"
628,"Tomato Soup, Salad, Pizza, Brownie Shake, Chicken Bbq Wings, Fries, Pasta","Cafe, North Indian, Pizza, Sandwich, Salad"
629,"Vegetable Biryani, Raita, Chicken Boneless Biryani, Biryani Combo, Mutton Biryani, Chicken Kebab Biryani, Fish Biryani","Biryani, Kebab"
630,"Chaat, Masala Dosa, Filter Coffee, Pav Bhaji, Curd Rice, Vada, Idli","South Indian, North Indian, Chinese, Street Food, Fast Food"
631,"Masala Dosa, Idli, Tea, Podi Dosa, Pongal, Filter Coffee, Mini Idlis","South Indian"
632,"Rajma Chawal","North Indian"
633,"Cocktails, Fish, Mocktails, Momos, Pizza, Chicken Lollipop, Mushroom Risotto","Cafe, American, Asian, North Indian"
634,"Cheesecake, Chocolate Decadence, Chocolate Fantasy, Brownie, Pancakes, Lava Cake, Chocolate Pastry","Bakery, Desserts"
635,"Singapore Noodles, Kung Pao Chicken, Mixed Fried Rice, Corn Fritters, Clear Soup, Fish, Rice Noodles","Chinese, Seafood"
636,"Rice Bowl, Salads, Burgers, Salad, Prawn, Pancakes, Salmon","Healthy Food, Continental, Juices, Salad, Burger, Beverages, Desserts"
637,"Coffee, Latte","Cafe, Fast Food"
756,"Veg Thali, Aamras, Samosa, Buttermilk, Dal Bati Churma, Rajdhani Thali, Dhokla","North Indian"
757,"Chicken Biryani, Burgers, Halwa, Shawarma Roll, Malabari Biryani, Noodles, Barbeque Chicken","Arabian, North Indian, Chinese, Salad, Beverages"
758,"Gulab Jamun, Vegetable Biryani, Rasmalai, Diwani Handi, Soup Dumplings, Pav Bhaji, Paneer Tikka","Continental, Italian, North Indian, Chinese"
759,"\N","Beverages, Burger, Fast Food"
760,"\N","Pizza, American"
761,"Biryani","Chinese, North Indian, Biryani"
762,"Friendly Staff","South Indian, North Indian, Chinese"
763,"\N","South Indian, Cafe"
764,"\N","Bakery, Street Food"
765,"Thick Shakes, Sandwiches, Pasta, Mocktails","Cafe, Beverages"
766,"Momos, Manchow Soup, Pizza Sandwich, Spring Roll, Noodles, Fries, Fried Rice","Chinese, Continental, Fast Food, Healthy Food"
767,"Salads, Chowmein, Chilli Chicken","Chinese, Thai"
768,"Pizza, Vegetarian, Nachos, Momo Platter, Momos, Salsa, Salad","Cafe, Continental, Beverages, Healthy Food, Desserts, Sandwich, Pizza, Salad"
769,"Biryani, Cocktails, Pasta, Peri Peri Chicken, Paneer Tikka Masala, Mocktails, Pizza","Continental, Finger Food, North Indian, Chinese"
770,"Vegetable Biryani, Lamb, Pizza, Idli, Fish, Lunch Buffet, Butter Naan","Continental, Asian, South Indian, North Indian"
771,"Cheesecake, Kulfi","Ice Cream, Bakery, Desserts"
772,"Pizza, Momos, Brownie, Hakka Noodles, Nachos, White Pasta, Hot Chocolate","Asian, Chinese, Continental, Italian"
773,"Pizza, Chicken Pocket, Garlic Bread","Pizza, Fast Food"
774,"Biryani, Sea Food, Fish Curry Rice","Seafood"
775,"Veg Momos, Honey Chilli Potatoes","Chinese, Momos"
776,"Rolls, Biryani, Chicken Tikka Roll, Chicken Manchurian","North Indian, Mughlai, Rolls, Fast Food"
777,"Mutton Biryani, Mutton Chops, Chicken Fry, Chicken Biryani, Paya, Mutton Fry, Chilli Chicken","South Indian, Biryani"
778,"\N","Mughlai, Desserts"
779,"Naan, Rumali Roti","North Indian"
780,"Chicken Tikka Masala, Mutton Keema Dosa, Mutton Biryani, Raan Biryani, Brain Fry, Chicken Grill, Butter Naan","North Indian, Mughlai, South Indian, Chinese"
781,"Palak Chicken, Mutton Keema Masala, Sarson Ka Saag, Mushroom Masala, Makkai Roti, Palak Paneer, Butter Chicken","North Indian, Chinese"
1271,"Panipuri, Pongal, Paneer Manchurian, Coffee, Palak Paneer, Chaat, Thali","North Indian, Chinese, South Indian"
1272,"Ghee Rice, Butter Chicken, Hyderabadi Chicken, Methi Murg, Bheja Fry, Chicken Kebab, Tandoori Chicken","North Indian, Chinese"
1273,"Chocolate Waffles, Marshmallow, Chocolate Overload, Kitkat Waffles","Desserts, Beverages"
1274,"\N","Finger Food, Fast Food"
1275,"Pizza, Hot Chocolate, Sizzler Brownie, Chocolate Truffle","Desserts, Bakery, Beverages"
1276,"Roti, Rice","North Indian"
1277,"Pasta Arrabiata, Pizza, Salsa, Burgers, Crispy Chicken Salad, Chicken Jumbo Burger, Nachos","Cafe, Continental, Steak"
1278,"Lime Soda, Manchow Soup, Biryani, Chop Suey, Tomato Soup, Butter Naan, Lemon Chicken","Andhra, Seafood, North Indian, Chinese"
1279,"Pizza, Fish, Galauti Kebab, Jalapeno Cheeseballs, Lamb, Long Island Iced Tea, Cocktails","North Indian, Continental, Asian, Pizza"
1280,"Brownie, Hot Chocolate Fudge, Kesar Kulfi, Chocolate Icecreams","Desserts, Ice Cream, Beverages, Sandwich"
1281,"Burgers, Ghee Roast Chicken Biryani","Continental, Asian, Healthy Food, Burger, Biryani, Pizza, Italian, Fast Food"
1282,"Chaap, Egg Noodles, Chicken Momo, Veg Momos, Wheat Momo, Thukpa","Momos, Street Food, Rolls"
1283,"Cheese Maggi, Peri Peri Fries, Pasta Arrabiata","Cafe, Italian, American"
1284,"Brownie, Filter Coffee","Cafe"
1285,"\N","Beverages, Street Food"
1286,"Supreme Pizza, Pane Pizza, Pasta","Pizza, Fast Food"
1287,"Burgers, Cocktails, Beef Patty, Chaap, French Fries, Chicken Burger, Kulcha","Continental, Burger, BBQ"
1288,"Fish Curry, Dal Makhani, Khichda, Chicken Handi","Bengali, Seafood, Oriya, North Indian, Biryani"
1289,"Bamboo Chicken, Hyderabadi Biryani, Ulvacharu Biryani, Spring Roll, Tandoori Chicken, Vegetable Biryani, Pot Biryani","Hyderabadi, Andhra, North Indian, Chinese, South Indian"
1290,"Salad, Coffee, Mocktails, Pizza, Meat Balls, Smoked Tomato Soup, Nachos","Cafe, Continental, Beverages"
1291,"Filter Coffee, Samosa, Tea, Hot Coffee","South Indian, Beverages"
1292,"Pasta, Mocktails, Paneer Tikka, Chinese Bhel, Biryani, Aam Panna, Panipuri","Continental, Biryani, Desserts, Italian, North Indian, Chinese, Modern Indian, Asian"
1293,"Chaat, Paratha, Panipuri, Pav Bhaji, Dahipuri, Tea, Rolls","Fast Food, Street Food"
1294,"Chicken Fries, Burgers, Thin Crust Pizza, Zinger Burger","Cafe, Continental, Beverages"
1295,"Rolls, Salad, Dal Makhani, Chicken Wrap, Pizza, Chocolate Cake, Chocolate Fantasy","North Indian, Biryani, Fast Food"
1296,"Salads, Sunday Brunch, Cocktails, Fish, Club Sandwich, Breakfast Buffet, Sushi","North Indian, Italian, European, Continental"
1297,"Sandwich, Chicken Ham, Sandwiches, Chicken Tikka","Healthy Food, Sandwich, Salad"
1298,"Pizza, Mutton Kebab, Chicken Biryani, Sea Food, Chicken Dim Sum, Pasta, Mocktails","Asian, Mediterranean, North Indian, BBQ"
1299,"\N","North Indian, South Indian, Chinese, Juices"
1300,"\N","Salad, Juices"
1301,"Pizza, Cup Cake, Nachos, Burgers, Garlic Maggi, Cheese Maggi, Sandwich","Cafe, Beverages"
1414,"Momos, Butter Chicken, Fish, Rolls, Laccha Paratha, Salad, Tandoori Chicken","North Indian, Asian, Continental, Bengali, Momos"
1415,"Burgers, Macaroon, Coffee, Eclair, Sandwich, Fries, Hot Chocolate","Cafe, Beverages"
1416,"Mocktails, Fish, Gulab Jamun, Paan Kulfi, Crispy Corn, Prawn, Biryani","North Indian, European, Mediterranean, BBQ, Kebab"
1417,"Paneer Roll, Momos, Corn Bhel, Thali, Chai, Momo Platter, Corn Momo","Cafe, Healthy Food, Fast Food, Beverages"
1418,"Lassi, Paratha, Chur Chur Naan, Raita, Chana Masala, Buttermilk, Kheer","North Indian, Chinese, Juices"
1419,"Rolls, Butter Chicken Roll, Malai Tikka, Mutton Seekh, Chicken Tikka, Bhuna Gosht, Butter Paneer","Fast Food, North Indian, Rolls"
1420,"Veggie Roll, Noodles, Prawn Rolls, Manchurian, Chicken Roll","Fast Food, Rolls, Kebab"
1421,"Benne Masala Dosa, Aloo Palya","South Indian"
1422,"Mutton Biryani, Roti","North Indian, South Indian"
1423,"Chilli Chicken","South Indian, North Indian, Chinese"
1424,"Garlic Bread, Cheese Burst Pizza, Meat Eater Pizza","Pizza"
1425,"Vegetable Biryani, Non Veg Thali, Plain Rice, Chicken Pot Biryani, Naan","Andhra, North Indian, South Indian"
1426,"Aloo Paratha, Highway Chicken, Amritsari Kulcha, Veg Platter, Roti, Garlic Naan","North Indian"
1427,"Pasta, Salad, Burgers, Spaghetti, Mocktails, Chettinad Pizza, Veg Burger","American, Modern Indian, Italian, South Indian"
1428,"Beer, Crab Ravioli, Cocktails, Donne Biryani, Chicken Tacos, Tiramisu, Seafood Ravioli","Asian, Continental, European, North Indian, Mediterranean"
1429,"Faluda, Aloo Paratha, Butter Chicken, Biryani, Chicken Shawarama, Pepper Chicken, Tandoori Roti","North Indian, Arabian, Mughlai, Biryani, Seafood, Beverages"
1430,"Butter Chicken, Chaat, Dahipuri, Beer, Jalebi, Pizza, Momos","BBQ, North Indian"
1431,"Cocktails, Breakfast Buffet, Croissants, Lassi, Caramel Cake, Salads, Waffles","European, Continental, Chinese, Thai"
1432,"Pasta, Pizza, Salads, Tiramisu, Wine, Bruschettas, Sangria","Italian"
1433,"Burgers, French Fries, Chicken Burger","Fast Food, Burger"
1434,"Paneer Peri Peri, Pancakes, Fajitas, Sweet Crepe, Peri Peri Chicken, Chicken Breast, Nutella Crepe","Desserts, Continental"
1435,"Burgers, Orange Mojito, Pasta, Ferrero Rocher Shake, Cheese Burger, Chaat, Chicken Paprika","Cafe, American, Burger, Steak"
1436,"Thukpa, Momos, Garlic Chicken, Sea Food, Manchurian, Vegetable Noodles, Chicken Thupka","Tibetan, Nepalese"
1437,"Thali, Paratha, Dal Kichadi","North Indian, Chinese, Seafood"
1438,"Mocktails, Masala Pizza, Chicken Tikka, Salad, Cocktails, Wine, Chilli Chicken","Continental, Fast Food, European"
1439,"Pizza, Pasta, Pepperoni, Wine, Chicken Bruschetta, Salads, Tiramisu","Italian, Salad"
1440,"Coffee, Bonda Soup, Masala Dosa, Neer Dosa","South Indian, Chinese"
1441,"Chaat, Chole Bhature, Thali, Dahipuri, Raj Kachori, Raita, Lassi","North Indian, Fast Food"
1442,"Chicken Biryani, Tandoori Chicken, Sea Food, Neer Dosa, Fish, Chicken Curry, Arabian Grape Juice","North Indian, Chinese, Biryani"
1614,"Sandwich, Masala Dosa, Set Dosa, Onion Dosa, Coffee, Rava Dosa, Chaat","Street Food, Fast Food"
1615,"Momos, Wedges, Chai, Veg Club Sandwich, Masala Tea, Pasta, Waffles","Cafe, Continental, Momos, Italian, North Indian"
1616,"Mocktails, Fish, Gulab Jamun, Crispy Corn, Paan Kulfi, Mutton Seekh, Prawn","North Indian, European, Mediterranean, BBQ, Kebab"
1617,"Waffles, Nutella Pancakes, Nutella Waffle, Mexican Fries, French Fries, Chocolate Fondue, Chocolate Overload","Desserts"
1618,"Pad Thai Noodle","Thai, Momos"
1619,"Cocktails, Gulab Jamun, Spring Roll, Biryani, Veg Nachos, Buffalo Wings, Egg Bhurji","Chinese, Continental, North Indian, Finger Food"
1620,"\N","North Indian, Chinese, Seafood, Biryani"
1621,"Poha, Samosa, Ginger Chai, Ginger Tea, Banana Cake, Cake Rusk, Coffee","Fast Food, Beverages"
1622,"Raita, Gulab Jamun, Paneer Biryani, Vegetable Biryani, Gosht Dum Biryani, Chicken Biryani, Murgh Biryani","Biryani"
1623,"Veggie Pizza, Garlic Bread, Lava Cake, Chocolava, Spicy Paneer","Pizza"
1624,"Thai Chicken, Paratha, Mutton Fry","North Indian, South Indian, Chinese"
1625,"\N","South Indian, Fast Food, North Indian"
1626,"Beer, Cocktails, Pizza, Peri Chicken, Belgian Wit, Neer Dosa, Cheese Balls","Continental, South Indian, Finger Food, Pizza, Seafood"
1627,"Manchow Soup, Spring Roll, Masala Papad, Curd Rice, Malai Kofta, Roti, Thali","North Indian, Chinese"
1628,"Salads, Sandwiches, Chicken Curry, Dal Makhani, Paratha, Noodles, Apple Mojito","Healthy Food, North Indian, Biryani, Continental, Desserts"
1629,"Puri Saagu, Idli Sambar, Filter Coffee, Plain Dosa, Idli Vada, Vada Sambar, Rava Idli","South Indian, North Indian, Chinese, Street Food, Juices"
1630,"Lassi, Buttermilk, Tandoori Chicken, Mutton Biryani, Dhania Chicken, Mutton Roganjosh, Lime Soda","North Indian"
1631,"Chicken Grill, Grape Juice, Tandoori Chicken, Shawarma Roll, Wings, Rolls, Chicken Curry","North Indian, Kebab, Chinese, Fast Food"
1632,"\N","Fast Food, Burger, Beverages, Ice Cream"
1633,"Mutton Pepper Fry, Biryani, Chicken Tenders, Butter Naan, Roti, Paneer Malai Tikka, Yakhni Pulao","North Indian, Mughlai, Chinese"
1634,"\N","BBQ, Rolls"
1635,"Appam, Kerala Parotta, Buttermilk, Biryani, Chicken Fry, Beef Fry, Fish Curry","Kerala"
1636,"Tandoori Chicken","Andhra, Hyderabadi, Biryani"
1637,"Burgers, Sandwiches, Salmon, Peanut Butter Smoothie, Margherita Pizza, Ravioli, Salad","American, Cafe, Continental"
1638,"\N","Burger, Sandwich, Beverages"
1639,"Vegetable Biryani, Chicken Biryani, Chicken Kebab, Mutton Biryani","North Indian, Biryani"
1640,"Sandwich, Sandwiches, Salad, Salads, Chicken Teriyaki Sub","Healthy Food, Sandwich, Salad"
1641,"Appam, Cocktails, Tiramisu, Mocktails, Kebab Platter, Salads, Lamb","Lebanese, Mediterranean, Afghan"
1868,"\N","Fast Food, Arabian, Beverages"
1869,"Sandwiches, Masala Pav, Chicken Burger, Filter Coffee, Burgers, Masala Chai, French Fries","Bakery, Fast Food"
1870,"Mango Kulfi, Kulcha, Chole, Rice, Tandoori Chicken, Shahi Tukda, Paneer Wrap","Fast Food, Rolls"
1871,"Beer, Cocktails, Nachos, Pork Ribs, Pizza, Tiramisu, Stout","Continental, Finger Food"
1872,"Biryani, Paratha, Salad, Gulab Jamun, Sandwich, Dal Makhani, Chicken Wrap","North Indian, Mughlai, Fast Food"
1873,"Hot Chocolate Fudge, Caramel Ice Cream, Brownie Sundae, Banana Split, Thick Shakes, Brownie Chocolate, Apple Pie","Ice Cream, Desserts"
1874,"Pav Bhaji, Filter Coffee, Onion Dosa, Mysore Pak, Vada, Filter Kaapi, Rava Dosa","South Indian, North Indian, Chinese, Street Food, Fast Food"
1875,"Mutton Chops, Mutton Fry, Brain Fry, Mutton Masala, Mutton Curry, Donne Biryani, Chicken Curry","South Indian"
1876,"Mutton Soup, Roti","North Indian, South Indian"
1877,"Rolls, Cheesy Chicken, Chocolava Cake, Paneer Wrap","North Indian, Biryani, Fast Food"
1878,"Coffee, Spaghetti, Pancakes, Nachos, Pasta, Sandwich, Garlic Bread","Cafe, Chinese, Continental, Italian"
1879,"Cocktails, Paneer Tikka, Rasmalai, Rabri, Masala Papad, Vegetable Biryani, Chicken Curry","North Indian, Afghani, Mughlai"
1880,"Faluda, Mango Lassi, Sweet Lassi, Fruit Salad, Shrikhand, Matka Kulfi, Pudina Lassi","Beverages"
1881,"Lassi, French Fries, Cheese Balls, Paneer Pakora, Dal Makhani, Buttermilk, Cheese Paratha","North Indian"
1882,"\N","Sandwich, Rolls, South Indian, Ice Cream"
1883,"Filter Coffee, Rava Idli, Kali Dosa, Carrot Halwa, Idli Vada, Vada Sambar, Bonda","South Indian"
1884,"\N","Chinese, North Indian, Andhra, South Indian"
1885,"Cocktails, Mocktails, Beer, Biryani, Pizza, Drunken Prawn, Long Island Iced Tea","Continental, Finger Food, Asian, North Indian"
1886,"Buddha Bowl, Chicken Curry, Raita, Brownie, Chole, Veg Thali, Idli","Healthy Food, North Indian, Biryani, Continental, Desserts"
1887,"Breakfast Buffet, Cocktails, Sunday Brunch, Noodles, Mocktails, Veg Sushi, Salads","Continental, North Indian, Japanese, Italian"
1888,"Dal Makhani, Kulcha, Makke Ki Roti, Butter Chicken, Garlic Naan, Tandoori Chicken, Palak Paneer","North Indian"
1889,"\N","Cafe, Burger, Rolls, Beverages"
1890,"Chicken Masala Biryani, Kulcha, Raita, Chicken Nihari, Shami Kebab, Shahi Tukda, Mutton Biryani","North Indian, Biryani, Awadhi, Mughlai"
1891,"Mango Ice Cream, Coffee, Chocolate Icecreams, Tender Coconut Ice Cream, Kala Jamun, Kesar Pista, Malai Korma","Ice Cream, Desserts"
1892,"Pizza, Pasta, Sangria, Bruschettas, Salads, Nachos, Tiramisu","Salad, Healthy Food, Italian, Juices, Mexican, Pizza"
1893,"Paratha, Dal Makhani, Lassi, Naan, Veg Thali, Chole, Kulcha","North Indian"
1894,"Lassi, Mushroom Masala, Chaach, Aloo Paratha, Chole Kulcha, Kadai Paneer, Chole Bhature","North Indian"
1895,"\N","Arabian, Rolls, Kebab"
2018,"\N","North Indian, Biryani, Ice Cream, Desserts"
2019,"Donut, Choco Bomb, Latte, Coffee, Hot Chocolate, Waffles, Chocolate Decadence","Bakery, Desserts, Beverages"
2020,"Chilli Paneer, Hakka Noodles","Chinese"
2021,"Fish","South Indian, North Indian, Chinese"
2022,"Donut, Coffee, Chocolate Dreamcake, Latte, Cookie Crunch, Hot Chocolate, Cappuccino","Desserts, Beverages"
2023,"Rolls, Phirni, Mutton Biryani, Kadhai Murgh, Tandoori Roti, Chicken Roll, Chicken Chaap","North Indian, Mughlai, Biryani"
2024,"Lassi, Murgh Lababdar, Chaap, Patiala Paneer, Butter Paneer, Butter Chicken, Chicken Rara","North Indian"
2025,"Vada, Coffee, Masala Dosa, Idli, Tea, Podi Dosa, Pongal","South Indian"
2026,"Sizzler Brownie, Ice Tea, Paneer Steak, Momos, Pizza, Sangria, Tomato Soup","American, Continental, Fast Food, Steak"
2027,"Wonton, American Chopsuey","Chinese"
2028,"Chicken Satay, Mutton Brain, Egg Biryani, Paneer Tikka Masala, Rolls, Lemon Chicken, Butter Chicken","North Indian, Mughlai, South Indian, Chinese"
2029,"\N","Street Food, Mithai, North Indian"
2030,"Chole Bhature, Thali, Papdi Chaat, Shahi Paneer","Mithai, Street Food"
2031,"Momos, Wedges, Chai, Veg Club Sandwich, Masala Tea, Pasta, Maggi","Cafe, Continental, Momos, Italian, North Indian"
2032,"Peri Peri Chicken, Shikanji, Peri Peri Pizza, Steak, Bun Maskas, Pasta, Burgers","Cafe, Continental, Fast Food, Pizza, Italian, Burger, Chinese, Desserts"
2033,"Paneer Pasanda, Panneer Butter Masala, Murgh Platter, Veg Platter, Jeera Rice","Biryani, North Indian, Chinese"
2034,"Gajar Ka Halwa, Gulab Jamun, Vanilla Ice Cream, Fish, Salad, Chicken Biryani, Tomato Soup","North Indian, Pan Asian, Chinese, Italian, Continental, South Indian"
2035,"Rolls, Mutton Biryani, Tangdi Kabab, Butter Chicken, Kheer, Chicken Roll, Tandoori Chicken","North Indian, Mughlai, Rolls, Fast Food"
2036,"Masala Dosa, Bonda Soup, Rava Dosa, Tomato Soup, Bhel Puri, Coffee, Roti","South Indian, North Indian, Chinese, Street Food"
2037,"Pizza, Mushroom Soup, Pasta, Banana Smoothie, Almond Soup, Potato Skins, Kiwi Lemonade","Italian, Salad, Healthy Food, Cafe, Asian, Desserts, Pizza"
2038,"Pasta, Peri Peri Chicken, Basil Smoothie, Baked Chicken, Yakisoba","Continental, American, Mediterranean, Healthy Food"
2039,"Pizza, Seafood Pasta, Panna Cotta, Ravioli, Lasagne, Tiramisu, Virgin Sangria","Italian"
2040,"\N","Chinese, Thai, Pan Asian"
2041,"Pizza, Chocolate Cake, Cocktails, Nachos, Sangria, Craft Beer, Mocktails","Continental, Asian, Italian, North Indian"
2042,"Biryani, Veg Thali, Chicken Tikka, Tandoori Roti, Buttermilk","Andhra, Biryani"
2043,"Brownie Chocolate, Chicken Biryani, Noodles, Veg Momos","North Indian, Chinese, Biryani"
2044,"Wheat Beer, Salsa, Pizza, Tiramisu, Lager, Cosmopolitan, Cocktails","Finger Food, North Indian, Continental"
2045,"Chicken Curry","South Indian"
2046,"\N","Cafe, Healthy Food, Beverages"
2047,"Burgers, Momo Burger, Chocolate Momos, Tandoori Momos","Tibetan, Momos"
2048,"Salads, Gulab Jamun, Fish Curry, Lunch Buffet","North Indian, Chinese, Continental"
2049,"Garlic Bread, Thin Crust Pizza, Pizza Burger","Pizza, Fast Food"
2050,"Caramel Ganache","Desserts, Ice Cream, Beverages"
6864,"\N","Biryani"
6865,"\N","North Indian, Chinese"
6866,"Puttu Biryani, Egg Roast","Kerala, North Indian, Chinese"
6867,"\N","Chinese, Kerala, South Indian"
6868,"Chicken Steak, Beer, Beef Steak, Cheese Nachos, Honey Chilli Potatoes, French Fries, Masala Peanuts","Finger Food"
6869,"Biryani, Breakfast Buffet, Fish, Salads, Burgers, Caramel Pudding, Steak","European, American, Continental, North Indian, Steak"
6870,"Courteous Staff","North Indian, Chinese"
6871,"Coffee, Pasta, Salads, Tiramisu, Pizza, Waffles, Pancakes","Cafe, Continental, Italian"
6872,"Pizza, Coffee, Burgers, Pasta, Tiramisu, Sandwiches, Tea","Cafe, Desserts"
6873,"Paneer Roll, Masala Chai, Masala Tea, Aloo Paratha, Chaat, Brownie Chocolate, Methi Paratha","Cafe, Street Food"
6874,"\N","Cafe, Fast Food, Beverages"
6875,"Pulpy Grape Juice, Chicken Grill, Tandoori Chicken, Shawarma Roll, Bbq Chicken, Mutton Biryani, Tomato Soup","Arabian, North Indian, Chinese, Fast Food"
6876,"\N","Mughlai, Chinese, North Indian"
6877,"\N","South Indian, Beverages"
6878,"Chaat, Dabeli, Panipuri","Street Food, Fast Food"
6879,"Chaach, Bhindi Anardana, Thandai, Jal-jeera, Lunch Thali, Sweet Lassi, Crispy Babycorn","North Indian"
6880,"\N","Fast Food, North Indian"
6881,"\N","Bakery, Sandwich"
6882,"Tomato Soup, Brownie Shake, Pizza, Salad, Fries, Chicken Bbq Wings, Pasta","Cafe, North Indian, Pizza, Sandwich, Salad"
6883,"Burgers, Fries, Pasta, Pork Chops, Chocolate Milkshake, Sandwiches, Waffles","Cafe, Burger, Italian, Salad"
6884,"\N","North Indian, Mughlai, Biryani"
6885,"\N","Street Food"
6886,"Benne Dosa","South Indian"
6887,"\N","Cafe, Continental, Beverages"
6888,"\N","Fast Food, Rolls"
6889,"Rice Bowl, Burgers, Hot Wings, Virgin Mojito, Chicken Popcorn, Fries, Zinger Burger","Burger, Fast Food"
6890,"Jeera Rice, Mutton Chops, Chicken Salad, Vegetable Biryani, Zafrani Mutton Biryani, Mutton Seekh, Mutton Roganjosh","North Indian, Mughlai, Salad"
6891,"Coffee, Masala Dosa, Tea, Badam Milk, Vada, Idli, Raagi Dosa","South Indian, Coffee"
6892,"Chocolate Overdose, Chocolate Icecreams, Brownie, Coffee, Waffles, Tiramisu, Hot Chocolate Fudge","Desserts, Beverages"
6893,"Coffee, Burgers, Pasta, Beef Steak, Chicken Lasagne, Salads, Sandwiches","Fast Food, American, Chinese"
6894,"\N","Turkish, Rolls"
6895,"Burgers, Wood Fire Pizza, Nachos","Italian, American, Fast Food, Wraps, Rolls, Salad"
6896,"Matka Lassi, Paneer Tikka, Chole, Shikanji, Onion Kulcha, Malai Chaap, Soya Chaap","North Indian"
6897,"Luchi, Mutton Kosha, Mutton Curry, Roti, Fish Finger, Chicken Curry","Bengali, Bihari"
6898,"\N","Biryani, Rolls, Middle Eastern, Arabian, Charcoal Chicken"
6899,"Coffee, Cup Cake","Bakery, Desserts"
6900,"Chicken Grill, Biryani, Shawarma","North Indian, Seafood, Biryani, Kerala"
6901,"Noodles, Nasi Goreng, Rolls, Kiwi Mojito, Brownie, Tom Yum Soup, Dumplings","Chinese, Thai, Asian"
6902,"\N","Street Food, Beverages"
6903,"Chicken Grill, Rumali Roti, Rolls","Mughlai, Kebab, Chinese"
6904,"\N","Mangalorean, Chinese, North Indian"
6905,"Belgian Chocolate, Waffle Cone, Tiramisu","Ice Cream, Bakery, Desserts"
6906,"Italian Wonder","Desserts"
6907,"\N","Seafood"
6908,"Pasta, Wedges, Pizza, Nachos, Mocktails, Burgers, Thick Shakes","Cafe, Continental, Italian, Burger"
6909,"Filter Coffee, Triple Chocolate, Brownie Chocolate, Vanilla Ice Cream, Brownie Shake, Tiramisu, Chocolate Shake","Desserts, Fast Food"
6910,"Spaghetti, Wheat Beer, Cocktails, Risotto, Nachos, Gourmet Pizza, Draught Beer","Continental, Italian"
6911,"\N","Mithai"
6912,"Beer, Cocktails, Masala Peanuts","North Indian, Chinese"
6913,"Chilli Chicken, Chicken Curry, Mutton Biryani, Gundappa Donne Biryani","Biryani"
6914,"Burgers, Paan Ice Cream, Butter Chicken Pizza, Peri Peri Chicken Burger, Caramel Custard, Cheesecake, Hot Chocolate","Ice Cream, Cafe, Pizza, Burger, Desserts, Beverages"
6915,"Butter Naan, Mocktails, Cocktails, Sunday Brunch, Waffles, Gulab Jamun, Veg Platter","North Indian, Mughlai"
6916,"\N","Fast Food, Rolls, Momos"
6917,"\N","Biryani, Andhra, Chinese"
6918,"Cocktails, Chaap, Tandoori Chicken, Mocktails, Beer, Ghee Roast Mutton, Martini","Continental, Asian, North Indian"
6919,"\N","Finger Food, Continental"
6920,"Egg Noodles, Biryani","North Indian, Chinese, Biryani"
6921,"Kebab Biryani, Raita, Chicken Biryani, Vegetable Biryani, Basmati Rice, Hyderabadi Biryani, Dum Biryani","Biryani"
6922,"\N","BBQ"
6923,"Butter Chicken, Pasta, Gulab Jamun, Rolls, Fruit Custard, Halwa, Maggi","North Indian, South Indian, Chinese"
6924,"\N","North Indian, Chinese, Italian, Thai"
6925,"\N","North Eastern"
6926,"\N","Cafe, Continental"
6927,"\N","Cafe, Bakery"
6928,"Tea, Chocolate Muffin, Veg Burger, Coffee, Burgers, Brownie, Donut","Cafe, Bakery"
6929,"Tandoori Chicken, Butter Chicken, Lassi, Shahi Paneer, Tandoori Roti, Rumali Roti, Biryani","North Indian, Chinese"
6930,"\N","Fast Food, Rolls, Juices"
6931,"Cocktails, Pizza, French Fries","Italian, North Indian, Continental"
6932,"\N","Burger, Cafe, Pizza, Beverages"
6933,"Belgian Waffles, Bubble Gum Shake, Hot Chocolate, Salted Caramel, Nutella Waffle","Desserts, Beverages"
6934,"Paratha, Samosa, Vada Pav","North Indian, Mithai"
6935,"Hunan Tofu, Noodles, Jumbo Prawns, Jasmine Tea, Chicken Momo, Cocktails, Momos","Chinese"
6936,"Jasmine Tea, Spring Roll, Golden Fried Prawns, Hakka Noodles, Hunan Chicken Gravy, Drunken Chicken Wings, Dragon Rolls","Chinese, Thai, Momos, Vietnamese"
6937,"Biryani","North Indian, South Indian, Continental, Asian"
6938,"Cup Cake, Peri Peri Paneer Pizza, Coffee, Waffles, Hot Chocolate, Chocolate Hazelnut, Rainbow Cake","Cafe, Bakery"
6939,"\N","North Indian, Mangalorean, Chinese"
6940,"Masala Vada, Buttermilk","South Indian"
6941,"Mutton Keema Biryani, Panneer Butter Masala, Pot Biryani, Vegetable Biryani, Thali, Dal Makhani, Tangdi Kabab","South Indian, North Indian, Chinese, Biryani"
6942,"Thali, Chilli Chicken, Chicken Curry, Andhra Meal, Vegetable Biryani","Andhra, Chinese, North Indian, Biryani"
6943,"Hyderabadi Style Biryani, Tandoori Chicken, Mutton Biryani, Vegetable Biryani, Dum Biryani, Chicken Boneless Biryani, Lemon Chicken","Biryani, North Indian, Chinese"
6944,"\N","Healthy Food, North Indian, Thai"
6945,"Phirni, Butter Chicken, Cocktails, Kadhai Paneer, Chicken Curry, Cucumber Juice, Rabri","North Indian, Mughlai, Italian"
6946,"\N","Cafe, Sandwich, Beverages"
6947,"\N","North Indian, Oriya, Chinese"
6948,"\N","Chinese, Biryani"
6949,"Pizza, Pasta, Mocktails, Tiramisu, Mousse, Sangria, Minestrone Soup","Italian, Continental, Pizza"
6950,"Friendly Staff","Continental, Chinese, North Indian, South Indian"
6951,"Omelette, French Toast, Bun Masala, Pasta, Egg Pav Bhaji, Fajitas, Paneer Wrap","Continental, American"
6952,"Mushroom Quiche, Chicken Quiche, Coffee, Chocolate Milkshake, Caramel Frappe, Espresso, Tea","Cafe, Continental, American, Desserts"
6953,"Balti Gosht, Cocktails, Dal Makhani","Mughlai, North Indian, Desserts"
6954,"Cocktails, Tom Yum Soup, Lobster Bisque, Lobster Risotto, Pulled Pork, Lamb, Asparagus Risotto","Thai, Continental, North Indian"
6955,"\N","Fast Food, North Indian, Chinese"
6956,"Rolls, Shawarma, Chicken Shawarama, Beef Shwarma, Haleem, Beef Seekh Roll, Chicken Roll","Arabian, Biryani, Rolls, Kebab"
6957,"\N","Continental, Italian, Chinese"
6958,"Nachos, Pasta Del Barone, Cheesy Garlic Bread, Thin Crust Pizza, Oreo Milkshake, Tortilla Chips, Manali Pizza","Pizza, Italian"
6959,"Cocktails, Mocktails, Pizza, Butter Chicken Burger, Paan Ice Cream, Margarita, Sangria","European, North Indian, Mediterranean, Asian, Salad"
6960,"Gulab Jamun, Thali, Salad","Bengali"
6961,"\N","North Indian, Mithai"
6962,"Waffles, Blueberry Cheesecake, Brownie Fudge, Vanilla Ice Cream, Freak Shake, Nutella Cheesecake, Nutella Waffle","Ice Cream, Desserts, Beverages"
6963,"Whole Meat Shawarma, Fries, Jumbo Shawarma, Malgoum Shawarma, Rolls, Chicken Shawarama, Kerala Parotta","Arabian"
6964,"\N","North Indian, Chinese, Fast Food"
6965,"Rasmalai, Murgh Lababdar, Kadai Paneer, Dal Makhani, Fish, Jal-jeera, Lassi","North Indian"
6966,"Potato Skins, Pizza, Mushroom Soup, Pasta, Banana Smoothie, Almond Soup, Kiwi Lemonade","Italian, Salad, Healthy Food, Cafe, Asian, Desserts, Pizza"
6967,"Sea Food, Neer Dosa, Crab Ghee Roast, Jumbo Prawns, Thali, Crab Butter, Crab Masala","Seafood, Mangalorean, North Indian, Chinese"
6968,"Sushi, Miso Soup, Steak, Ramen, Tea, Rolls, Tempura","Japanese"
6969,"\N","North Indian, Chinese, Arabian, Rolls"
6970,"Tom Yum Soup, Cocktails, Jasmine Rice, Clear Soup, Sea Food, Pad Thai, Lemongrass Tea","Thai, Asian"
6971,"Brownie, Mutton Seekh, Salads, Rasmalai, Tandoori Aloo, Mutton Soup, Lunch Buffet","North Indian, Mughlai"
6972,"\N","Tibetan, Chinese"
6973,"Roti, Naan, Butter Chicken, Biryani, Saffron Rice, Mutton Kebab, Lassi","North Indian, Iranian"
6974,"Pav Bhaji, Chaat, Masala Poori, Panipuri, Dahipuri, Sev Puri, Sandwiches","Chinese, Beverages, Street Food"
6975,"Fish, Aloo Posto","North Indian, Mughlai, Bengali, Chinese"
6976,"Burgers, Peri Peri Chips, Beer, Mocktails, Peri Peri Chicken, Potato Wedges, Butterfly Chicken","Portuguese, Wraps, Burger, Salad"
6977,"Noodles, Dragon Chicken, Chop Suey","Chinese, Momos"
6978,"\N","Continental, Burger, Cafe, Steak"
6979,"\N","Cafe, Fast Food, Sandwich, Pizza"
6980,"Sandwiches, Pav Bhaji, Ice Cream Roll, Sev Puri, Vada Pav, Sandwich, Dabeli","Cafe, Desserts, Beverages, Italian"
6981,"\N","Kebab, Rolls, Charcoal Chicken"
6982,"Mutton Roganjosh, Shawarma, Chicken Biryani, Raita, Chicken Kebab, Tandoori Chicken, Butter Naan","Biryani, Mughlai, Chinese, Arabian"
6983,"\N","Seafood, North Indian"
6984,"\N","Kebab, Mughlai, Biryani"
6985,"\N","Tibetan"
6986,"\N","North Indian, Chinese, Bengali, Biryani"
6987,"\N","Juices, Beverages"
6988,"Salads, Pasta, Dal Makhani, Paratha, Chole, Red Velvet Cake, Butter Chicken","North Indian, Continental"
6989,"Sea Food, Murgh Ghee Roast, Chicken Lollipop, Biryani, Fish Fry, Neer Dosa, Bread Pudding","Mangalorean, Seafood"
6990,"Salads, Sandwiches, Arugula Salad, Pasta, Avocado Sandwich, Protein Smoothie, Spaghetti","Cafe, Italian, Healthy Food"
6991,"Beer, Beef Steak, Potato Wedges, Burgers, Nachos, Chilli Pork, Masala Peanuts","American, North Indian, Chinese"
6992,"Manchurian, Vegetarian, Sweet Corn Soup, Paneer Tikka, Noodles, Rabri, Veg Fried Rice","North Indian, Chinese, Continental"
6993,"Fish, Peas Pulao, Naan, Kulcha","North Indian, South Indian, Italian, Continental"
6994,"Waffles, Pie, Corn Dog","Desserts, Beverages, American"
6995,"Burgers, Coffee, Mutton Burger, Sandwiches, Hot Chocolate, Fries, Sandwich","Cafe, American, Fast Food, Coffee, Continental"
6996,"Macaroon, Fruit Tart, Opera Cake, Belgian Dark Chocolate, Orange Tart, Eclair, Chocolate Mousse","Bakery, French, Desserts"
6997,"Momos, Hakka Noodles, Chop Suey","Chinese"
6998,"Coffee, Pasta, Tea","Lebanese, Mediterranean, Cafe"
6999,"Craft Beer, Cocktails, Stout, Chicken Wings, Fish, Brewed Beer, Mysore Pak","Modern Indian"
7000,"Burgers, Peri Peri Chicken, Salad, Nachos, Peri Peri Wings, Chicken Fries, Salads","Fast Food, Healthy Food"
7001,"Beef Biryani, Paratha, Fish Curry, Chicken Biryani, Fish Fry","Kerala, Biryani, North Indian, Chettinad"
7002,"Pizza, Coffee, Pasta, Nachos, Mocktails, Fish, Sandwich","Cafe, Italian, American, Continental"
7003,"Burgers, Peri Peri Chicken Steak, Pizza, Pasta, Meat Balls, Beef Burger, Hot Chocolate","Cafe, Italian, Burger, American, Steak"
7004,"\N","Fast Food, Street Food, Momos"
7005,"Coffee, Kadhai Paneer","South Indian, North Indian, Chinese, Street Food"
7006,"Garlic Naan, Tandoori Chicken, Basmati Rice","North Indian, Chinese, Biryani"
7007,"\N","Kerala, Chinese, North Indian"
7008,"\N","Lebanese, Turkish, BBQ, Burger"
7009,"\N","North Indian, Street Food, Fast Food"
7010,"Burgers, Chicken Wings, Mango Shake, Chicken Crisp Burger, Cheesy Fries, Chicken Fries, Burger Meal","Burger, Fast Food, Beverages"
7011,"Raita, Chicken Biryani","Biryani"
7012,"Waffles, Pancakes","Desserts, Beverages"
7013,"Sandwiches, Chicken Sandwich, Faluda, Egg Sandwich, Salads, Fruit Salad","Beverages, Juices, Fast Food"
7014,"Noodles, Chilli Chicken, Biryani, American Chopsuey, Chinese Bhel, Chowmein, Prawn","Chinese, North Indian, Momos, Biryani"
7015,"Fries, Sandwich, Paan Shake, Pasta, Sandwiches, Noodles, Pizza","North Indian, Street Food, Pizza, Burger, Sandwich"
7016,"Beer, Dragon Chicken, Mojito, Cocktails, Murgh Platter, Mocktails, Sea Food","Chinese, Continental, North Indian"
7017,"Panner Tikka, Coffee, Vada, Idli","South Indian, North Indian, Chinese"
7018,"Mutton Biryani, Brinjal Curry, Chicken Biryani, Kheer, Hyderabadi Biryani, Raita, Kebab Platter","Biryani"
7019,"Laham Mandi, Mutton Chops, Biryani, Mutton Soup, Naan, Paneer Tikka, Jeera Rice","North Indian, Mughlai, Arabian, Chinese"
7020,"Coffee, Idli, Vada, Thali","Chinese, South Indian, North Indian"
7021,"Masala Peanuts, Chicken Biryani, Roti","Andhra, South Indian, Chinese, North Indian"
7022,"Rolls, Beda Roti, Chicken Baida Roti, Chicken Tikka Roll, Aloo Tikka Roll, Mushroom Roll","Biryani, Fast Food, Rolls"
7023,"\N","Rajasthani, North Indian"
7024,"Pav Bhaji, Vada Pav, Panipuri, Tea, Samosa Chaat, Bhel Puri, Jalebi","Street Food, North Indian"
7025,"Pasta","North Indian, Chinese"
7026,"Naan, Tandoori Roti, Chicken Biryani, Dal Makhani, Shahi Paneer, Dum Biryani, Paneer Tikka","North Indian, Mughlai"
7027,"Salads, Pasta, Sandwiches, Momos, Hakka Noodles, Veg Salad, Russian Salad","Salad, Fast Food"
7028,"\N","North Indian, Biryani, South Indian"
7029,"Chicken Biryani, Raita, Egg Chilli","Biryani, North Indian"
7030,"Hot Chocolate, Waffles, Brownie, Chicken Pizza, Tea, Chocolate Cupcake, Pasta","Cafe, Bakery"
7031,"Cappuccino, Eclair, Pizza, Coffee, Blueberry Cheesecake, Oreo Cheesecake, Tiramisu","Cafe, Desserts"
7032,"Coffee, Kulfi, Beef Steak, Chocolate Shake, Sandwiches, Beer, Omelette","South Indian, North Indian, Chinese, Beverages"
7033,"\N","Mediterranean, European, Healthy Food"
7034,"Sea Food","Seafood, North Indian, Chinese, Continental, Mangalorean"
7035,"Paneer Pizza, Penne Pasta, Cheesecake, Chocolate Pizza, Paneer Tikka, Fries","Pizza, Cafe, Italian"
7036,"Biryani, Ragi Mudde, Chicken Curry","South Indian, Biryani, Chinese, North Indian"
7037,"\N","Chinese, Beverages, Andhra"
7038,"\N","Andhra, Chinese, South Indian"
7039,"\N","Fast Food, Chinese, North Indian"
7040,"\N","Andhra, Biryani, North Indian, South Indian"
7041,"\N","Chinese, South Indian, Fast Food"
7042,"Veggie Pizza, French Fries","Pizza, Italian, Desserts"
7043,"Singapore Sling, Sea Food Platter, Cocktails, Long Island Iced Tea, Vanilla Ice Cream, Martini, Ghee Rice","European, Continental"
7044,"\N","Continental, Biryani, Italian, North Indian, Chinese"
7045,"Mutton Seekh, Paan Kulfi, Biryani, Fish, Crispy Corn, Salads, Panipuri","North Indian, European, Mediterranean, BBQ, Kebab"
7046,"Cocktails, Khao Suey, Mocktails, Salad, Beer, Malacca Curry, Sangria","Asian, Thai"
7047,"Cocktails, Paneer Tikka, Beer","Continental"
7048,"Butter Chicken, Pasta, Rolls, Fruit Custard, Gulab Jamun, Maggi, Halwa","North Indian, South Indian, Chinese"
7049,"\N","Chinese, Thai, North Indian"
7050,"Kadak Chai, Cutting Chai, Ginger Tea, Vada Pav, Samosa Bun","Cafe"
7051,"Peri Peri Chicken, Shawarma, Biryani, Rolls","Biryani, North Indian, Arabian"
7052,"Cocktails, Biryani, Pizza, Veg Sushi Platter, Salads, Cheesecake, Lamb Chops","European, Spanish, Continental, Italian"
7053,"Pasta, Cocktails, Sunday Brunch, Orange Mousse, Salads, Chicken Dum Biryani, Kheer","North Indian, South Indian, Continental"
7054,"\N","North Indian, Chinese, Biryani, Seafood, Fast Food, Beverages"
7055,"\N","Biryani, Seafood"
7056,"Hot Chocolate","Desserts"
7057,"Filter Coffee, Hot Coffee, Chaat, Brownie, Tea","Cafe"
7058,"Chicken Biryani","Biryani, Andhra"
7059,"\N","Finger Food, Chinese, North Indian"
7060,"\N","Biryani, Hyderabadi"
7061,"Salads, Martini, Tiramisu, Caviar, Ravioli, Cocktails, Wine","Spanish, Italian, Mediterranean, European, Salad"
7062,"Cocktails, Pie, Rolls, Mezze Platter, Schnitzel, Pancakes, Eggs Benedict","Modern Indian, European, American"
7063,"Pizza, Cheesy Fries, Chicken Ceaser Salad, Tiramisu, Salads, Cocktails, Burgers","Cafe, Italian, American"
7064,"Strawberry Mojito, Cocktails, Chicken Momo, Caramel Custard, Long Island Iced Tea, Spring Roll, Tortilla Chips","Chinese, Continental, American, Steak"
7065,"Burgers, Pizza, Coffee, Cappuccino, Fries","Cafe, Italian, Desserts"
7066,"Pasta, Lunch Buffet, Masala Papad, Paneer Lajawab, Tomato Shorba, Dum Biryani, Sweet Corn Soup","North Indian, Mughlai, Chinese"
7067,"Churros, Cannelloni, Minestrone Soup, Hot Chocolate, Pink Sauce Pasta, Salsa, Veg Supreme Pizza","Cafe, Mexican, Italian"
7068,"Rooftop Ambience","South Indian"
7069,"Paneer Tikka, Dal Kichadi, French Fries","North Indian, Chinese"
7070,"Burgers, Panneer Butter Masala, Pasta, Hot Dog, Fries, Cheesy Pizza, Potato Wedges","Cafe, Burger, Continental, Italian, Desserts"
7071,"Ragi Mudde, Lemon Chicken, Chilli Chicken, Chicken Curry, Mutton Chops, Mutton Biryani","South Indian, Biryani, Chinese, North Indian"
7072,"Filter Coffee, Tea, Hot Coffee, Hatti Samosa","South Indian, Beverages"
7073,"\N","Fast Food, Chinese, Rolls"
7074,"Butter Chicken, Chicken Grill, Tandoori Chicken, Noodles, Biryani, Fried Rice Chicken","North Indian, Chinese, Fast Food"
7075,"Sea Food, Neer Dosa","Mangalorean, Seafood, North Indian"
7076,"Masala Poori, Bhel Puri, Panipuri, Chaat, Dahipuri, Sev Puri, Dahi Aloo Puri","Street Food"
7077,"Gajar Ka Halwa, Lassi, Jeera Rice, Shahi Paneer, Shikanji, Makke Ki Roti, Kofta Curry","North Indian"
7078,"Pizza","Pizza, Fast Food, BBQ"
7079,"\N","Fast Food, Mithai"
7080,"Masala Dosa, Idli Chutney, Kharabath, Filter Coffee, Kesari Bath, Idli Vada, Maddur Vada","South Indian"
7081,"Mango Chiller, Fattoush, Prawn, Salads, Vegetable Biryani, Irani Chicken Tikka, Chilli Chicken","Arabian, Biryani, Chinese, Middle Eastern, Fast Food, North Indian, Mughlai, Seafood"
7082,"Lunch Buffet, Goan Fish Curry, Mocktails, Chicken Biryani, Cocktails, Paan Kulfi, Pasta","North Indian, European, Mediterranean, BBQ, Kebab"
7083,"Hummus Falafel, Gulab Jamun, Shawarma, Bbq Chicken, Mojito, Chicken Biryani, Manchow Soup","BBQ, Arabian, Chinese, North Indian, Desserts"
7084,"Waffles","Cafe, Fast Food, Desserts, Beverages"
7085,"Pizza, Pasta, Bubble Tea, Brownie, Pancakes, Cheesy Garlic Bread, Chocolate Waffles","Cafe, Italian, Desserts"
7086,"\N","North Indian, South Indian, Seafood, Rolls"
7087,"Chicken Grill, Biryani","Biryani, North Indian, Charcoal Chicken, Chinese, Seafood, Rolls"
7088,"Coffee, Mushroom Masala, Masala Dosa, Palak Paneer","South Indian, North Indian, Chinese"
7089,"\N","Fast Food, Arabian"
7090,"Chicken Biryani","North Indian, Mughlai"
7091,"Katla Kalia, Basanti Pulao, Biryani, Aloo Posto, Mutton Kosha, Ilish, Mutton Dak Bunglow","Bengali"
7092,"\N","Chinese, Hyderabadi, North Indian"
7093,"Brownie, Chocolate Devotion, Icecream Cake, Cotton Candy Ice Cream, Coffee, Strawberry Smoothie","Ice Cream, Desserts"
7094,"Tandoori Chicken, Mutton Biryani, Andhra Biryani, Raita, Hyderabadi Dum Biryani, Chicken Boneless Biryani, Vegetable Biryani","Biryani, Chinese, Mughlai, Fast Food, Kebab"
7095,"\N","Seafood, Biryani, South Indian, North Indian, Chinese, Arabian, Kebab, Kerala"
7096,"Cheese Dosa, Tea, Pizza Dosa","Street Food, South Indian"
7097,"Paratha, Palak Paneer","North Indian"
7098,"\N","Street Food, Sandwich"
7099,"Chicken Tikka, Kheer, Butter Chicken, Dal Makhani, Makke Ki Roti, Lassi, Paratha","North Indian"
7100,"Chicken Biryani, Butter Chicken","North Indian, Chinese, Biryani, Rolls"
7101,"Poha, Jalebi, Paratha, Bhindi Masala, Kachori, Puri Sabzi, Samosa","North Indian, Street Food"
7102,"Coffee, Pasta, Basil Pesto Chicken, Exotic Veg Pizza, Basil Soup, Nachos, Chicken Sizzler","Cafe, American, Italian, Continental, Chinese"
7103,"Tandoori Chicken, Butter Naan, Kadai Paneer, Pepper Chicken","North Indian, Chinese, Kebab"
7104,"\N","Tea, Fast Food"
7105,"\N","Arabian, Chinese, North Indian, Rolls, Momos"
7106,"Kheer, Fruit Cream, Panipuri, Rajasthani Thali, Kulfi, Shrikhand, Dal Bati","Rajasthani"
7107,"\N","Drinks Only"
7108,"Rajma, Dal Makhani, Kadhi Chawal, Dal Tadka","North Indian, Biryani"
7109,"\N","Bengali, Chinese, Rolls"
7110,"Roti, Chicken Biryani","North Indian, Chinese"
7111,"Waffles, Burgers, Masala Fries, Crunchy Veg Burger, Tiramisu, Chocolate Pancakes, Oreo Shake","Cafe, Beverages, Desserts"
7112,"Cheesecake","Bakery"
7113,"Pizza, Peppy Paneer","Pizza, Fast Food"
7114,"Masala Dosa, Idli","South Indian, North Indian"
7115,"Pot Biryani, Sea Food, Fish Thali","North Indian, Mangalorean, Chinese"
7116,"\N","Bakery, Fast Food, Desserts, Beverages"
7117,"Pizza Waffles, Sandwich, Hot Chocolate, Fries, Marshmallow, Cheesecake, Nutella Shake","Desserts, Beverages"
7118,"Biryani, Fried Rice Chicken","Andhra, North Indian, Chinese, Mangalorean, Seafood, Biryani"
7119,"Kachori, Indori Poha, Cheese Paratha, Paneer Parantha, Thali, Poha Jalebi","North Indian, Street Food"
7120,"\N","Maharashtrian, Fast Food, Street Food, Sandwich"
7121,"\N","Lebanese, Fast Food, Beverages"
7122,"\N","South Indian, North Indian, Chinese, Kebab"
7123,"Pasta, Coffee, Buffalo Chicken Wings, Caesar Salad, Cheesy Fries, Mojito, Salads","Cafe, American, Continental, Italian"
7124,"Egg Paratha, Tangdi Kabab, Butter Chicken, Ghee Rice, Faluda, Shawarma, Chicken Kebab","North Indian, Chinese, Kerala, Mughlai, Arabian, Beverages"
7125,"Liti Chokha, Aloo Litti, Dal Halwa","Bihari"
7126,"Nachos, Chocolate Waffles, Nutella Waffle, Salsa, Oreo Waffle","Desserts"
7127,"\N","Healthy Food, Salad"
7128,"\N","Biryani, Andhra"
7129,"English Breakfast, Eggs, Baked Beans, Oreo Pancake, Nutella Pancakes, French Toast, Omelette","Continental"
7130,"\N","Kerala, Chinese, Fast Food"
7131,"Dragon Chicken, Butter Chicken, Rolls, Mutton Biryani, Raita, Panneer Butter Masala, Tandoori Chicken","North Indian, Chinese, Biryani"
7132,"Tandoori Chicken, Paratha","Arabian, Kerala, North Indian, Chinese, BBQ"
7133,"Sandwiches, Masala Pav, Chicken Burger, Filter Coffee, Burgers, Masala Chai, French Fries","Bakery, Beverages"
7134,"Butter Chicken, Noodles","North Indian, Chinese, Kerala"
7135,"Hyderabadi Mutton Biryani","Biryani, Kebab, Rolls, Mughlai"
7136,"Burgers, Oreo Mcflurry, French Fries, Mcspicy Chicken Burger, Paneer Pockets, Tikki, Chicken Maharaja Mac","Fast Food, Burger"
7137,"Cheese Paratha","North Indian"
7138,"Pizza Parantha, Chai, Paratha, Fries, Cheese Maggi, Rajma Chawal","North Indian, Fast Food"
7139,"\N","Biryani, South Indian, Fast Food, Rolls, Kebab, North Indian"
7140,"Mocktails, Pasta, Wood Fire Pizza, Paneer Malai Tikka, French Fries, Nachos, Burgers","Continental, Chinese, Fast Food, Beverages"
7141,"Waffles, Healthy Breakfast, English Breakfast, Pancakes, Burgers, Sandwiches, Mushroom Omelette","Cafe, American, Burger"
7142,"Sandwich, Cheesecake, Cup Cake, Hot Chocolate, Coffee, Macaroon, Mousse","Desserts, Beverages"
7143,"Bamboo Chicken, Pot Biryani, Brain Fry, Hyderabadi Biryani, Brinjal Curry, Jowar Roti, Mutton Curry","Andhra, Biryani, North Indian, Chinese"
7144,"Momos, Noodles, Dragon Chicken, Chicken Manchurian, Wonton Soup, Chilli Chicken","Chinese, Momos"
7145,"Fish Fry, Crab Sukha, Chicken Biryani, Fish Curry, Murgh Ghee Roast, Roti, Naan","Andhra, North Indian, Chinese, Seafood"
7146,"Cocktails, Pizza, Burgers, Pasta, Coconut Chicken, Mocktails, Nachos","European, Continental"
7147,"Chicken Grill, Ghee Rice","North Indian, Chinese, Biryani"
7148,"Fish Curry, Appam, Tea, Egg Roast, Sea Food","Kerala, North Indian, Chinese"
11101,"Masala Dosa, Pongal, Filter Coffee, Tea, Idli","South Indian, Kerala"
11102,"Naan, Roti, Shahi Paneer, Shahi Tukda","North Indian"
11103,"Noodles, Manchow Soup, Sake, Veg Sushi, Virgin Pinacolada, Tempura Prawns, Sea Food","Chinese, Sushi, Asian, Thai"
11104,"Veg Platter, Burgers, Mushroom Soup, Cocktails, Nachos, Lemon Margarita, Chicken Fajita","American, Tex-Mex, Burger, BBQ, Mexican"
11105,"Fish, Pepper Corn, Salads, Mutton Biryani, Lunch Buffet, Apple Pie, Dahi Vada","North Indian, Chinese, South Indian, Continental"
11106,"Mushroom Quiche, Chicken Quiche, Coffee, Caramel Frappe, Espresso, Chocolate Milkshake, Tea","Cafe, Continental, American, Desserts"
11107,"Palak Soup, Mushroom Masala, Dal Makhani, Kebab Platter, Jal-jeera, Mushroom Soup, Roti","North Indian, Chinese, Healthy Food"
11108,"Cocktails, Peri Peri Wings, Brownie, Tempura Prawns, Burgers, Mezze Platter, Pizza","Mediterranean, Italian, Asian"
11109,"Lassi, Paratha, Chicken Tikka, Mutton Pulao, Dal Makhani, Garlic Naan, Kheer","North Indian, Mughlai"
11110,"Cocktails, Chicken Tikka, Sunday Brunch, Rasmalai, Lunch Buffet, Ravioli, Mocktails","Goan, Asian, North Indian, European, Continental"
11111,"Cocktails, Noodles, Chips, Shephards Pie, Lamb, Pizza, Beer","American, Asian, Continental, North Indian, South Indian, Chinese"
11112,"Masala Chaach, Dal Makhani, Pasta, Wood Fire Pizza, Sweet Lassi, Bharwan Mushroom, Paneer Tikka Masala","Cafe, Italian, Pizza, North Indian"
11113,"\N","North Indian, Sandwich"
11114,"Pizza, Waffles, Roti, Pasta, Sushi, Salads, Fish","North Indian, European, Thai"
11115,"Donut, Filter Coffee, Cookie Crunch, Custard, Hot Chocolate, Hot Coffee, Latte","Desserts, Beverages"
11116,"\N","Cafe, Chinese, South Indian"
11117,"Coffee, Cheesecake, Paratha, Hot Chocolate, Biryani, Donut","South Indian, North Indian, Continental, European"
11118,"Chaat","Burger, Fast Food"
11119,"\N","Finger Food, North Indian"
11120,"Chicken, Hyderabadi Biryani, Mutton Biryani","North Indian, Hyderabadi, Chinese"
11121,"Donut, Filter Coffee, Chocolate Doughnut, Custard","Desserts, Beverages"
11122,"\N","Mithai, North Indian, Street Food"
11123,"Noodles, Chilli Chicken","North Indian, Bengali, Chinese"
11124,"Cocktails, Mocktails, Chicken Chatpata, Beer, Chilli Chicken, Fish Tikka, Masala Peanuts","North Indian, Chinese"
11125,"Mutton Cutlets, Filter Coffee, Masala Dosa, Omelette, Vada, Scrambled Eggs, Hot Coffee","South Indian"
11126,"Cocktails, Pizza, Murgh Platter, Draught Beer, Chicken Wings, Veg Platter, Fries","Continental, Chinese"
11127,"Rolls, Fries, Egg Roll","Fast Food, Rolls, Momos"
11128,"\N","Continental, Chinese, Italian"
11129,"Coffee, Sandwich, Peri Peri Fries, Peri Peri Sizzler, White Sauce Pasta","Cafe, Continental, Thai, Chinese"
11130,"Pizza, Waffles, Pasta, Sandwiches, Garlic Bread, Chicken Grill, Cheese Sandwich","Bakery, Fast Food, Pizza, Burger, Cafe"
11131,"\N","Cafe, Desserts, Beverages"
11132,"Appam, Khao Suey, Rabri, Chicken Biryani, Kebab Platter, Prawn, Pad Thai","North Indian, South Indian"
11133,"\N","Turkish, Fast Food"
11134,"Thali, Filter Coffee, Vada, Rava Idli, Masala Dosa, Stuffed Kulcha, Naan","South Indian, North Indian, Chinese, Street Food"
11135,"\N","Fast Food, Cafe"
11136,"\N","Fast Food, Juices, Chinese"
11137,"\N","Beverages, Desserts, Fast Food"
11138,"Sea Food, Anjal Tava Fry, Murgh Ghee Roast","Biryani, Seafood"
11139,"\N","Cafe, Burger, Continental, Chinese"
11140,"Pizza, Rolls, Burgers","Pizza"
11141,"English Breakfast, Coffee, Watermelon Feta Salad, Waffles, Salads, Pasta, Hazelnut Cappuccino","Cafe, Italian"
11142,"Gelato Ice Cream, Chocolate Icecreams, Tiramisu, Coffee, Italian Icecream, Caramel Ice Cream, Waffle Cone","Desserts, Ice Cream"
11143,"Biryani, Chicken Curry, Kerala Parotta, Appam, Chicken Grill","North Indian, Chinese, South Indian, Kerala"
11144,"\N","North Indian, South Indian, Fast Food"
11145,"Pizza, Chocolate Cake, Cocktails, Beer, Nachos, Sangria, Mocktails","Continental, Asian, Italian, North Indian"
11146,"Chips, Lamb, Cocktails, Wedges, Roast Chicken, Pizza, Margarita","Chinese, Continental, Finger Food, Italian"
11147,"Coffee","Fast Food, North Indian, South Indian"
11148,"Pasta, Pizza, Burgers, Pancakes, Garlic Bread","Cafe, Beverages"
11149,"Burgers, Zinger Burger","Burger, Fast Food, Beverages"
11150,"Sea Food, Biryani, Fish Thali, Neer Dosa, Murgh Ghee Roast","Mangalorean, Seafood"
11151,"Coffee, Masala Dosa, Vegetable Biryani","South Indian, North Indian, Chinese"
11152,"Coffee, Masala Dosa","South Indian, Street Food, Juices"
11153,"Biryani, Chilli Chicken, Neer Dosa","North Indian, Biryani"
11154,"Palak Rice, Draught Beer","North Indian, Chinese"
11155,"Masala Dosa, Coffee","South Indian, Chinese, Street Food, Juices"
11156,"\N","Bakery, Cafe"
11157,"Sandwiches, Sandwich, Oreo Shake, French Fries","Chinese, Fast Food"
11158,"Chicken Curry","South Indian, Biryani"
11159,"Chicken Burger, Pasta, Garlic Bread","Italian, Chinese, Continental"
11160,"\N","Street Food, Momos"
11161,"Cup Cake, Chocolate Truffle","Bakery, Desserts"
11162,"\N","Fast Food, Raw Meats"
11163,"Chicken Kebab, Biryani, Masala Tikka, Chicken Tikka","North Indian, Chinese"
11164,"\N","Cafe, Italian, Mexican, Chinese"
11165,"\N","Biryani, Charcoal Chicken"
11166,"Biryani","Andhra, Biryani"
11167,"Rolls, Aloo Paratha, Lassi, Bread Omelette","North Indian, Chinese, Rolls"
11168,"Waffle Cone","Ice Cream, Desserts"
11169,"Thai Crispy Chicken, Mojito, Watermelon Martini, Chicken Biryani, Beef Fry, Cocktails, Calamari","Finger Food, Continental, North Indian"
11170,"Beer, Jalapeno Cheeseballs, Peri Peri Chicken Burger, Burgers, Nachos, Barbecue Chicken Wings, Cheesy Fries","Continental, American, Chinese, BBQ, Salad"
11171,"Sandwiches, Salads, Lamb, Ice Tea, Chicken Salad, Steak, Chicken Shashlik","American, Continental, Fast Food, Steak"
11172,"Pancakes, Waffles, Bbq Sandwich, Mushroom Ragout, Big Breakfast, Nutella Waffle, Omelette","Cafe, Continental"
11173,"\N","Beverages, Fast Food, Burger"
11174,"Masala Idli, Filter Coffee","South Indian"
11175,"\N","Fast Food, Chinese, North Indian, Biryani"
11176,"Dum Biryani, Prawn Curry, Paneer Biryani, Chicken Boneless Biryani, Apollo Fish","Andhra, Biryani, Chinese, North Indian, Seafood, South Indian"
11177,"Cappuccino, Burgers, Fish, Pizza, Coffee, White Sauce Pasta, Fries","Cafe"
11178,"Chicken Biryani, Mutton Roganjosh, Andhra Meal","Andhra, Biryani, South Indian, Chinese"
11179,"Cup Cake, Chocolate Cake","Desserts"
11180,"Filter Coffee, Masala Dosa, Pongal, Pav Bhaji, Badam Milk, Thali","South Indian, North Indian, Chinese, Street Food, Fast Food"
11181,"Burgers, Pasta, Cocktails, American Cheese Burger, Chicken Salad, Pancakes, Chocolate Dessert","Cafe, American, Burger, Steak"
11182,"Sea Food, Burgers, Onion Rings, Non Veg Thali, Craft Beer, Roti, Pizza","North Indian, Chinese, Pizza"
11183,"Biryani, Fried Rice, Fish, Chicken Lollipop","Biryani, North Indian, South Indian, Chinese"
11184,"Gol Gappe, Noodles, Lassi, Chocolate Milkshake","Continental, North Indian"
11185,"Hyderabadi Biryani, Chicken Biryani, Mutton Paya, Mutton Biryani, Vegetable Biryani, Khichda, Tandoori Chicken","Biryani, Hyderabadi, Kebab"
11186,"\N","Beverages, Sandwich, Chinese"
11187,"Hyderabadi Biryani, Vegetable Biryani, Mutton Biryani, Veg Dum Biryani, Chicken Boneless Biryani, Egg Biryani, Chicken Dum Biryani","Biryani"
11188,"\N","Biryani, Kerala, Mughlai, Street Food, North Indian, Chinese, South Indian, Andhra"
11189,"Whole Meat Shawarma, Jumbo Shawarma, Spicy Shawarma, Momos","Arabian, Fast Food"
11190,"Chaat, Jalebi, Samosa, Badam Milk, Panipuri","Mithai, Street Food"
11191,"Chicken Boneless Biryani, Brownie, Rolls, Chicken Masala, Chocolate Milkshake, Chicken Curry, Noodles","North Indian, Chinese, Biryani"
11192,"\N","South Indian, Chinese, North Indian, Sandwich, Rolls"
11193,"\N","Fast Food, Desserts, Ice Cream"
11194,"Momos, Noodles, Thukpa, Honey Chilli Potatoes, Chicken Thupka, Pork Chilli, Crispy Honey Chicken","Tibetan, Chinese, Momos"
11195,"Tikki, Chicken Tikka, Chicken Biryani, Thali, Shammi Kebab Roll, Rumali Roti, Nihari","Lucknowi, Chinese"
11196,"Sizzler Brownie, Steak, Potato Mash, Caramel Custard, Pasta, Spicy Chicken Sizzler, Spaghetti","American, Continental, Fast Food, Steak"
11197,"Noodles, Lunch Buffet, Fish, Manchurian, Salads, Salad","Chinese, Thai, Indonesian"
11198,"Biryani","South Indian, Hyderabadi"
11199,"Burgers, Popcorn, Chicken Roll","Fast Food"
11200,"Neer Dosa, Fish Curry, Chicken Sukha, Rawas Fry, Thali, Fish Rava Fry","South Indian, Seafood"
11201,"Maggi, Sandwiches, Rolls","Fast Food, Rolls"
11202,"Donut, Cappuccino, Coffee, Custard, Hot Chocolate, Chocolate Dreamcake, Cookie Crunch","Desserts, Beverages"
11203,"\N","Desserts, Sandwich, Pizza, Burger"
11204,"Virgin Mojito, Butter Chicken, Mocktails, Pizza, Nachos, Cocktails, Egg Chilli","Continental, North Indian, Chinese"
11205,"Masala Dosa, Chaat, Panneer Butter Masala","South Indian, North Indian"
11206,"Tea, Chai, Nachos, Poha, Veg Sandwich, Bombay Sandwich, Sandwiches","Cafe, Street Food"
11207,"Biryani, Roti, Thali, Sandwich, Salad, Gulab Jamun","North Indian, Chinese, Mughlai, Desserts"
11208,"Thali, Lassi, Rice, Chole Bhature, Paratha, Dal Makhani, Dal Tadka","North Indian"
11209,"Appam, Vegetable Stew, Chicken Fry, Pothichoru, Fish Curry, Chicken Curry","Kerala"
11210,"\N","Continental, Mexican, Lebanese"
11211,"Butterscotch Ice Cream, Sandwiches, Milk Shake, Brownie, Hot Chocolate Fudge, Vanilla Ice Cream, Burgers","Desserts, Fast Food, Beverages"
11212,"Cocktails, Burgers, Mocktails, Gelato, Chicken Biryani, Gulab Jamun, Whisky Sour","Mexican, Italian, Fast Food, North Indian"
11213,"Chocolate Milkshake, Mocktails, Burgers, Nachos, Virgin Mojito, Fries, Pizza","Cafe, Italian, Pizza, Continental"
11214,"Waffle Cone, Chocolate Icecreams, Tender Coconut Ice Cream, Coffee Walnut, Custard Apple","Ice Cream, Beverages"
11215,"Sandwiches, Mint Oreo Shake, Faluda, Brownie Shake, Cheese Sandwich, Ice-cream Shake, Chicken Sandwich","Desserts, Beverages"
11216,"\N","Biryani, Beverages"
11217,"Biryani, Mutton Fry, Buttermilk","South Indian"
11218,"Chura Paratha, Mocktails, Phirni, Shikanji, Soan Papdi","North Indian, Biryani"
11219,"Cocktails, Momos, Pizza, Mushroom Ragout, Roti, Mocktails, Nachos","European, Continental, Asian, Finger Food"
11220,"Noodles, Cucumber Salad, Dragon Chicken, Momos, Spring Roll, Sea Food, Chicken Momo","Chinese, North Indian"
11221,"Thali, Chaat, Roti, Sandwiches","North Indian, Chinese, Fast Food, Street Food"
11222,"Sandwich","Healthy Food, Sandwich, Salad"
11223,"Rajma, Dal Makhani, Maggi, Chole, Roti, Chicken Biryani, Egg Curry","North Indian, Biryani"
11224,"\N","Turkish"
11225,"\N","Biryani, North Indian, Chinese, Kerala"
11226,"Cocktails, Mocktails, Momos, Chilli Chicken, Crispy Corn, Nachos, Mojito","American, North Indian, Chinese, Finger Food"
11227,"Chicken Biryani","North Indian"
11228,"Pasta, Fish, Beer, Chicken Wings, Mocktails, Gulab Jamun, Lunch Buffet","Continental, Chinese"
11229,"Salads, Gulab Jamun, Breakfast Buffet, Fish, Lunch Buffet, French Toast, Chicken Wings","North Indian, Continental, Chinese, South Indian"
11230,"Breakfast Buffet","North Indian, Continental, South Indian, Asian"
11231,"Misal Pav, Chicken Chatpata, Shrikhand, Puran Poli, Vada, Mutton Thali, Kokum Sharbat","Maharashtrian, Seafood"
11232,"Cheesecake","Ice Cream, Desserts"
11233,"Mexican Shawarma","Lebanese"
11234,"Breakfast Platter, Roast Chicken, Sea Food, Calamari, Waffles, Chorizo Pav, Prawn Curry","Goan, Seafood, Konkan, Desserts"
11235,"Chicken Steak, Cheese Balls","Continental, Italian, Pizza"
11236,"\N","Finger Food, Salad, Chinese, Continental"
11237,"Salads, Coffee, Breakfast Buffet, Halwa, Chicken Biryani, Lunch Buffet, Noodles","Chinese, Continental, North Indian"
11238,"Roti, Fish Fry, Egg Noodles","North Indian, Chinese"
11239,"Beef Fry, Appam, Chicken Curry, Kerala Parotta, Idiyappam, Egg Curry, Biryani","Kerala, Chinese, North Indian"
11240,"\N","North Indian, South Indian, Biryani, Chinese"
11241,"\N","Fast Food, Kerala"
11242,"Masala Dosa","South Indian, Fast Food, Street Food"
11243,"Burgers, Coffee, Pasta, Peri Peri Fries, Kit Kat Shake, Nachos, Paneer Tikka Pizza","Cafe, Salad, Wraps, Beverages"
11244,"\N","North Indian, Chinese, Biryani, Mangalorean"
11245,"Biryani, Multi Grain Dosa, Kheer, Egg Bhurji, Sooji Halwa, Tamarind Chicken, Coffee","Andhra, South Indian, North Indian"
11246,"Thali, Andhra Chilli Chicken, Coconut Mousse, Raita, Kothu Paratha, Appam, Tender Coconut Payasam","South Indian, Kerala, Andhra, Biryani, Chettinad, Konkan, Mangalorean"
11247,"Salads, Beef Steak, Pork Chops, Crispy Pork, Wine, Chicken Salad, Pork Ribs","North Eastern, Asian, Naga, Steak, Momos"
11248,"Sandwiches","Bakery, Desserts, Sandwich"
11249,"Panneer Butter Masala, Paratha, Vegetable Biryani","North Indian, Chinese, Biryani"
11250,"\N","Lucknowi, Biryani"
11251,"Pasta, Mojito, Masala Lemonade, Nachos, Butter Chicken Pizza, Chocolate Pizza, Thin Crust Pizza","Italian, Pizza"
11252,"Pizza, Pasta, Mocktails, Tiramisu, Garlic Bread, Salsa, Raspberry Mojito","Burger, Desserts, Italian, Pizza, Salad"
11253,"Cocktails, Masala Fries, Chicken Wings, Beer, Onion Rings, Pizza, Nachos","American, Finger Food"
11254,"\N","Biryani, Chinese, Fast Food, Kebab"
11255,"Raita, Paneer Biryani","Biryani, North Indian, Chinese"
11256,"Burgers, Pancakes, Waffles, Salad","Healthy Food, Salad"
11257,"Salads, Chicken Sandwich, Brownie, Spaghetti, Arugula Salad, Cheesecake, Cheese Chilli Toast","Cafe, Healthy Food, Salad, Beverages, Desserts"
11258,"Malai Kofta","North Indian, Chinese"
11259,"Lassi, Roti, Veg Thali, Aloo Paratha, Egg Curry","North Indian"
11260,"Chicken Shorba, Jumbo Prawns, Beer, Cocktails, Paan Shot, Butter Naan, Biryani","North Indian"
11261,"Chicken Grill, Biryani, Shahi Tukda, Chop Suey, Barbeque Chicken, Naan, Fish","North Indian, Chinese"
11262,"Chicken Biryani, Mutton Biryani, Egg Biryani, Chicken Fry, Mutton Fry","South Indian, Mangalorean"
11263,"Masala Dosa, Idli, Vada Sambar","South Indian, North Indian"
11264,"Lasagne, Garlic Bread, Veg Lasagna","Mexican, Italian"
11265,"Dal Tadka, Matar Methi Malai, Malai Kofta, Jeera Rice, Roti","North Indian"
11266,"Burgers, Fries, Beef Burger, Pasta, Salad, Mudpie, Falafel Burger","Cafe, Burger, Italian, Salad"
11267,"\N","Andhra, Beverages, Biryani, Chinese, Fast Food, Hyderabadi, North Indian, South Indian"
11268,"Cocktails, Dahi Kebab, Rajma Chawal, Butter Chicken, Craft Beer, Chicken Dumplings, Teriyaki Fish","Continental, North Indian, Italian, South Indian, Finger Food"
11269,"Salad, Salads, Apple Tart, Vada, Idli, Dhokla, Pasta","North Indian, Mughlai, Hyderabadi"
11270,"\N","South Indian, North Indian, Continental, Chinese"
11271,"Chicken Biryani, Vegetable Biryani, Raita","Biryani, Kebab"
11272,"\N","North Indian, European, Mediterranean, BBQ, Kebab"
11273,"Chicken Biryani","Chinese, South Indian, Andhra, North Indian, Biryani"
11274,"Appam, Egg Curry","South Indian, North Indian, Chinese"
11275,"\N","North Indian, Chinese, Fast Food, Street Food, Mithai"
11276,"Rabri, Naan, Chaap, Raita, Tandoori Chicken, Tangdi Kabab, Dal Makhani","North Indian, Rolls"
11277,"Kori Roti, Fish, Sea Food","Seafood, Biryani, Hyderabadi, North Indian"
11278,"Chicken Guntur, Vegetable Biryani, Executive Chicken Biryani, Mutton Biryani, Hyderabadi Chicken Biryani","Biryani, North Indian"
11279,"Thali, Kadhi, Malpua, Khichda, Dahi Vada, Dal Bati Churma, Rabri","North Indian"
11280,"Egg Chilli, Chilli Babycorn, Chicken Curry, Sweet Lassi, Palak Paneer, Chaach, Butter Chicken","North Indian"
11281,"Chai, Aloo Samosa, Tea","Street Food, Fast Food"
11282,"French Fries, Veg Burger, Pancakes, English Breakfast, Omelette","Cafe, Fast Food, Continental"
11283,"Coffee, Burgers, French Fries","Cafe, Bakery, Desserts"
11284,"Chicken Biryani, Wings","Hyderabadi, Chinese, Biryani, Arabian"
11285,"Chicken Momo, Chilli Pork, Chicken Thukpa, Noodles, Manchow Soup, Pork Momo, Veg Momos","Chinese, Momos"
11286,"Papaya Salad, Tom Yum Soup, Pad Thai, Thai Spice, Sea Food, Thai Green Curry, Bubble Tea","Thai"
11287,"Mocktails, Soda Pops, Pasta, Pudding, Clear Soup, Chicken Steak, Chips","Continental, Steak"
11288,"Pizza, Beer Cocktail, Cocktails","North Indian, South Indian, Chinese, Italian"
11289,"Macaroon, Coffee, Cappuccino, Pinacolada, Ferrero Rocher, Latte","Cafe, Desserts, Continental"
11290,"Gulab Jamun, Lassi, Manchurian Roll","North Indian, Chinese, Rajasthani"
11291,"Spaghetti, Ghee Roast Mutton, Draft Beer, Pinacolada, Pizza, Cocktails, Craft Beer","Continental, Asian, North Indian"
11292,"Dum Biryani, Fiery Chicken, Butter Chicken, Pepper Chicken, Paneer Tikka Masala, Chicken Grill, Corn Paratha","North Indian, Mughlai, South Indian, Chinese"
11293,"Ginger Tea, Samosa, Masala Chai, Saffron Chai, Banana Walnut Cake","Cafe, Tea, Beverages, Fast Food"
11294,"Rolls, Ice Cream Roll, Brownie, Hot Chocolate, Peri Peri Fries, Irish Coffee, Mississippi Mudpie","Desserts, Ice Cream, Beverages, Fast Food, Sandwich"
11295,"Pasta, Nachos, Beef Teriyaki, Pizza","Continental, Asian, Modern Indian"
11296,"Rajasthani Thali, Panneer Butter Masala, Shrikhand, Papdi Chaat, Rasgulla, Jal-jeera, Lunch Thali","Rajasthani"
11297,"Sea Food, Masala Prawn, Crabmeat Soup, Crab Ghee Roast, Anjal Masala Fry, Prawn Curry, Tandoori Pomfret","Chinese, North Indian, Kerala, Mangalorean, Seafood"
11298,"Filter Coffee, Crab Soup, Fish, Fried Rice","Chinese, North Indian"
11299,"Burgers, Chicken Wings, Beer, Cocktails, Peri Peri Chicken Steak, Peri Peri Wings, Peri Fries","American, Continental, BBQ, Steak"
11300,"Tea, Waffles, Coffee, Nutella Waffle, Wedges, Pizza, Pasta","Cafe, Continental, Mediterranean, Italian, Desserts"
11301,"Pork Chops, Craft Beer, Chicken Biryani, Chowmein, Cocktails, Mocktails, Drunken Chicken Wings","Continental, American"
11302,"Soba Noodles, Pad Thai Noodle, Pickled Beetroot, Chicken Sandwich","Continental, Chinese, North Indian, Asian, Healthy Food, Fast Food"
11303,"Radhaballavi, Egg Noodles, Egg Roll, Fish Curry, Egg Devils, Thali, Alur Dom","Bengali, North Indian"
11304,"\N","Momos, Street Food, Fast Food, Tibetan, Chinese"
11305,"Pesto Pizza, Buffalo Wings, Cocktails, Beer, Egg Ghee Roast, Chicken Chips, Brownie","Continental, Finger Food, Seafood, Pizza"
11306,"Pasta, Garlic Bread, Salads, Chicken Lasagne, Blueberry Cheesecake, Salad, Thin Crust Pizza","Pizza, Italian"
11307,"\N","Thai, Momos"
11308,"Sea Food, Andhra Meal, Mutton Biryani, Mutton Chops, Butter Naan, Noodles, Brownie","Andhra, North Indian, Chinese"
11309,"Panneer Butter Masala","North Indian, Chinese"
11310,"\N","North Indian, Chinese, Mughlai, Biryani"
11311,"\N","Chinese, Pizza, Fast Food"
11312,"Tex Mex Burger, Pasta, Pizza, Fish, Burgers, Salads, Veg Burger","Cafe, Italian"
11313,"Murgh Patiala, Shawarma, Chicken Grill","Chinese, North Indian, Mexican, Fast Food"
11314,"Pasta, Pizza, Sangria, Bruschettas, Salads, Nachos, Chocolate Bomb","Salad, Healthy Food, Italian, Juices, Mexican, Pizza"
11315,"Poha, Samosa, Jalebi, Kachori","Street Food, North Indian"
11316,"Rice, Chicken Boneless Biryani, Masala Paneer","Andhra, South Indian, North Indian, Biryani"
11317,"Dum Aloo, Sweet Lassi, Aloo Paratha, Biryani","North Indian"
11318,"Coffee, Cappuccino","Cafe, Fast Food"
11319,"\N","Chinese, BBQ, North Indian, Fast Food"
11320,"Donne Biryani, Pepper Chicken","Biryani"
11321,"Sandwich, Pasta, Sandwiches, Brownie","North Indian, Continental"
11322,"Paneer Pizza, Onion Rings, Oreo Shake, Peri Peri Chicken Pizza, Pasta","Cafe, Continental"
11323,"Sattu Paratha","North Indian"
11324,"\N","North Indian, Kebab, Mughlai"
11325,"\N","Juices, South Indian, Chinese, Fast Food"
11326,"Burgers, Cheesy Chicken Burger, Chicken Chilli Pizza, Monster Burger, Peri Peri Chicken Burger, Butter Chicken Pizza, Mojito","Ice Cream, Cafe, Pizza, Burger, Desserts, Beverages"
11327,"Cocktails, Pasta, Sunday Brunch, Red Wine Sangria, Shotgun Chicken, New Zealand Lamb Chops, Beer","Mediterranean, Italian, Mexican"
11328,"Coffee, Cappuccino, Sandwich, Tiramisu, Hot Chocolate, Fries, Pesto Pasta","Cafe, Salad, Desserts, Pizza"
11329,"Chole Bhature, Deluxe Thali, Lassi, Chaat, Aloo Paratha, Soya Chaap Biryani, Dahipuri","North Indian, Street Food"
11330,"Non Veg Thali, Egg Maggi","North Indian, Chinese"
11331,"Cocktails, Craft Beer, Chicken Sukha, Murgh Ghee Roast, Biryani, Neer Dosa, Vada","South Indian"
11332,"Coffee, Vada, Mla Dosa","South Indian, North Indian"
11333,"Chocolate Cookies, Cocktails, Fudge Sundae, Jasmine Rice, Gong Bao Chicken, Date Pancakes, Tender Coconut Ice Cream","Chinese"
11334,"Burgers, Chocolate Shake, Chicken Fries, Veg Whopper, Chicken Whopper, Veg Burger, Grilled Chicken Burger","Burger, Fast Food, Beverages"
11335,"\N","North Indian, Chinese, Juices"
11336,"\N","Rajasthani, Gujarati"
11337,"Badam Milk, Masala Dosa, Filter Coffee, Pav Bhaji, Noodles, Idli, Chole Bhature","South Indian, North Indian, Chinese, Juices"
11338,"Tandoori Roti, Soya Chaap","North Indian, Biryani, Rolls, Beverages"
11339,"Burgers, Fries, Pizza, Pasta","Cafe, Continental, Beverages, Fast Food"
11340,"Hot Chocolate, Brownie, Chocolate Truffle, Apple Tart, Cup Cake, Macaroon, Chocolate Cake","Bakery, Cafe"
11341,"Ghee Rice, Chicken Grill, Butter Chicken, Chicken Tikka Masala, Chicken Curry, Roti, Chicken Kebab","North Indian, Chinese, Biryani, Kebab, Juices"
11342,"Cocktails, Nachos, Jalapeno Cheeseballs, Draught Beer, Chicken Tikka, Masala Peanuts, Mai Thai","Continental, North Indian, Chinese"
11343,"Sandwiches, Chicken Tikka Sandwich","Beverages, Fast Food"
11344,"Burgers, Tea, Hot Coffee, Hot Chocolate, Cappuccino, Fries, Veg Burger","Cafe"
11345,"\N","Continental, North Indian, Chinese, Burger, Pizza, Salad"
11346,"Burgers, Hot Dog, Coffee, Hot Chocolate, Sandwich, Double Choco Mocha, Fish N Chips","Cafe, Fast Food, Chinese"
11347,"Chicken Kothu Paratha, Dindigul Biryani, Chicken Chukka, Plain Dosa, Mutton Biryani","Biryani, South Indian, North Indian"
11348,"Neer Dosa, Butter Naan, Chicken Curry, Butter Chicken, Panneer Butter Masala, Dal Tadka, Biryani","North Indian, South Indian, Chinese, Seafood"
11349,"Sushi, Noodles, Wine, Khau Suey, Mocktails, Yakisoba, Spring Roll","Asian, Korean, Indonesian, Japanese, Chinese, Thai, Momos"
11350,"Pasta, Pizza, Nachos, Tiramisu, Peri Peri Fries, Mexican Bowl, Mocktails","Italian, Mexican"
11351,"Prawn Biryani, Dragon Chicken, Chicken Boneless Biryani, Afghani Biryani, Mughlai Biryani, Paneer Tikka Biryani, Gongura Biryani","Biryani, North Indian, Chinese, Andhra, South Indian"
11352,"Noodles, Fried Rice Chicken, Veg Momos, Chowmein, Schezwan Fried Rice, Clear Soup, Sweet Corn Soup","Chinese, Thai, Momos"
11353,"Cocktails, Pizza, Chicken Tikka, Fish, Burgers, Nachos, Almond Flakes","Pizza, Continental, North Indian, Chinese"
11354,"\N","Juices, Sandwich, Street Food"
11355,"Thatte Idli","South Indian"
11356,"Biryani, Double Ka Meetha, Dragon Chicken, Lassi, Chicken Tikka Masala, Kodi Vepudu, Chicken Malai Tikka","Biryani, Chinese, Mughlai, Andhra"
11357,"\N","South Indian, North Indian, Biryani"
11358,"\N","South Indian, Mangalorean, Chinese, Juices"
11359,"Tea, Shawarma, Egg Roast, Biryani, Appam","Kerala"
11360,"Filter Coffee, Bonda, Vada, Aloo Curry, Masala Dosa","South Indian"
11361,"Idli, Coffee, Masala Dosa, Fruit Juices, Vada, Thali, Manchurian","South Indian, North Indian, Chinese"
11362,"\N","Mithai, Bakery"
11363,"\N","North Indian, Chinese, Pizza, Burger"
11364,"Pasta, Burgers, Sandwiches","Juices, Fast Food"
11365,"Naan, Panneer Butter Masala, Butter Chicken, Chicken Tikka, Biryani, Roti","North Indian, Chinese"
11366,"Beef Nachos","Continental, North Indian, Chinese, Modern Indian, Asian"
11367,"Cocktails, Brownie, Verdure Pizza, Veg Bao, Fish, Mai Thai, Spaghetti","Continental, Finger Food, Pizza, North Indian, Bar Food"
11368,"Waffles","Desserts, Fast Food"
11369,"\N","North Indian, South Indian, Seafood"
11370,"Schezwan Chicken, Butter Chicken, Beer, Onion Pakoda, Tandoori Chicken, Dal Makhani, Lemon Chicken","North Indian, Chinese"
11371,"Prompt Service","North Indian, Chinese, Andhra"
11372,"Aloo Paratha, Roti, Butter Chicken","North Indian, Chinese"
11373,"Pongal","South Indian, North Indian, Chinese, Street Food, Fast Food"
11374,"Biryani, Buttermilk, Mutton Fry, Mutton Curry, Thali","Maharashtrian, North Indian"
11375,"Dal Fry, Chilli Paneer, Aloo Paratha, Dal Tadka","North Indian, Chinese"
11376,"Hot Chocolate Fudge","Desserts, Beverages"
11377,"Brain Fry, Butter Chicken, Chicken Manchurian, Mutton Biryani, Chicken Tikka Masala, Chilli Chicken, Shaadi Ki Biryani","North Indian, Mughlai, South Indian, Chinese"
11378,"\N","Biryani, North Indian, Italian, Chinese, Sandwich, Desserts"
11379,"\N","Oriya, Bengali, North Indian, South Indian"
11380,"\N","Korean, Sushi"
11381,"Mysore Pak, Ladoo, Rasgulla","Mithai, Street Food"
11382,"Mocktails, Cocktails, Rabri, Salads, Malpua, Biryani, Salad","Continental, Finger Food"
11383,"Lassi, Faluda","Beverages, Juices, Ice Cream"
11384,"Set Dosa, Thali, Rava Masala Dosa","South Indian, Chinese, North Indian, Street Food"
11385,"\N","Steak, Beverages"
11386,"Cup Cake, Almond Pie, Chicken Delight, Apple Pie, Chicken Quiche","Bakery, Desserts, Sandwich"
11387,"Momos, Chicken Lollipop, Chicken Momo, Noodles, Chicken Thukpa","Chinese"
11388,"Sea Food, Craft Beer, Cocktails, Tempura Prawns, Dahi Ke Kebab, Tandoori Platter, Pasta","Continental, Italian, North Indian"
11389,"\N","Bakery, Salad"
11390,"Cocktails, Butter Chicken, Dahi Kebab, Rajma Chawal, Craft Beer, Teriyaki Fish, Buffalo Wings","Continental, North Indian, Italian, South Indian, Finger Food"
11391,"Chicken Biryani","Biryani, Andhra, North Indian, Chinese"
11392,"Chicken Biryani, Aloo Paratha","Biryani, North Indian"
11393,"Kadhai Murgh, Lassi, Rabri, Mutton Biryani, Malpua, Chaat, Dal Makhani","North Indian, Maharashtrian, South Indian"
11394,"Tacos, Nachos, Pizza, Mexican Fries","Mexican, American, Fast Food"
11395,"Momos, Chilli Chicken, Sweet Corn Chicken Soup, Wonton Soup, Crispy Noodle, Egg Noodles, Chicken Garlic Noodle","Chinese, Thai"
11396,"Ice Cream Sundae, Fruit Salad, Hot Chocolate Fudge, Brownie, Chocolate Mousse, Chocolate Icecreams, Almond Fudge","Ice Cream, Desserts"
11397,"Vada Pav, Dabeli, Pav Bhaji, Chaat, Misal Pav, Bread Pakora, Jumbo Vada Pavs","Fast Food"
11398,"\N","Cafe, Pizza, Italian, Sandwich"
11399,"Chicken Biryani, Buttermilk","Andhra, North Indian"
11400,"Kulcha, Chole Bhature, Chaat, Paneer Tikka Masala, Coffee","South Indian, North Indian, Chinese"
11401,"Rolls, Ice Cream Roll, Paan Ice Cream, Coffee, Vanilla Ice Cream, Chocolate Icecreams, Mississippi Mudpie","Desserts, Ice Cream, Beverages, Fast Food, Sandwich"
11402,"Biryani, Momos, Rolls","Chinese, Rolls, Biryani, Momos"
11403,"Buddha Bowl, Chicken Curry, Brownie, Chole, Veg Thali, Idli, Raita","Healthy Food, North Indian, Biryani, Continental, Sandwich, Desserts"
11404,"Shawarma, Chicken Masala, Chicken Shawarama, Chicken Curry, Hot Wings, Butter Naan, Roti","Arabian, North Indian, Seafood, Chinese, Biryani"
11405,"\N","North Indian, Gujarati, Rajasthani"
11406,"Raita, Chicken Biryani, Mutton Biryani, Vegetable Biryani, Chicken Curry, Prawn, Gulab Jamun","Biryani, Andhra, North Indian, Chinese"
11407,"Chaat, Gulab Jamun, Panipuri, Samosa, Dhokla, Thali, Kachori","Street Food, North Indian"
11408,"Tea, Filter Coffee, Pongal, Masala Dosa","South Indian, North Indian, Chinese, Street Food"
11409,"Lime Soda, Crispy Chicken, Kung Pao Chicken, Hakka Noodles, Veg Manchow Soup, Clear Soup, Singapore Noodles","Chinese, Seafood"
11410,"Rolls, Beef Kabab, Seekh Kebab, Seekh Roll","North Indian, Rolls"
11411,"Lassi, Vada Pav, Chole Bhature, Thali","North Indian, Chinese, Street Food"
11412,"Baklava, Chocolate Mousse, Fruit Custard, Cup Cake, Fruit Tart, Brownie, Blueberry Mousse","Cafe, Bakery"
11413,"Potato Fries, Imli, Missi Rotis, Jalebi, Chaat, Shikanji, Ginger Tea","North Indian, Street Food"
11414,"Pasta, Burgers, Wings, Fries","Fast Food, Beverages"
11415,"Palak Paneer, Chicken Biryani, Vegetable Biryani, Egg Bhurji, Aloo Paratha, Oregano Chicken, Raita","North Indian, Chinese"
11416,"Kachori, Tea, Badam Milk, Lassi, Chaat, Paratha, Rabri","Street Food, Mithai, Desserts, North Indian"
11417,"Coffee, Vada, Rava Masala Dosa, Upma","South Indian"
11418,"Tandoori Chicken, Galauti Kebab, Mughlai Paratha, Kheer, Mutton Biryani, Rolls, Rumali Roti","North Indian, Rolls, Kebab"
11419,"Panner Tikka, Gajar Ka Halwa, Chicken Biryani, Thali, Lunch Buffet, Raita, Tandoori Aloo","North Indian, Chinese, Continental"
11420,"Biryani, Murgh Lababdar, Thali","North Indian, Chinese"
11421,"\N","Desserts, Fast Food, Continental"
11422,"Friendly Staff","Ice Cream, Desserts"
11423,"Biryani","South Indian, North Indian, Chinese, Street Food, Beverages"
11424,"Momos, Noodles, Pork Momo, Chilli Chicken, Bbq Pork Ribs","Chinese, Momos"
11425,"Biryani, Appam, Chicken Curry","Kerala, Fast Food, Beverages"
11426,"Fish Curry, Buttermilk, Appam, Neer Dosa, Chicken Stew, Chicken Curry, Egg Roast","Kerala, Seafood, South Indian, North Indian, Chinese"
11427,"Lassi, Mushroom Masala, Chaach, Aloo Paratha, Chole Kulcha, Kadai Paneer, Buttermilk","North Indian"
11428,"Chicken Dim Sum, Pad Thai Noodle, Jumbo Prawns, Cocktails, Prawn Sushi, Treasure Soup, Chocolate Roll","Asian, Chinese, Thai, Momos"
11429,"Mai Thai, Sangria, Cocktails, Pizza, Biryani, Beer, Chicken Nachos","American, North Indian, Pizza, Finger Food, Continental, Italian"
11430,"Peri Peri Fries, Nachos, Pasta, Paratha, Peri Peri Chicken Pizza, Burgers, Noodles","Cafe, Sandwich, Pizza, North Indian, Mexican"
11431,"Wings, Pizza","Continental, BBQ, Steak"
11432,"Rolls, Momos, Fries, Chicken Manchurian Roll","Fast Food, Rolls, Momos"
11433,"Cheese Garlic Naan, Coffee, Corn Soup, Pasta","North Indian, South Indian, Continental"
11434,"Mutton Biryani","North Indian, Kebab, Biryani, Rolls"
11435,"Paratha, Soya Chaap, Lassi, Tandoori Chaap, Malai Chaap, Biryani, Gulab Jamun","North Indian, Rolls"
11436,"Paneer Tikka, Pizza, Chowmein, Mocktails, Tandoori Aloo, Pasta Alfredo, Murgh Patiala","Continental, Mexican, Chinese, North Indian"
11437,"Appam, Roast Chicken, Duck Roast, Vegetable Stew","Kerala, South Indian, North Indian, Chinese"
11438,"Sea Food, Mocktails, Paan Ice Cream, Fish, Chaat, Macaroon, Gulab Jamun","European, Mediterranean, North Indian, BBQ"
11439,"\N","Continental, Asian"
11440,"Pizza Fries, Almond Shake","Fast Food"
11441,"Salads, Sandwiches, Shawarma, Watermelon Juice, Tea, Papaya Juice, Fruit Juices","Beverages, Fast Food"
11442,"\N","North Indian, Chinese, Street Food, Fast Food, Mithai"
11443,"Sea Food, Fish, Prawn Curry, Neer Dosa, Appam, Murgh Ghee Roast, Mutton Curry","Mangalorean, Seafood, North Indian, Chinese"
11444,"Pasta, Sandwich, Sandwiches, Cappuccino, Brownie, Burgers, Hot Chocolate","Cafe"
11445,"Waffles, Hot Chocolate, Fries","Cafe, Sandwich, Fast Food, Beverages, Desserts"
11446,"Chicken Wrap, Rolls, Chicken Overload, Falafel, Paratha, Paneer Wrap, Veggie Wrap","North Indian, Biryani, Fast Food"
11447,"Fish, Mutton Kasha, Mutton Curry, Mutton Kosha, Mutton Thali, Doi Katla, Aalo Bhaja","Bengali, Seafood"
11448,"Mocktails, Masala Pizza, Salad, Cocktails, Wine, Chilli Chicken, Chicken Tikka","Continental, Fast Food, European"
11449,"\N","Continental, Asian, North Indian"
11450,"Masala Dosa, Tea, Vada, Idli, Coffee","South Indian"
11451,"Pasta, Pizza, Salad, Burgers, Fries, Waffles, Sandwiches","European, French, Salad"
11452,"Masala Dosa, Filter Coffee, Vada, Akki Rottis, Rava Dosa","South Indian"
11453,"Khau Suey, Burmese Khao Suey, Hakka Noodles, Chicken Satay, Vietnamese Pho, Momos, Yaki Tori","Asian, Chinese"
11454,"Tea, Chai, Poha","Fast Food, Beverages"
11455,"Dragon Chicken, Noodles","North Indian, Chinese"
11456,"Dal Palak","North Indian, Chinese"
11457,"Cup Cake, Brownie","Bakery, Fast Food"
11458,"Fish, Chicken Curry, Paneer Biryani, Baby Corn Masala","Biryani, Andhra, North Indian, Chinese"
11459,"Paratha, Chaat, Masala Dosa, Pav Bhaji, Tea, Kulcha, Filter Coffee","North Indian, South Indian"
11460,"Burgers, Pizza, Pasta, Chilli Paneer","Fast Food, Burger, Sandwich, Pizza"
11461,"Cocktails, Beer, Mocktails, Biryani, Long Island Iced Tea, Pizza, Drunken Prawn","Continental, Finger Food, Asian, North Indian"
11462,"Paneer Pizza, Onion Rings, Oreo Shake, Peri Peri Chicken Pizza, Maggi, Pasta","Cafe, Continental"
11463,"Katla Kalia, Basanti Pulao, Biryani, Fish Curry, Aloo Posto, Mutton Kosha, Fish Fry","Bengali"
11464,"Noodles, Mocktails, Miso Soup, Chilli Ramen, Chicken Grill, Gyoza, Steamed Rice","Chinese, Asian, Japanese"
11465,"Chocolate Momos, Thukpa, Tandoori Momos, Paneer Momos","Tibetan, Momos"
11466,"Cocktails, Peri Peri Wings, Brownie, Burgers, Mezze Platter, Pizza, Chicken Skewer","Mediterranean, Italian, Asian"
11467,"Panipuri, Paratha, Dhokla, Vada Pav, Hot Badam Milk, Chaat, Thali","Mithai, Street Food"
11468,"Biryani, Shawarma, Kalmi Kabab, Chicken Grill, Chicken Noodle, Chicken Kebab, Chicken Shawarama","Mughlai, Chinese"
11469,"Lassi, Tandoori Chicken, Dal Fry, Palak Paneer, Aloo Paratha, Garlic Naan, Butter Chicken","North Indian, Chinese"
11470,"Paratha, Thali","North Indian, Chinese, Beverages"
11471,"Pepperoni Pizza","Italian, Pizza"
11472,"Cocktails, Badam Milk, Mutton Liver Fry, Neer Dosa, Paan Mojito, Veg Thali, Mocktails","Seafood, South Indian, Bar Food, Mangalorean, Konkan"
11473,"Masala Dosa, Naan, Vada, Pongal, Grape Juice, Kulcha, Filter Coffee","North Indian, South Indian, Chinese, Juices"
11474,"Biryani, Cocktails, Mocktails, Chilli Chicken, Wheat Beer, Chicken Wings, Devils Chicken","Chinese, Continental, North Indian"
11475,"Belgian Waffles, Belgium Chocolate","Desserts"
11476,"Burgers, Mojito, Sea Food, Hot Dog, Crab Burger, French Fries, Peri Fries","Cafe, Burger, Fast Food"
11477,"\N","North Indian, Biryani, Lucknowi"
11478,"Neer Dosa, Butter Naan, Chicken Curry, Butter Chicken, Panneer Butter Masala, Dal Tadka, Biryani","North Indian, Chinese, Seafood, Mangalorean"
11479,"\N","North Indian, Street Food, Mithai"
11480,"Coffee, Chai, Idli, Pav Bhaji, Vada, Tea, Masala Dosa","South Indian, North Indian, Chinese, Street Food"
11481,"Thali, Misal Pav, Chicken Chatpata, Shrikhand, Egg Curry, Puran Poli, Vada","Maharashtrian, Seafood"
11482,"Dal Makhani, Butter Chicken, Reshmi Kebab, Shahi Paneer, Butter Naan, Shahi Tukda, Chilli Chicken","North Indian"
11483,"Thali, Lassi, Dal Bati Churma, Paratha, Buttermilk, Paneer Malai Kofta, Dal Tadka","North Indian, Chinese, Rajasthani"
11484,"Thali, Jowar Roti, Brinjal Curry, Coffee, Buttermilk, Salad, Akki Rottis","North Indian, South Indian, Chinese"
11485,"Mushroom Soup, Faluda, Paratha, Banana Fritters, Fruit Juices, Kerala Parotta, Murgh Ghee Roast","Kerala"
11486,"Hyderabadi Biryani, Mutton Biryani","North Indian, Chinese, Biryani"
11487,"\N","Salad, Sandwich"
11488,"\N","Continental, Seafood, Biryani, Desserts, North Indian, Chinese, Bakery, Kebab"
11489,"Wheat Beer, Tiramisu, Lager, Rustica Pizza, Paneer Lollipop, Chicken Peri Peri Kebab, Nachos","Finger Food, North Indian, Continental"
11490,"Chips, Ferrero Rocher, Vanilla Ice Cream","Beverages, Desserts"
11491,"Panipuri, Cheesecake, Guava Ice Cream, Almond Ice Cream","Ice Cream, Desserts"
11492,"\N","Biryani, North Indian, South Indian, Fast Food"
11493,"\N","Tamil, South Indian"
11494,"Coffee, Roti, Masala Dosa","South Indian, North Indian, Chinese, Street Food"
11495,"\N","Mughlai, Biryani, Rolls"
11496,"Burgers, Cheesecake","Bakery"
11497,"Latte, Sandwich, Pizza, Falafel, Pasta, Choco Brownie Shake, Waffles","Cafe, Continental, Beverages, Desserts"
11498,"Pizza, Risotto, Aglio Olio Pasta, Pasta Barbaresca","Italian, Pizza"
11499,"Waffles, Vanilla Ice Cream, Brownie, Nutella Waffle, Velvet Crunch, Belgian Chocolate Waffle","Desserts"
11500,"Momos, Hakka Noodles, Nasi Goreng, Dragon Prawn, American Chopsuey, Garlic Butter Noodle","Chinese, Thai, Momos"
11501,"Wine, Panna Cotta, Phad Thai, Fish, Salad, Salads, Vegetarian","Continental, Thai, Malaysian, Burmese, Korean, Vietnamese, Chinese, North Indian"
11502,"Cocktails, Mushroom Pizza, Pork Ribs, Mocktails, Nachos, Sea Food, Long Island Iced Tea","Continental, American, Asian, North Indian, Burger"
11503,"Momos, Thick Shakes, Peri Peri Fries, Burgers, Hot Chocolate, Sandwich, Virgin Mojito","Beverages, Fast Food"
11504,"Chicken Tikka Masala, Mutton Keema Dosa, Mutton Biryani, Raan Biryani, Brain Fry, Chicken Grill, Ghee Rice","North Indian, Mughlai, South Indian, Chinese"
11505,"Tai Pai Chicken, Momos, Kimchi, Veg Hakka Noodles, Dumplings, Vanilla Ice Cream, Spring Roll","Chinese, Momos"
11506,"Masala Dosa, Handi Biryani, Maddur Vada, Filter Coffee, Goli Bajji, Kesari Bath, Rava Idli","South Indian, North Indian, Chinese"
11507,"Tea, Chocolate Cookies, Ginger Chai, Masala Chai, Poori Bhaji, Sulemani Chai, Sandwich","Fast Food, Tea, Beverages"
11508,"Veggie Pizza, Garlic Bread, Cheesy Pizza, Chicken Pizza, Thin Crust Pizza, Chocolava","Pizza"
11509,"Momos, Shawarma, Noodles, Burgers, Pepper Baby Corn, Rolls, Fries","Chinese, North Indian, Fast Food"
11510,"\N","Chinese, South Indian, Biryani"
11511,"Noodles, Chowmein, Chicken Lollipop, Manchow Soup","Chinese, Thai, Momos, Vietnamese"
11512,"\N","South Indian, North Indian, Chinese, Kerala"
11513,"Masala Dosa, Caramel Coffee, Filter Coffee, Vada","South Indian"
11514,"Kurkure Pizza, Garlic Bread, Pasta, Masala Lemonade, Chicken Wings, Double Trouble, Veggie Pizza","Pizza, Fast Food"
11515,"\N","Pizza, Fast Food, American, Italian"
11516,"Chicken Tikka, Cheesy Garlic Bread, Bbq Chicken Pizza, House Pizza","Pizza"
11517,"\N","North Indian, Kerala, South Indian"
11518,"Thali, Rabri, Dal Kichadi, Buttermilk, Masala Chaach, Pav Bhaji, Raita","North Indian, Chinese, Street Food, Beverages"
11519,"\N","Chinese, North Indian, South Indian, Fast Food"
11520,"Hot Chocolate Fudge","Ice Cream"
11521,"Hyderabadi Biryani, Mutton Biryani, Chicken Biryani, Vegetable Biryani, Faluda, Kalmi Kabab, Chicken Kebab","Biryani, North Indian, Kebab"
11522,"Chicken Curry, Akki Rottis, Pork Curry, Chilli Pork, Roti, Neer Dosa","South Indian"
11523,"\N","Chinese, Finger Food"
11524,"Tomato Soup, Biryani, Dal Maharaja, Shikanji, Garlic Naan, Paratha","North Indian, Biryani"
11525,"Coffee, Burgers, Croissants, Pasta, Cheesecake, Sandwich, Spaghetti","Cafe, Desserts"
